Date,Return
2007-01-22,0.042286385
2007-01-23,0.0066267964
2007-01-24,0.009120084
2007-01-25,-0.04027961
2007-01-26,0.00568267
2007-01-29,0.032745525
2007-01-30,-0.0011736221
2007-01-31,-0.04376198
2007-02-01,0.007314623
2007-02-02,-0.016264448
2007-02-05,0.010456431
2007-02-06,0.02286757
2007-02-07,0.015857844
2007-02-08,0.019157954
2007-02-09,0.0027909696
2007-02-12,0.024169862
2007-02-13,0.017876618
2007-02-14,0.021926634
2007-02-15,0.029641593
2007-02-16,0.0119360965
2007-02-26,0.040731575
2007-02-27,-0.079404905
2007-02-28,0.044700794
2007-03-01,-0.017109556
2007-03-02,0.017665457
2007-03-05,0.0013148112
2007-03-06,0.0032359709
2007-03-07,0.022758504
2007-03-08,0.02068511
2007-03-09,0.0018035527
2007-03-12,0.02251106
2007-03-13,0.015202524
2007-03-14,-0.003755135
2007-03-15,0.020174665
2007-03-16,-0.017679073
2007-03-19,0.012071849
2007-03-20,0.023089215
2007-03-21,0.018904088
2007-03-22,0.006523322
2007-03-23,0.012939715
2007-03-26,0.025116079
2007-03-27,0.014583249
2007-03-28,-0.0099476455
2007-03-29,-0.021137213
2007-03-30,0.009457312
2007-04-02,0.022863293
2007-04-03,0.015318127
2007-04-04,0.010681213
2007-04-05,0.016748743
2007-04-06,0.013811843
2007-04-09,0.016946992
2007-04-10,0.0076319403
2007-04-11,0.012481438
2007-04-12,0.022632016
2007-04-13,0.009423039
2007-04-16,0.02955489
2007-04-17,0.030022226
2007-04-18,0.023997722
2007-04-19,-0.04796342
2007-04-20,0.047852747
2007-04-23,0.04063713
2007-04-24,0.007388783
2007-04-25,-0.000373611
2007-04-26,0.013415742
2007-04-27,-0.0028748827
2007-04-30,0.016176485
2007-05-03,0.0
2007-05-04,0.0
2007-05-08,0.04080298
2007-05-09,0.0037902477
2007-05-10,0.011250492
2007-05-11,-0.0014058725
2007-05-14,0.007375994
2007-05-15,-0.026413297
2007-05-16,0.02574077
2007-05-17,0.025452474
2007-05-18,0.007936431
2007-05-21,0.027032398
2007-05-22,0.020960458
2007-05-23,0.025764994
2007-05-24,-0.0051223026
2007-05-25,0.014872437
2007-05-28,0.021600386
2007-05-29,0.015213653
2007-05-30,-0.074790366
2007-05-31,-0.04006793
2007-06-01,-0.06415649
2007-06-04,-0.078414
2007-06-05,0.0068463325
2007-06-06,0.012777179
2007-06-07,0.043318506
2007-06-08,0.017385151
2007-06-11,0.018177373
2007-06-12,0.021717198
2007-06-13,0.036975566
2007-06-14,-0.012702162
2007-06-15,-0.0017612813
2007-06-18,0.028468987
2007-06-19,0.017068883
2007-06-20,-0.023718258
2007-06-21,-0.00345215
2007-06-22,-0.052941315
2007-06-25,-0.06180816
2007-06-26,0.014630512
2007-06-27,0.021144014
2007-06-28,-0.05965905
2007-06-29,-0.04119582
2007-07-02,0.014583675
2007-07-03,0.013656791
2007-07-04,-0.023221578
2007-07-05,-0.055154875
2007-07-06,0.054986548
2007-07-09,0.029847132
2007-07-10,-0.026088579
2007-07-11,0.01154264
2007-07-12,0.0076211635
2007-07-13,-0.0024481362
2007-07-16,-0.029271618
2007-07-17,0.019267417
2007-07-18,0.0017869971
2007-07-19,0.007838606
2007-07-20,0.033825204
2007-07-23,0.049759064
2007-07-24,0.0010250516
2007-07-25,0.027498657
2007-07-26,0.01992159
2007-07-27,0.019148163
2007-07-30,0.021343317
2007-07-31,0.01355893
2007-08-01,-0.04881528
2007-08-02,0.03358611
2007-08-03,0.013292294
2007-08-06,0.019710816
2007-08-07,-0.0027536324
2007-08-08,-0.013172396
2007-08-09,0.009478201
2007-08-10,-0.018958505
2007-08-13,-0.0016282289
2007-08-14,0.02479582
2007-08-15,-0.0027423892
2007-08-16,0.0064408374
2007-08-17,-0.0070201578
2007-08-20,0.03631159
2007-08-21,0.009949474
2007-08-22,0.013140107
2007-08-23,0.011559566
2007-08-24,0.0057734996
2007-08-27,0.0022537643
2007-08-28,-0.00010858646
2007-08-29,-0.0075325477
2007-08-30,0.03149961
2007-08-31,0.011925354
2007-09-03,0.023693582
2007-09-04,-0.006836837
2007-09-05,0.008651547
2007-09-06,0.010426586
2007-09-07,-0.020160692
2007-09-10,0.019686015
2007-09-11,-0.055971965
2007-09-12,0.008691464
2007-09-13,0.018154735
2007-09-14,0.015292124
2007-09-17,0.021147678
2007-09-18,0.005792559
2007-09-19,-0.011703605
2007-09-20,0.012344234
2007-09-21,-0.0078978455
2007-09-24,0.0034029179
2007-09-25,-0.008864669
2007-09-26,-0.013087874
2007-09-27,0.008544704
2007-09-28,0.020294808
2007-10-08,-0.0017698267
2007-10-09,0.008451762
2007-10-10,-0.0063282847
2007-10-11,-0.01603984
2007-10-12,-0.022643771
2007-10-15,0.0024037044
2007-10-16,0.012745314
2007-10-17,0.00047880624
2007-10-18,-0.019884707
2007-10-19,-0.003470407
2007-10-22,-0.025515234
2007-10-23,-0.00029677604
2007-10-24,-0.018978942
2007-10-25,-0.06725965
2007-10-26,0.0017678923
2007-10-29,0.013365742
2007-10-30,0.024691194
2007-10-31,0.035173584
2007-11-01,-0.025903905
2007-11-02,-0.019189944
2007-11-05,0.011315886
2007-11-06,0.007020786
2007-11-07,-0.002090055
2007-11-08,-0.03502909
2007-11-09,-0.009630618
2007-11-12,-0.013832851
2007-11-13,0.00571817
2007-11-14,0.033196382
2007-11-15,-0.011737512
2007-11-16,0.0016303655
2007-11-19,0.024567973
2007-11-20,0.0130981505
2007-11-21,-0.01231408
2007-11-22,-0.041139595
2007-11-23,0.018057592
2007-11-26,-0.0063561136
2007-11-27,-0.0077432618
2007-11-28,-0.0041745137
2007-11-29,0.023750242
2007-11-30,-0.012427202
2007-12-03,0.010034453
2007-12-04,0.004151425
2007-12-05,0.017096255
2007-12-06,0.0053001
2007-12-07,0.016469873
2007-12-10,0.02472575
2007-12-11,0.0116142435
2007-12-12,0.0045988234
2007-12-13,-0.02840787
2007-12-14,0.020919835
2007-12-17,0.0015418256
2007-12-18,-0.008703017
2007-12-19,0.020315615
2007-12-20,0.011551307
2007-12-21,0.013956179
2007-12-24,0.014662585
2007-12-25,0.009535653
2007-12-26,0.017664377
2007-12-27,0.012668968
2007-12-28,-0.0021399744
2008-01-02,0.029693924
2008-01-03,0.020214697
2008-01-04,0.0040085544
2008-01-07,0.017403001
2008-01-08,-0.023075344
2008-01-09,0.02675711
2008-01-10,0.0053363694
2008-01-11,-0.0024619214
2008-01-14,0.013280522
2008-01-15,0.008300042
2008-01-16,-0.012283461
2008-01-17,-0.022142867
2008-01-18,0.007829296
2008-01-21,-0.040099114
2008-01-22,-0.07790968
2008-01-23,0.041521635
2008-01-24,0.027798664
2008-01-25,0.0023361412
2008-01-28,-0.06525468
2008-01-29,0.014192613
2008-01-30,0.0045085866
2008-01-31,-0.031613145
2008-02-01,-0.040524922
2008-02-04,0.074784644
2008-02-05,0.004432945
2008-02-13,-0.0042770505
2008-02-14,0.0192377
2008-02-15,-0.0051181796
2008-02-18,0.026942607
2008-02-19,0.018351771
2008-02-20,-0.008443965
2008-02-21,0.010857318
2008-02-22,-0.020590225
2008-02-25,-0.031890962
2008-02-26,0.0023651023
2008-02-27,0.023510678
2008-02-28,0.0037626163
2008-02-29,0.013161651
2008-03-03,0.030378977
2008-03-04,-0.0057847057
2008-03-05,0.0061189383
2008-03-06,0.00531473
2008-03-07,-0.017979585
2008-03-10,-0.030868523
2008-03-11,0.012470636
2008-03-12,-0.022695754
2008-03-13,-0.03497298
2008-03-14,-0.0073022656
2008-03-17,-0.06952477
2008-03-18,-0.066807166
2008-03-19,0.038438078
2008-03-20,0.03441254
2008-03-21,0.012354301
2008-03-24,-0.020800075
2008-03-25,0.013329324
2008-03-26,-0.0028376072
2008-03-27,-0.0500088
2008-03-28,0.026741875
2008-03-31,-0.042960644
2008-04-01,-0.07556283
2008-04-02,-0.051034108
2008-04-03,0.020824425
2008-04-07,0.058606066
2008-04-08,0.020529637
2008-04-09,-0.051404655
2008-04-10,0.024136132
2008-04-11,0.015129343
2008-04-14,-0.048406582
2008-04-15,0.025731975
2008-04-16,-0.023485074
2008-04-17,-0.035833057
2008-04-18,-0.04807222
2008-04-21,-0.00737833
2008-04-22,-0.014688024
2008-04-23,0.04220231
2008-04-24,0.08415961
2008-04-25,0.009305835
2008-04-28,-0.006133304
2008-04-29,0.011634082
2008-04-30,0.035953388
2008-05-05,0.0321928
2008-05-06,-0.0032526678
2008-05-07,-0.03882296
2008-05-08,0.030108994
2008-05-09,-0.00015230934
2008-05-12,0.018316079
2008-05-13,0.0018774574
2008-05-14,0.023008782
2008-05-15,-0.005716363
2008-05-16,-0.010845358
2008-05-19,0.0009531915
2008-05-20,-0.055235375
2008-05-21,0.021300098
2008-05-22,-0.008409099
2008-05-23,-0.009341936
2008-05-26,-0.027417399
2008-05-27,0.005222724
2008-05-28,0.024728088
2008-05-29,-0.022173548
2008-05-30,0.0037249683
2008-06-02,0.008373422
2008-06-03,-0.0035335126
2008-06-04,-0.015549259
2008-06-05,-0.0073943487
2008-06-06,-0.006636804
2008-06-10,-0.081250854
2008-06-11,-0.02744828
2008-06-12,-0.009866079
2008-06-13,-0.042539176
2008-06-16,-0.020425908
2008-06-17,-0.055600163
2008-06-18,0.050681446
2008-06-19,-0.07864303
2008-06-20,0.016328214
2008-06-23,-0.017569868
2008-06-24,0.02784657
2008-06-25,0.052258004
2008-06-26,0.01257835
2008-06-27,-0.06457991
2008-06-30,0.00049809535
2008-07-01,-0.020811217
2008-07-02,0.014609516
2008-07-03,0.03865898
2008-07-04,-1.0112794e-06
2008-07-07,0.050120093
2008-07-08,0.017707082
2008-07-09,0.028772414
2008-07-10,-0.017646581
2008-07-11,-0.0068601365
2008-07-14,0.019995209
2008-07-15,-0.026891524
2008-07-16,-0.046751402
2008-07-17,-0.009599334
2008-07-18,0.032135967
2008-07-21,0.039023265
2008-07-22,0.005565696
2008-07-23,-0.0055804737
2008-07-24,0.02482237
2008-07-25,-0.0064406353
2008-07-28,0.0149312755
2008-07-29,-0.016469587
2008-07-30,-0.0029669905
2008-07-31,-0.03431807
2008-08-01,0.01360674
2008-08-04,-0.022725057
2008-08-05,-0.027257709
2008-08-06,0.001561418
2008-08-07,0.0062165037
2008-08-08,-0.0672693
2008-08-11,-0.07408681
2008-08-12,-0.015436028
2008-08-13,-0.0019537553
2008-08-14,0.005633391
2008-08-15,-0.0008210666
2008-08-18,-0.06928382
2008-08-19,0.014990754
2008-08-20,0.077459484
2008-08-21,-0.03254407
2008-08-22,-0.015647257
2008-08-25,-0.00035392007
2008-08-26,-0.050756406
2008-08-27,-5.6488007e-05
2008-08-28,-0.00023378019
2008-08-29,0.029971674
2008-09-01,-0.026645213
2008-09-02,0.00640077
2008-09-03,-0.0040009785
2008-09-04,0.0061764466
2008-09-05,-0.04532514
2008-09-08,-0.04578634
2008-09-09,0.007750588
2008-09-10,0.0076089785
2008-09-11,-0.02144464
2008-09-12,-0.00050718733
2008-09-16,-0.022972226
2008-09-17,-0.018174201
2008-09-18,-0.02914266
2008-09-19,0.09030024
2008-09-22,0.044616874
2008-09-23,-0.059182923
2008-09-24,0.01851652
2008-09-25,0.025013482
2008-09-26,0.0034507737
2008-10-06,-0.03609558
2008-10-07,-0.0020576494
2008-10-08,-0.022859126
2008-10-09,-0.011252465
2008-10-10,-0.062558345
2008-10-13,0.018250555
2008-10-14,-0.025809275
2008-10-15,-0.0060536736
2008-10-16,-0.054376792
2008-10-17,0.011485194
2008-10-20,0.03164207
2008-10-21,0.00042969405
2008-10-22,-0.017349537
2008-10-23,0.007764884
2008-10-24,-0.0142232
2008-10-27,-0.07313313
2008-10-28,0.020858774
2008-10-29,-0.03528753
2008-10-30,0.00801045
2008-10-31,-0.01790004
2008-11-03,-0.012515409
2008-11-04,-0.014833541
2008-11-05,0.033130493
2008-11-06,-0.016236506
2008-11-07,0.016471447
2008-11-10,0.07042154
2008-11-11,-0.005876825
2008-11-12,0.02489487
2008-11-13,0.043879326
2008-11-14,0.045911722
2008-11-17,0.044700857
2008-11-18,-0.07062292
2008-11-19,0.06458974
2008-11-20,0.0025645066
2008-11-21,-0.011979997
2008-11-24,-0.037558544
2008-11-25,-0.005663661
2008-11-26,0.0057049785
2008-11-27,0.013282279
2008-11-28,-0.010260957
2008-12-01,0.039971087
2008-12-02,0.01703163
2008-12-03,0.039931465
2008-12-04,0.0017189365
2008-12-05,0.025621204
2008-12-08,0.042685248
2008-12-09,-0.020833822
2008-12-10,0.029019186
2008-12-11,-0.02477689
2008-12-12,-0.042905957
2008-12-15,0.01515761
2008-12-16,0.015021128
2008-12-17,0.012777205
2008-12-18,0.017090661
2008-12-19,0.009038247
2008-12-22,0.00013148386
2008-12-23,-0.058329068
2008-12-24,-0.019924527
2008-12-25,-0.0027264217
2008-12-26,-0.0072026406
2008-12-29,-0.0024660572
2008-12-30,-0.007778723
2008-12-31,-0.016544186
2009-01-05,0.04107474
2009-01-06,0.03495987
2009-01-07,0.0055051264
2009-01-08,-0.022194859
2009-01-09,0.025431825
2009-01-12,0.013632299
2009-01-13,-0.0236875
2009-01-14,0.036677822
2009-01-15,0.010388455
2009-01-16,0.008131998
2009-01-19,0.00065277313
2009-01-20,0.009066718
2009-01-21,0.0003796433
2009-01-22,0.016411388
2009-01-23,-0.005618941
2009-02-02,0.02907511
2009-02-03,0.028757207
2009-02-04,0.021637639
2009-02-05,-0.011614531
2009-02-06,0.043783166
2009-02-09,0.03081709
2009-02-10,0.026636416
2009-02-11,0.0034894692
2009-02-12,0.016333537
2009-02-13,0.035804108
2009-02-16,0.01909013
2009-02-17,-0.035611283
2009-02-18,-0.037445985
2009-02-19,0.01807731
2009-02-20,0.03117897
2009-02-23,0.03344089
2009-02-24,-0.036700867
2009-02-25,0.006666448
2009-02-26,-0.06401246
2009-02-27,-0.05609316
2009-03-02,0.02210032
2009-03-03,0.0060276734
2009-03-04,0.059189945
2009-03-05,0.010238042
2009-03-06,-0.0048268638
2009-03-09,-0.04179879
2009-03-10,0.024949918
2009-03-11,-0.0032238192
2009-03-12,0.003602686
2009-03-13,-0.008615983
2009-03-16,0.0143117355
2009-03-17,0.035041224
2009-03-18,0.010507472
2009-03-19,0.022450216
2009-03-20,-0.002745396
2009-03-23,0.020560073
2009-03-24,0.0073196976
2009-03-25,-0.021039441
2009-03-26,0.02552508
2009-03-27,0.010317502
2009-03-30,0.003906879
2009-03-31,0.008665166
2009-04-01,0.016635748
2009-04-02,0.00018328069
2009-04-03,-0.009570878
2009-04-07,0.0119161615
2009-04-08,-0.02897984
2009-04-09,0.020352837
2009-04-10,0.03009151
2009-04-13,0.013685931
2009-04-14,0.014837355
2009-04-15,0.013465721
2009-04-16,0.006596201
2009-04-17,-0.0027087764
2009-04-20,0.026385225
2009-04-21,0.00050693617
2009-04-22,-0.043646548
2009-04-23,0.0038887372
2009-04-24,-0.0076168315
2009-04-27,-0.037319254
2009-04-28,0.010288803
2009-04-29,0.024851818
2009-04-30,0.012923961
2009-05-04,0.032517295
2009-05-05,0.011646188
2009-05-06,0.015215711
2009-05-07,-0.005096115
2009-05-08,0.005157718
2009-05-11,-0.0331502
2009-05-12,0.02163329
2009-05-13,0.009110304
2009-05-14,0.003725279
2009-05-15,0.0069222986
2009-05-18,0.008403747
2009-05-19,0.009551219
2009-05-20,-0.00566994
2009-05-21,-0.019033808
2009-05-22,0.0011374187
2009-05-25,0.001840376
2009-05-26,0.0025529123
2009-05-27,0.0021191952
2009-06-01,0.016625537
2009-06-02,0.0056446614
2009-06-03,0.009615078
2009-06-04,-0.0008299024
2009-06-05,0.019810658
2009-06-08,0.0017285388
2009-06-09,0.0069833496
2009-06-10,0.011713498
2009-06-11,-0.005319468
2009-06-12,-0.01974838
2009-06-15,0.015029833
2009-06-16,-0.0016502569
2009-06-17,0.013709959
2009-06-18,0.006087922
2009-06-19,0.0020084276
2009-06-22,-0.0067984676
2009-06-23,-0.0019434397
2009-06-24,0.012046055
2009-06-25,-0.0004624016
2009-06-26,0.0049908524
2009-06-29,0.0077758916
2009-06-30,-0.0074354173
2009-07-01,0.010740123
2009-07-02,0.009463882
2009-07-03,0.009921948
2009-07-06,0.004203681
2009-07-07,0.0022336594
2009-07-08,0.011431081
2009-07-09,0.018775204
2009-07-10,0.0053081554
2009-07-13,0.008235282
2009-07-14,0.016156182
2009-07-15,0.010000772
2009-07-16,-0.0041382713
2009-07-17,0.007863906
2009-07-20,0.017964212
2009-07-21,-0.021301227
2009-07-22,0.016259829
2009-07-23,0.009655146
2009-07-24,-0.004821826
2009-07-27,0.01792442
2009-07-28,0.012014983
2009-07-29,-0.056858655
2009-07-30,0.0069725406
2009-07-31,0.0307053
2009-08-03,0.02110395
2009-08-04,0.009594442
2009-08-05,0.0015073081
2009-08-06,-0.013727876
2009-08-07,-0.02656044
2009-08-10,0.0081361355
2009-08-11,0.0062715234
2009-08-12,-0.045584723
2009-08-13,0.0011214064
2009-08-14,-0.043609276
2009-08-17,-0.06347738
2009-08-18,0.015317608
2009-08-19,-0.0477337
2009-08-20,0.036547087
2009-08-21,0.027008329
2009-08-24,0.020985018
2009-08-25,-0.014920042
2009-08-26,0.031131666
2009-08-27,0.010805667
2009-08-28,-0.02592121
2009-08-31,-0.06525324
2009-09-01,-0.008144656
2009-09-02,0.005364592
2009-09-03,0.046928193
2009-09-04,0.017016556
2009-09-07,0.011393087
2009-09-08,0.01695787
2009-09-09,0.0054704896
2009-09-10,-0.008813147
2009-09-11,0.027964953
2009-09-14,0.024596637
2009-09-15,0.009676542
2009-09-16,0.00076452317
2009-09-17,0.022522615
2009-09-18,-0.030268688
2009-09-21,0.013187693
2009-09-22,-0.02292037
2009-09-23,-0.026878063
2009-09-24,-0.0059778024
2009-09-25,-0.008063812
2009-09-28,-0.028357944
2009-09-29,-0.020221617
2009-09-30,0.009095095
2009-10-09,0.048220206
2009-10-12,0.005658938
2009-10-13,0.016343657
2009-10-14,0.010259179
2009-10-15,0.0040388317
2009-10-16,0.0037518912
2009-10-19,0.023184614
2009-10-20,0.013632178
2009-10-21,-0.005942612
2009-10-22,0.0024042148
2009-10-23,0.013063998
2009-10-26,0.0014883345
2009-10-27,-0.025704727
2009-10-28,0.0111434525
2009-10-29,-0.01962542
2009-10-30,0.012227787
2009-11-02,0.030019728
2009-11-03,0.021595333
2009-11-04,0.0075621563
2009-11-05,0.00981612
2009-11-06,0.0053797523
2009-11-09,0.009193567
2009-11-10,0.0016272445
2009-11-11,0.004879227
2009-11-12,0.0049296087
2009-11-13,0.011379359
2009-11-16,0.021803916
2009-11-17,0.004899063
2009-11-18,0.0058380403
2009-11-19,0.0154179195
2009-11-20,0.007380282
2009-11-23,0.018563855
2009-11-24,-0.049901627
2009-11-25,0.033802316
2009-11-26,-0.038199034
2009-11-27,-0.026832016
2009-11-30,0.041825786
2009-12-01,0.026377361
2009-12-02,0.014505972
2009-12-03,0.00674768
2009-12-04,-0.021228557
2009-12-07,0.016728893
2009-12-08,-0.001821193
2009-12-09,-0.0162913
2009-12-10,0.009140173
2009-12-11,-0.0006891436
2009-12-14,-0.0033622687
2009-12-15,0.002072613
2009-12-16,-0.004431935
2009-12-17,-0.029110128
2009-12-18,-0.035229374
2009-12-21,0.0122386115
2009-12-22,-0.028401665
2009-12-23,0.015366673
2009-12-24,0.03012557
2009-12-25,0.0052361903
2009-12-28,0.01594389
2009-12-29,0.004908342
2009-12-30,-0.002294084
2009-12-31,0.008555128
2010-01-04,0.0018782134
2010-01-05,0.00825781
2010-01-06,-0.0017134057
2010-01-07,-0.019465229
2010-01-08,0.010257354
2010-01-11,0.0045006215
2010-01-12,0.020312352
2010-01-13,-0.011650237
2010-01-14,0.024108948
2010-01-15,0.008244763
2010-01-18,0.016114363
2010-01-19,0.0012525399
2010-01-20,-0.032014824
2010-01-21,0.0053955945
2010-01-22,-0.024534779
2010-01-25,-0.013810184
2010-01-26,-0.0373587
2010-01-27,-0.007952364
2010-01-28,0.012497382
2010-01-29,0.006867873
2010-02-01,-0.01166855
2010-02-02,-0.004483504
2010-02-03,0.018690279
2010-02-04,0.010018545
2010-02-05,-0.018686593
2010-02-08,0.0013509961
2010-02-09,0.0011953772
2010-02-10,0.011812295
2010-02-11,-0.0022723095
2010-02-12,0.014030981
2010-02-22,0.002952981
2010-02-23,0.008890474
2010-02-24,0.02006502
2010-02-25,0.016085256
2010-02-26,0.0020901866
2010-03-01,0.0126313595
2010-03-02,0.0007409357
2010-03-03,0.01250086
2010-03-04,-0.033369478
2010-03-05,0.0038681496
2010-03-08,0.0113748
2010-03-09,0.0015217605
2010-03-10,-0.010305207
2010-03-11,-0.004615658
2010-03-12,-0.01517744
2010-03-15,-0.009021614
2010-03-16,0.009678361
2010-03-17,0.02424778
2010-03-18,0.004273072
2010-03-19,0.008436973
2010-03-22,0.0064865174
2010-03-23,-0.005395018
2010-03-24,0.0029157153
2010-03-25,-0.013837471
2010-03-26,0.013632205
2010-03-29,0.008842097
2010-03-30,0.0045759757
2010-03-31,0.0010032956
2010-04-01,0.015266634
2010-04-02,0.005284044
2010-04-06,0.004031373
2010-04-07,0.0012184992
2010-04-08,-0.0013126328
2010-04-09,0.013394261
2010-04-12,0.0061536264
2010-04-13,-0.010262605
2010-04-14,0.0125569515
2010-04-15,-0.008098875
2010-04-16,-0.003476129
2010-04-19,-0.04421412
2010-04-20,0.007791749
2010-04-21,0.02703641
2010-04-22,0.00082324503
2010-04-23,-0.0073394272
2010-04-26,-0.0020217847
2010-04-27,-0.024199426
2010-04-28,-0.0053602536
2010-04-29,-0.027385203
2010-04-30,-0.025476996
2010-05-04,-0.004865478
2010-05-05,0.025371311
2010-05-06,-0.03211652
2010-05-07,-0.018358614
2010-05-10,-0.010187305
2010-05-11,-0.025541943
2010-05-12,-0.018768467
2010-05-13,0.022989083
2010-05-14,0.0032287654
2010-05-17,-0.062564045
2010-05-18,0.010642251
2010-05-19,-0.0028273223
2010-05-20,-0.018676253
2010-05-21,0.016909407
2010-05-24,0.04349117
2010-05-25,-0.0074705505
2010-05-26,0.0040089707
2010-05-27,0.017795427
2010-05-28,0.0027159217
2010-05-31,-0.030268973
2010-06-01,-0.018353526
2010-06-02,0.014539961
2010-06-03,-0.0076467437
2010-06-04,0.0072823158
2010-06-07,-0.00858995
2010-06-08,0.009909767
2010-06-09,0.025467264
2010-06-10,-0.00027398477
2010-06-11,-0.0031807881
2010-06-15,8.1696344e-05
2010-06-17,-0.007372402
2010-06-18,-0.03567315
2010-06-21,0.027292578
2010-06-22,0.0076997136
2010-06-23,-0.0047595818
2010-06-24,0.00064936106
2010-06-25,-0.014537485
2010-06-28,-0.014800286
2010-06-29,-0.054712057
2010-06-30,-0.022736823
2010-07-01,-0.014265209
2010-07-02,-0.0032294265
2010-07-05,-0.006868634
2010-07-06,0.026772456
2010-07-07,0.012579802
2010-07-08,-0.0033532167
2010-07-09,0.028812977
2010-07-12,0.01257368
2010-07-13,-0.015272848
2010-07-14,0.011633457
2010-07-15,-0.021306448
2010-07-16,0.006364731
2010-07-19,0.022895433
2010-07-20,0.027048588
2010-07-21,0.0030302785
2010-07-22,0.014350043
2010-07-23,0.0009509146
2010-07-26,0.0132046575
2010-07-27,-0.00088702363
2010-07-28,0.021392917
2010-07-29,0.008296316
2010-07-30,0.00017003175
2010-08-02,0.018009081
2010-08-03,-0.01540883
2010-08-04,0.010968808
2010-08-05,0.0025253731
2010-08-06,0.017843712
2010-08-09,0.012141819
2010-08-10,-0.034483004
2010-08-11,0.011092559
2010-08-12,-0.011965945
2010-08-13,0.018824304
2010-08-16,0.021788744
2010-08-17,0.00870691
2010-08-18,-0.0007997558
2010-08-19,0.0025370556
2010-08-20,-0.01958466
2010-08-23,0.008072362
2010-08-24,0.012587377
2010-08-25,-0.01897402
2010-08-26,0.0065628947
2010-08-27,0.0041901018
2010-08-30,0.022894727
2010-08-31,0.005478455
2010-09-01,-0.011235207
2010-09-02,0.01927418
2010-09-03,0.007430492
2010-09-06,0.0035472068
2010-09-07,0.006765608
2010-09-08,0.006583895
2010-09-09,-0.01369125
2010-09-10,0.008948831
2010-09-13,0.016438227
2010-09-14,0.0030685824
2010-09-15,-0.013934464
2010-09-16,-0.023391353
2010-09-17,0.00019591874
2010-09-20,-0.008466416
2010-09-21,-0.000476335
2010-09-27,0.024215424
2010-09-28,-0.003993138
2010-09-29,-0.010425691
2010-09-30,0.01410855
2010-10-08,0.023628563
2010-10-11,0.011324062
2010-10-12,0.006895352
2010-10-13,0.005921943
2010-10-14,-0.028184436
2010-10-15,0.0041667754
2010-10-18,-0.009951916
2010-10-19,0.026077947
2010-10-20,0.0020658583
2010-10-21,0.00685615
2010-10-22,0.00775258
2010-10-25,0.023187652
2010-10-26,0.0069539146
2010-10-27,-0.008637325
2010-10-28,0.0010866161
2010-10-29,0.0068871183
2010-11-01,0.024437785
2010-11-02,0.00030857636
2010-11-03,-0.009570966
2010-11-04,0.021261562
2010-11-05,0.014119673
2010-11-08,0.020474069
2010-11-09,0.0048902626
2010-11-10,0.0010741368
2010-11-11,-0.00838911
2010-11-12,-0.060045525
2010-11-15,0.021301879
2010-11-16,-0.033273708
2010-11-17,-0.031384423
2010-11-18,0.012677916
2010-11-19,0.021833213
2010-11-22,0.011113982
2010-11-23,-0.016248455
2010-11-24,0.025191715
2010-11-25,0.013021833
2010-11-26,-0.0044729747
2010-11-29,0.0023897183
2010-11-30,-0.02577861
2010-12-01,0.0022367327
2010-12-02,0.0066838255
2010-12-03,-0.004298319
2010-12-06,-0.011861834
2010-12-07,0.010153013
2010-12-08,-0.0033422126
2010-12-09,-0.019399928
2010-12-10,0.011340213
2010-12-13,0.027522149
2010-12-14,0.011123709
2010-12-15,-0.0014079118
2010-12-16,-0.0014897495
2010-12-17,0.0018117623
2010-12-20,-0.012735991
2010-12-21,0.01426124
2010-12-22,-0.0071895444
2010-12-23,-0.015217153
2010-12-24,-0.013325811
2010-12-27,-0.026196903
2010-12-28,-0.022775648
2010-12-29,0.012666655
2010-12-30,0.0022014745
2010-12-31,0.020217452
2011-01-04,0.015696201
2011-01-05,0.0022642002
2011-01-06,-0.0013397082
2011-01-07,-0.0022568172
2011-01-10,-0.023425378
2011-01-11,-0.0034711342
2011-01-12,0.0074095344
2011-01-13,-0.00061465765
2011-01-14,-0.01743893
2011-01-17,-0.038947776
2011-01-18,0.004777633
2011-01-19,0.021849807
2011-01-20,-0.03227524
2011-01-21,0.008916944
2011-01-24,-0.016037537
2011-01-25,-0.013995402
2011-01-26,0.015394547
2011-01-27,0.01410837
2011-01-28,0.010733007
2011-01-31,0.013538423
2011-02-01,0.0021324838
2011-02-09,-0.0025216092
2011-02-10,0.02501598
2011-02-11,0.009331534
2011-02-14,0.01810309
2011-02-15,0.0013741486
2011-02-16,0.016084991
2011-02-17,0.0038251132
2011-02-18,-0.0067366245
2011-02-21,0.018739209
2011-02-22,-0.025407044
2011-02-23,0.011268165
2011-02-24,0.008890367
2011-02-25,0.0022562668
2011-02-28,0.014412323
2011-03-01,0.006158723
2011-03-02,-0.00036388432
2011-03-03,-0.013415075
2011-03-04,0.014031084
2011-03-07,0.012637139
2011-03-08,0.0046613878
2011-03-09,0.0017968258
2011-03-10,-0.006720186
2011-03-11,-0.003454054
2011-03-14,0.009980591
2011-03-15,-0.011618494
2011-03-16,0.013061759
2011-03-17,-0.016785646
2011-03-18,0.007241458
2011-03-21,-0.005078361
2011-03-22,0.0011617334
2011-03-23,0.012744949
2011-03-24,0.002238037
2011-03-25,0.00868428
2011-03-28,0.000986935
2011-03-29,-0.012633181
2011-03-30,-0.006416878
2011-03-31,-0.013005068
2011-04-01,0.013700469
2011-04-06,0.0035693452
2011-04-07,0.0068707964
2011-04-08,0.010162744
2011-04-11,-0.005735628
2011-04-12,0.0023137056
2011-04-13,0.009342361
2011-04-14,-0.0017162146
2011-04-15,0.0012590582
2011-04-18,0.0062148836
2011-04-19,-0.010604586
2011-04-20,0.0046818373
2011-04-21,0.005998255
2011-04-22,-0.005296858
2011-04-25,-0.021057833
2011-04-26,-0.015658304
2011-04-27,-0.009959423
2011-04-28,-0.02972412
2011-04-29,0.01564257
2011-05-03,0.011023211
2011-05-04,-0.015471816
2011-05-05,0.0044272174
2011-05-06,0.004703251
2011-05-09,0.008036401
2011-05-10,0.007615447
2011-05-11,0.0032052433
2011-05-12,-0.011618622
2011-05-13,0.009737148
2011-05-16,-0.0010441352
2011-05-17,-0.005000952
2011-05-18,0.007363863
2011-05-19,-0.0039880206
2011-05-20,-0.001974973
2011-05-23,-0.036597095
2011-05-24,-0.0012936738
2011-05-25,-0.009338476
2011-05-26,-0.005928448
2011-05-27,-0.029520478
2011-05-30,-0.019748947
2011-05-31,0.021072948
2011-06-01,0.010335643
2011-06-02,-0.014073502
2011-06-03,0.016064731
2011-06-07,0.0105043305
2011-06-08,0.005848512
2011-06-09,-0.022008235
2011-06-10,0.00220385
2011-06-13,-0.002111818
2011-06-14,0.010111596
2011-06-15,-0.0059032715
2011-06-16,-0.014099635
2011-06-17,-0.019381283
2011-06-20,-0.012713843
2011-06-21,0.013684547
2011-06-22,-0.0016256873
2011-06-23,0.016513256
2011-06-24,0.022666102
2011-06-27,0.011376241
2011-06-28,0.0024036148
2011-06-29,-0.012498813
2011-06-30,0.013367861
2011-07-01,0.0052140597
2011-07-04,0.022064345
2011-07-05,0.0068529164
2011-07-06,0.0014251204
2011-07-07,-0.0012411248
2011-07-08,0.007030697
2011-07-11,0.008660583
2011-07-12,-0.015615032
2011-07-13,0.01779319
2011-07-14,0.007881695
2011-07-15,0.0060595614
2011-07-18,0.0016063969
2011-07-19,-0.008878078
2011-07-20,0.000986886
2011-07-21,-0.011268849
2011-07-22,0.003819825
2011-07-25,-0.038089607
2011-07-26,0.004936868
2011-07-27,0.0137523385
2011-07-28,-0.0055242847
2011-07-29,-0.0085425135
2011-08-01,0.004134798
2011-08-02,-0.0074181263
2011-08-03,0.0017462745
2011-08-04,0.0058148107
2011-08-05,-0.021561624
2011-08-08,-0.049657945
2011-08-09,-0.0035668362
2011-08-10,0.013348677
2011-08-11,0.017192122
2011-08-12,0.011338317
2011-08-15,0.014106911
2011-08-16,-0.0062969327
2011-08-17,-0.002093647
2011-08-18,-0.016464397
2011-08-19,-0.009078871
2011-08-22,-0.0048035947
2011-08-23,0.016215632
2011-08-24,-0.0017613057
2011-08-25,0.021276299
2011-08-26,0.002859994
2011-08-29,-0.0070434124
2011-08-30,-0.0077058617
2011-08-31,-0.002312591
2011-09-01,-0.005536421
2011-09-02,-0.011725732
2011-09-05,-0.022670053
2011-09-06,-0.0054380824
2011-09-07,0.022521367
2011-09-08,-0.008422418
2011-09-09,-0.0036453858
2011-09-13,-0.013699992
2011-09-14,0.010986037
2011-09-15,0.0013064567
2011-09-16,0.00040194203
2011-09-19,-0.01884561
2011-09-20,0.004895779
2011-09-21,0.027631508
2011-09-22,-0.026461953
2011-09-23,-0.0066710147
2011-09-26,-0.016100645
2011-09-27,0.004528329
2011-09-28,-0.016705908
2011-09-29,-0.030453624
2011-09-30,-0.0030320752
2011-10-10,-0.004936484
2011-10-11,-0.0010084274
2011-10-12,0.032908846
2011-10-13,0.0110976165
2011-10-14,-0.005025379
2011-10-17,0.002670851
2011-10-18,-0.030166863
2011-10-19,-0.004996127
2011-10-20,-0.028329149
2011-10-21,-0.014926442
2011-10-24,0.016780602
2011-10-25,0.02523216
2011-10-26,0.008140579
2011-10-27,0.0021431402
2011-10-28,0.020698424
2011-10-31,0.003748362
2011-11-01,0.00066382065
2011-11-02,0.0141399335
2011-11-03,0.0068463124
2011-11-04,0.008982641
2011-11-07,-0.0040973234
2011-11-08,-0.009884887
2011-11-09,0.013069492
2011-11-10,-0.014286853
2011-11-11,0.0016819147
2011-11-14,0.022047836
2011-11-15,0.008283206
2011-11-16,-0.022239193
2011-11-17,-0.00020717183
2011-11-18,-0.025939371
2011-11-21,0.0007203178
2011-11-22,-0.0018715913
2011-11-23,-0.0057103387
2011-11-24,-0.0015526289
2011-11-25,-0.0072563356
2011-11-28,5.4646785e-05
2011-11-29,0.015075906
2011-11-30,-0.040287945
2011-12-01,0.01947567
2011-12-02,-0.019734506
2011-12-05,-0.029543838
2011-12-06,-0.0015050989
2011-12-07,0.0023893628
2011-12-08,-0.0021421078
2011-12-09,-0.00957984
2011-12-12,-0.013155006
2011-12-13,-0.036545943
2011-12-14,-0.020246286
2011-12-15,-0.029894806
2011-12-16,0.024000477
2011-12-19,-0.0010673113
2011-12-20,-0.0006537419
2011-12-21,-0.023573615
2011-12-22,-0.0164301
2011-12-23,0.00962274
2011-12-26,-0.0050578653
2011-12-27,-0.025279643
2011-12-28,-0.004928845
2011-12-29,0.00084628124
2011-12-30,0.016059557
2012-01-04,-0.023099761
2012-01-05,-0.035952654
2012-01-06,0.004753175
2012-01-09,0.041221224
2012-01-10,0.041078486
2012-01-11,0.002019552
2012-01-12,0.00078130496
2012-01-13,-0.031348694
2012-01-16,-0.02796747
2012-01-17,0.05315972
2012-01-18,-0.017082708
2012-01-19,0.009619878
2012-01-20,0.012538861
2012-01-30,-0.0065649594
2012-01-31,0.0035721303
2012-02-01,-0.0077546225
2012-02-02,0.018440466
2012-02-03,0.01650827
2012-02-06,0.008737286
2012-02-07,-0.017654197
2012-02-08,0.02559795
2012-02-09,0.0067968145
2012-02-10,0.0069487505
2012-02-13,0.009312737
2012-02-14,0.002872452
2012-02-15,0.017713951
2012-02-16,0.0006172557
2012-02-17,-0.0036394137
2012-02-20,0.0012153931
2012-02-21,0.010043179
2012-02-22,0.016810475
2012-02-23,0.001863985
2012-02-24,0.014751667
2012-02-27,0.0027700646
2012-02-28,-0.0037556542
2012-02-29,-0.011722634
2012-03-01,0.0058379895
2012-03-02,0.019142758
2012-03-05,0.0026575618
2012-03-06,-0.008842362
2012-03-07,-0.0055437894
2012-03-08,0.014405684
2012-03-09,0.012880334
2012-03-12,0.0049677882
2012-03-13,0.008862419
2012-03-14,-0.043786697
2012-03-15,-0.014444093
2012-03-16,0.02354745
2012-03-19,0.013880554
2012-03-20,-0.019248022
2012-03-21,0.0035696912
2012-03-22,-0.0024032034
2012-03-23,-0.018354895
2012-03-26,-0.0014858261
2012-03-27,-0.0017036941
2012-03-28,-0.042346746
2012-03-29,-0.01857245
2012-03-30,-0.0021229081
2012-04-05,0.029784355
2012-04-06,0.008713553
2012-04-09,-0.00908397
2012-04-10,0.0123494845
2012-04-11,0.0070004463
2012-04-12,0.021461021
2012-04-13,0.009088612
2012-04-16,0.0052366587
2012-04-17,-0.013831908
2012-04-18,0.021565666
2012-04-19,-0.0017198417
2012-04-20,0.008821643
2012-04-23,-0.009205447
2012-04-24,-0.007453984
2012-04-25,0.01676653
2012-04-26,-0.004121331
2012-04-27,-0.010002089
2012-05-02,0.008098024
2012-05-03,0.0021743437
2012-05-04,0.0071955426
2012-05-07,0.0060814014
2012-05-08,0.0012826805
2012-05-09,-0.014952249
2012-05-10,0.002398774
2012-05-11,-0.0044118664
2012-05-14,-0.0016228665
2012-05-15,-0.0013138573
2012-05-16,-0.010542154
2012-05-17,0.014985069
2012-05-18,-0.014786586
2012-05-21,-0.0028959345
2012-05-22,0.013527843
2012-05-23,-0.0011577131
2012-05-24,-0.0080341045
2012-05-25,-0.010204027
2012-05-28,0.013005245
2012-05-29,0.014528413
2012-05-30,0.0014094767
2012-05-31,5.0901715e-05
2012-06-01,-0.0016289046
2012-06-04,-0.033642177
2012-06-05,-0.00028605864
2012-06-06,-0.0034836098
2012-06-07,-0.004060986
2012-06-08,-0.003927489
2012-06-11,0.014932053
2012-06-12,-0.0055356002
2012-06-13,0.016733818
2012-06-14,-0.005983992
2012-06-15,0.00086138834
2012-06-18,0.0082751475
2012-06-19,-0.007161642
2012-06-20,-0.0043114284
2012-06-21,-0.013517514
2012-06-25,-0.024279244
2012-06-26,-0.000772581
2012-06-27,-0.005004015
2012-06-28,-0.014127048
2012-06-29,0.010758171
2012-07-02,0.008142203
2012-07-03,0.00086442835
2012-07-04,-0.0033115484
2012-07-05,-0.02245429
2012-07-06,0.018126335
2012-07-09,-0.025039371
2012-07-10,-0.008280149
2012-07-11,0.008480194
2012-07-12,0.0126884
2012-07-13,-0.0041112304
2012-07-16,-0.035249732
2012-07-17,0.00914847
2012-07-18,0.008102792
2012-07-19,0.013348846
2012-07-20,-0.004080904
2012-07-23,-0.010150035
2012-07-24,0.00696929
2012-07-25,-0.010074188
2012-07-26,-0.009320266
2012-07-27,-0.004666032
2012-07-30,-0.02425143
2012-07-31,-0.017863665
2012-08-01,0.012486457
2012-08-02,-0.007904939
2012-08-03,0.019992474
2012-08-06,0.023101207
2012-08-07,0.010925292
2012-08-08,-0.0010837913
2012-08-09,0.012550915
2012-08-10,-0.000866197
2012-08-13,-0.020755589
2012-08-14,0.00877025
2012-08-15,-0.008752766
2012-08-16,-0.005852307
2012-08-17,0.001213713
2012-08-20,0.0014573068
2012-08-21,0.0141735915
2012-08-22,-0.0050934246
2012-08-23,0.008498934
2012-08-24,-0.018809019
2012-08-27,-0.02090242
2012-08-28,0.0063350596
2012-08-29,-0.0066914773
2012-08-30,-0.011401883
2012-08-31,0.004263045
2012-09-03,0.013661242
2012-09-04,-0.009924605
2012-09-05,0.0043945643
2012-09-06,0.009709705
2012-09-07,0.03517133
2012-09-10,0.009114165
2012-09-11,-0.0024543172
2012-09-12,0.0090715
2012-09-13,-0.013278676
2012-09-14,0.0025649362
2012-09-17,-0.028845418
2012-09-18,-0.004252727
2012-09-19,0.009773403
2012-09-20,-0.03038724
2012-09-21,-0.004156728
2012-09-24,0.0063671744
2012-09-25,-0.006238336
2012-09-26,-0.02141458
2012-09-27,0.02263405
2012-09-28,0.017121024
2012-10-08,-0.0018707697
2012-10-09,0.025106112
2012-10-10,0.0099942535
2012-10-11,-0.013782073
2012-10-12,0.00027289457
2012-10-15,-0.005386743
2012-10-16,0.0024600397
2012-10-17,0.0022527843
2012-10-18,0.016516102
2012-10-19,0.012988206
2012-10-22,0.005314949
2012-10-23,-0.007622606
2012-10-24,0.002254499
2012-10-25,-0.010809349
2012-10-26,-0.021893278
2012-10-29,-0.0025769584
2012-10-30,0.00030152834
2012-10-31,0.003203979
2012-11-01,0.018087402
2012-11-02,0.0074159517
2012-11-05,-0.0003752157
2012-11-06,-0.0069513
2012-11-07,-0.0012657462
2012-11-08,-0.023813643
2012-11-09,-0.0010532609
2012-11-12,0.007974136
2012-11-13,-0.020871308
2012-11-14,0.001442511
2012-11-15,-0.01783312
2012-11-16,-0.006722377
2012-11-19,0.0042488147
2012-11-20,-0.0029021532
2012-11-21,0.011507153
2012-11-22,-0.010511335
2012-11-23,0.0034023796
2012-11-26,-0.009362227
2012-11-27,-0.035684068
2012-11-28,-0.022699915
2012-11-29,-0.010552978
2012-11-30,0.0146579975
2012-12-03,-0.022644127
2012-12-04,0.011770747
2012-12-05,0.035748214
2012-12-06,-0.001024715
2012-12-07,0.022830488
2012-12-10,0.016556343
2012-12-11,-0.005579961
2012-12-12,0.00020042624
2012-12-13,-0.011875551
2012-12-14,0.039878104
2012-12-17,0.008739186
2012-12-18,-0.0014661376
2012-12-19,0.002858131
2012-12-20,0.0012982618
2012-12-21,-0.0027940916
2012-12-24,0.0044719516
2012-12-25,0.02268483
2012-12-26,0.011738818
2012-12-27,-0.004816751
2012-12-28,0.011219017
2012-12-31,0.010828907
2013-01-04,-0.0044700187
2013-01-07,0.0108324895
2013-01-08,0.010520872
2013-01-09,0.0023188572
2013-01-10,0.0055381157
2013-01-11,-0.022526238
2013-01-14,0.03202392
2013-01-15,0.015625877
2013-01-16,0.00086028775
2013-01-17,-0.009629475
2013-01-18,0.015775759
2013-01-21,0.009426504
2013-01-22,-0.012667535
2013-01-23,0.0035602495
2013-01-24,-0.019144332
2013-01-25,-0.0010493237
2013-01-28,0.023248643
2013-01-29,0.007222285
2013-01-30,0.0039514247
2013-01-31,-0.0032536464
2013-02-01,0.0067948545
2013-02-04,-0.0039545693
2013-02-05,0.00922759
2013-02-06,0.0046070786
2013-02-07,0.0020286976
2013-02-08,0.024921145
2013-02-18,0.004815495
2013-02-19,-0.01536212
2013-02-20,0.015152467
2013-02-21,-0.021430904
2013-02-22,-0.001625753
2013-02-25,0.008250719
2013-02-26,-0.013357431
2013-02-27,0.0039822096
2013-02-28,0.02009319
2013-03-01,0.008935682
2013-03-04,-0.03382168
2013-03-05,0.020192469
2013-03-06,0.0149492305
2013-03-07,-0.0058155926
2013-03-08,-0.0067277756
2013-03-11,-0.000623356
2013-03-12,-0.020761123
2013-03-13,-0.008004401
2013-03-14,0.0031438472
2013-03-15,-0.00014247815
2013-03-18,-0.012617558
2013-03-19,0.005670165
2013-03-20,0.023998838
2013-03-21,0.0084941955
2013-03-22,0.0034457964
2013-03-25,0.0010658096
2013-03-26,-0.007152882
2013-03-27,0.0027588955
2013-03-28,-0.028369287
2013-03-29,0.0010373447
2013-04-01,0.0052362876
2013-04-02,-0.006483418
2013-04-03,-0.008115317
2013-04-08,-0.0012485154
2013-04-09,0.009484504
2013-04-10,-0.0017465228
2013-04-11,-0.0038302056
2013-04-12,-0.008548783
2013-04-15,-0.01382164
2013-04-16,0.008388219
2013-04-17,0.004854099
2013-04-18,0.0017536363
2013-04-19,0.019338347
2013-04-22,0.00203013
2013-04-23,-0.027276237
2013-04-24,0.017197674
2013-04-25,-0.013982517
2013-04-26,-0.013524657
2013-05-02,-0.00064710475
2013-05-03,0.016679263
2013-05-06,0.015466686
2013-05-07,0.0036116615
2013-05-08,0.0057382025
2013-05-09,-0.002476465
2013-05-10,0.009851748
2013-05-13,0.0036863047
2013-05-14,-0.009037358
2013-05-15,0.007788923
2013-05-16,0.011711591
2013-05-17,0.012644151
2013-05-20,0.009544869
2013-05-21,0.009676008
2013-05-22,-0.0021441518
2013-05-23,-0.008900695
2013-05-24,0.011088062
2013-05-27,0.006629739
2013-05-28,0.008743655
2013-05-29,0.0056291237
2013-05-30,0.0009964259
2013-05-31,-0.00609695
2013-06-03,-0.0013884994
2013-06-04,-0.018075496
2013-06-05,0.004020393
2013-06-06,-0.014775433
2013-06-07,-0.018399015
2013-06-13,-0.032092556
2013-06-14,0.012734614
2013-06-17,0.0009984984
2013-06-18,0.0041418364
2013-06-19,-0.0049868533
2013-06-20,-0.02928883
2013-06-21,-0.0071783573
2013-06-24,-0.06219597
2013-06-25,-0.009210412
2013-06-26,0.011007774
2013-06-27,-0.015687415
2013-06-28,0.0017251836
2013-07-01,0.014341774
2013-07-02,0.012907007
2013-07-03,-0.005762277
2013-07-04,0.011640359
2013-07-05,-0.00025559196
2013-07-08,-0.03843705
2013-07-09,0.003928056
2013-07-10,0.03146041
2013-07-11,0.029118206
2013-07-12,-0.010889665
2013-07-15,0.016343711
2013-07-16,0.010688064
2013-07-17,-0.012452984
2013-07-18,-0.006168434
2013-07-19,-0.023738327
2013-07-22,0.013444439
2013-07-23,0.023539074
2013-07-24,0.0019363972
2013-07-25,-0.010371538
2013-07-26,-0.0021411043
2013-07-29,-0.017292447
2013-07-30,0.0029763808
2013-07-31,0.0034486197
2013-08-01,0.021962106
2013-08-02,0.0031337235
2013-08-05,0.014471237
2013-08-06,0.010501876
2013-08-07,-0.0047123423
2013-08-08,0.0019148036
2013-08-09,0.0062828413
2013-08-12,0.0202223
2013-08-13,0.006028074
2013-08-14,-0.0028422
2013-08-15,-0.009316605
2013-08-16,-0.015736122
2013-08-19,0.015611408
2013-08-20,-0.0024288439
2013-08-21,0.0070407046
2013-08-22,6.1049104e-06
2013-08-23,-0.004156213
2013-08-26,0.02133045
2013-08-27,0.010305122
2013-08-28,-0.0025349609
2013-08-29,0.0020527295
2013-08-30,-0.0016633857
2013-09-02,0.0014849885
2013-09-03,0.013479072
2013-09-04,0.0025181412
2013-09-05,-0.0032282907
2013-09-06,0.007650147
2013-09-09,0.012044039
2013-09-10,0.013059098
2013-09-11,-0.0015724435
2013-09-12,0.0024013584
2013-09-13,-0.0012115579
2013-09-16,0.00035400002
2013-09-17,-0.018618185
2013-09-18,0.008128291
2013-09-23,0.01661926
2013-09-24,-0.00029134177
2013-09-25,-0.0042499495
2013-09-26,-0.021488532
2013-09-27,0.0015094007
2013-09-30,0.011597572
2013-10-08,0.014653898
2013-10-09,0.010643404
2013-10-10,-0.002505064
2013-10-11,0.016821578
2013-10-14,0.009063431
2013-10-15,0.0032680456
2013-10-16,-0.025648862
2013-10-17,0.000122097
2013-10-18,0.003187095
2013-10-21,0.019366872
2013-10-22,-0.005061511
2013-10-23,-0.021653716
2013-10-24,-0.007056612
2013-10-25,-0.017736442
2013-10-28,-0.0024137364
2013-10-29,-0.025531434
2013-10-30,0.017086644
2013-10-31,-0.0059011662
2013-11-01,-0.001989441
2013-11-04,0.004762131
2013-11-05,0.010189612
2013-11-06,-0.0072481986
2013-11-07,-0.01115551
2013-11-08,-0.013470231
2013-11-11,0.004288215
2013-11-12,0.00948838
2013-11-13,-0.018748317
2013-11-14,0.0093068415
2013-11-15,0.019077439
2013-11-18,0.02237907
2013-11-19,0.0028555524
2013-11-20,0.010127945
2013-11-21,-0.0020765243
2013-11-22,-0.0047833314
2013-11-25,0.000262555
2013-11-26,0.0016779177
2013-11-27,0.0093793385
2013-11-28,0.008208595
2013-11-29,0.0038569884
2013-12-02,-0.041951764
2013-12-03,0.01998097
2013-12-04,0.016734742
2013-12-05,0.0012286117
2013-12-06,-0.0015182508
2013-12-09,0.0059130406
2013-12-10,0.0032928083
2013-12-11,-0.011151315
2013-12-12,0.002966427
2013-12-13,0.0022092748
2013-12-16,-0.017267514
2013-12-17,-0.004744242
2013-12-18,-0.0008387752
2013-12-19,-0.009696859
2013-12-20,-0.013076118
2013-12-23,-0.004412798
2013-12-24,0.005187014
2013-12-25,0.007971572
2013-12-26,-0.018887756
2013-12-27,0.014610476
2013-12-30,0.0033535264
2013-12-31,0.005800889
2014-01-02,0.0033716206
2014-01-03,-0.010492776
2014-01-06,-0.028828923
2014-01-07,0.0027784915
2014-01-08,-0.0030222002
2014-01-09,-0.012159831
2014-01-10,-0.014774776
2014-01-13,-0.0048309173
2014-01-14,0.017328639
2014-01-15,0.003275944
2014-01-16,0.002991693
2014-01-17,-0.013926458
2014-01-20,-0.0044049905
2014-01-21,0.012246494
2014-01-22,0.024445584
2014-01-23,0.0018068901
2014-01-24,0.01265142
2014-01-27,-0.0045137545
2014-01-28,-0.00064563635
2014-01-29,0.0050771195
2014-01-30,-0.004468613
2014-02-07,0.014216472
2014-02-10,0.027063735
2014-02-11,0.0056502223
2014-02-12,0.009832785
2014-02-13,-0.010275546
2014-02-14,0.015816916
2014-02-17,0.014881798
2014-02-18,-0.0019245781
2014-02-19,0.005397352
2014-02-20,-0.009741448
2014-02-21,-0.008212128
2014-02-24,-0.00780624
2014-02-25,-0.029769601
2014-02-26,0.009513168
2014-02-27,-0.0073188078
2014-02-28,0.010465752
2014-03-03,0.018951274
2014-03-04,0.00062513247
2014-03-05,-0.0037573983
2014-03-06,0.001584119
2014-03-07,-0.0027828373
2014-03-10,-0.033928413
2014-03-11,0.0040055155
2014-03-12,0.0012348013
2014-03-13,0.010267343
2014-03-14,-0.003683755
2014-03-17,0.016329963
2014-03-18,0.0042674732
2014-03-19,0.0017316685
2014-03-20,-0.020784669
2014-03-21,0.021505443
2014-03-24,0.011474349
2014-03-25,0.0024333086
2014-03-26,-0.0006170896
2014-03-27,-0.010678325
2014-03-28,-0.013560111
2014-03-31,-0.008017318
2014-04-01,0.012915309
2014-04-02,0.002888242
2014-04-03,-0.0037882403
2014-04-04,0.010550835
2014-04-08,0.010634806
2014-04-09,0.006487498
2014-04-10,0.0039984123
2014-04-11,-0.001247026
2014-04-14,0.0068665487
2014-04-15,-0.007894817
2014-04-16,0.002994783
2014-04-17,-0.0021018265
2014-04-18,0.002595298
2014-04-21,-0.016264345
2014-04-22,-0.0024398668
2014-04-23,-0.0018901291
2014-04-24,-0.009007077
2014-04-25,-0.018847551
2014-04-28,-0.029588806
2014-04-29,0.013205941
2014-04-30,0.0077070263
2014-05-05,0.00695765
2014-05-06,0.0035267079
2014-05-07,-0.0144411875
2014-05-08,0.0029796045
2014-05-09,-0.0062206443
2014-05-12,0.02460789
2014-05-13,-0.0006799553
2014-05-14,-0.0013363551
2014-05-15,-0.017876374
2014-05-16,0.00079514185
2014-05-19,-0.006039997
2014-05-20,0.0016123464
2014-05-21,0.008536205
2014-05-22,-0.0022566824
2014-05-23,0.007307129
2014-05-26,0.008143253
2014-05-27,-0.0029661218
2014-05-28,0.008027906
2014-05-29,-0.009077276
2014-05-30,0.0023398392
2014-06-03,-0.002246228
2014-06-04,-0.00833534
2014-06-05,0.009603314
2014-06-06,-0.0034363319
2014-06-09,-0.0033703295
2014-06-10,0.009392339
2014-06-11,0.0033063032
2014-06-12,-0.0013252343
2014-06-13,0.007832619
2014-06-16,0.003987407
2014-06-17,-0.0075056762
2014-06-18,-0.005557594
2014-06-19,-0.023279283
2014-06-20,0.0077938456
2014-06-23,0.0062443404
2014-06-24,0.0070053544
2014-06-25,-0.0033976166
2014-06-26,0.011174274
2014-06-27,0.007888325
2014-06-30,0.0086365715
2014-07-01,0.0058798552
2014-07-02,0.0062833955
2014-07-03,0.006718944
2014-07-04,-0.0024991462
2014-07-07,0.0011674154
2014-07-08,0.0049699065
2014-07-09,-0.013402872
2014-07-10,0.004197977
2014-07-11,0.010030458
2014-07-14,0.013687906
2014-07-15,0.0031379203
2014-07-16,-0.0051887147
2014-07-17,-0.0042012194
2014-07-18,0.0033967036
2014-07-21,-0.0023548056
2014-07-22,0.011782139
2014-07-23,-0.0030923518
2014-07-24,0.0027501462
2014-07-25,0.009992933
2014-07-28,0.016829474
2014-07-29,0.008829856
2014-07-30,0.0035657603
2014-07-31,0.009107146
2014-08-01,-0.009333141
2014-08-04,0.017364655
2014-08-05,0.004523605
2014-08-06,0.0063734883
2014-08-07,-0.010854571
2014-08-08,0.006145819
2014-08-11,0.0144449575
2014-08-12,0.005330458
2014-08-13,0.0031547055
2014-08-14,-0.0057527176
2014-08-15,0.011178293
2014-08-18,0.013036157
2014-08-19,0.00526836
2014-08-20,0.0019569865
2014-08-21,0.0002057657
2014-08-22,0.006713072
2014-08-25,-0.006243963
2014-08-26,-0.017074052
2014-08-27,0.0041205143
2014-08-28,-0.007236842
2014-08-29,0.010426815
2014-09-01,0.016257662
2014-09-02,0.015282919
2014-09-03,0.0068243262
2014-09-04,0.008883224
2014-09-05,0.005952811
2014-09-09,0.008270767
2014-09-10,0.0048873294
2014-09-11,-0.00060009
2014-09-12,0.013202326
2014-09-15,0.011438012
2014-09-16,-0.029303264
2014-09-17,0.010765816
2014-09-18,0.0071800915
2014-09-19,0.009814331
2014-09-22,-0.011890243
2014-09-23,0.012848836
2014-09-24,0.013725157
2014-09-25,0.0007983296
2014-09-26,0.0050430675
2014-09-29,0.010573108
2014-09-30,0.0073141637
2014-10-08,0.014028146
2014-10-09,0.0031470964
2014-10-10,-0.003130544
2014-10-13,0.0013553234
2014-10-14,-0.0016754471
2014-10-15,0.0052360864
2014-10-16,-0.014086292
2014-10-17,-0.011778146
2014-10-20,0.0130836
2014-10-21,-0.008795752
2014-10-22,-0.011932971
2014-10-23,-0.01630956
2014-10-24,0.0020739257
2014-10-27,0.006036487
2014-10-28,0.024850927
2014-10-29,0.015319437
2014-10-30,0.0024862208
2014-10-31,0.0020861004
2014-11-03,0.010706694
2014-11-04,-0.0022826137
2014-11-05,-0.00038423212
2014-11-06,0.004587509
2014-11-07,-0.008266777
2014-11-10,0.01211362
2014-11-11,-0.029210804
2014-11-12,0.01769926
2014-11-13,-0.0072544976
2014-11-14,-0.0026303704
2014-11-17,0.00790415
2014-11-18,0.0037204102
2014-11-19,0.0047295736
2014-11-20,-0.00012459003
2014-11-21,0.010110123
2014-11-24,0.014097222
2014-11-25,0.013965988
2014-11-26,0.0053379843
2014-11-27,0.0067832517
2014-11-28,0.0011340167
2014-12-01,-0.005451587
2014-12-02,0.011732402
2014-12-03,0.010834703
2014-12-04,0.01828914
2014-12-05,-0.022889638
2014-12-08,0.013114406
2014-12-09,-0.03841018
2014-12-10,0.033299137
2014-12-11,0.016342662
2014-12-12,0.007904723
2014-12-15,0.012847752
2014-12-16,0.0017763205
2014-12-17,-0.011545698
2014-12-18,-0.001632437
2014-12-19,-0.0054952577
2014-12-22,-0.033857316
2014-12-23,-0.016778665
2014-12-24,0.013893162
2014-12-25,0.016165871
2014-12-26,0.010313456
2014-12-29,-0.009677973
2014-12-30,-0.016732838
2014-12-31,0.010548764
2015-01-05,0.020376885
2015-01-06,0.007836963
2015-01-07,0.0027211024
2015-01-08,-0.0070735062
2015-01-09,-0.009686382
2015-01-12,-0.018255059
2015-01-13,0.0104671875
2015-01-14,-0.004912326
2015-01-15,0.012328816
2015-01-16,0.008596344
2015-01-19,-0.04287452
2015-01-20,0.030798206
2015-01-21,0.026729058
2015-01-22,0.015953341
2015-01-23,-0.0037026042
2015-01-26,0.020439262
2015-01-27,0.0046025957
2015-01-28,-0.00556782
2015-01-29,-0.0044403807
2015-01-30,-0.008876762
2015-02-02,-0.0071997214
2015-02-03,0.013026456
2015-02-04,-0.0038816538
2015-02-05,-0.007746926
2015-02-06,-0.018862756
2015-02-09,-0.0037236318
2015-02-10,0.010092864
2015-02-11,0.009880602
2015-02-12,0.008169972
2015-02-13,0.0151044205
2015-02-16,0.015411824
2015-02-17,0.008801132
2015-02-25,0.0007059943
2015-02-26,0.012029171
2015-02-27,0.0074430965
2015-03-02,0.017515643
2015-03-03,-0.005407943
2015-03-04,0.01569989
2015-03-05,0.0034680222
2015-03-06,-0.005083684
2015-03-09,0.011651556
2015-03-10,0.008518183
2015-03-11,-0.0003481181
2015-03-12,3.1447922e-05
2015-03-13,0.009990924
2015-03-16,0.026270559
2015-03-17,0.014733182
2015-03-18,0.017604912
2015-03-19,0.0070238584
2015-03-20,0.008495494
2015-03-23,0.020486366
2015-03-24,0.0013809246
2015-03-25,0.0053443005
2015-03-26,-0.0020099084
2015-03-27,0.011170586
2015-03-30,0.014740503
2015-03-31,-0.0033147712
2015-04-01,0.019493066
2015-04-02,0.018358577
2015-04-03,0.01847543
2015-04-07,0.020650646
2015-04-08,-0.00662899
2015-04-09,-0.008698308
2015-04-10,0.025345488
2015-04-13,0.023629576
2015-04-14,0.005061765
2015-04-15,-0.03000937
2015-04-16,0.013006265
2015-04-17,0.010342604
2015-04-20,-0.016943479
2015-04-21,0.031309426
2015-04-22,0.027537348
2015-04-23,0.011098845
2015-04-24,0.0012333372
2015-04-27,0.009419877
2015-04-28,-0.029686248
2015-04-29,0.020950636
2015-04-30,0.0011807834
2015-05-04,0.012205871
2015-05-05,-0.033329926
2015-05-06,-0.017652586
2015-05-07,-0.02404686
2015-05-08,0.033486545
2015-05-11,0.039208326
2015-05-12,0.019089974
2015-05-13,0.011101487
2015-05-14,0.0066353
2015-05-15,-0.0072258194
2015-05-18,0.012228764
2015-05-19,0.025884314
2015-05-20,0.014091994
2015-05-21,0.030688696
2015-05-22,0.022734366
2015-05-25,0.03236407
2015-05-26,0.030998526
2015-05-27,0.013828232
2015-05-28,-0.05852522
2015-05-29,0.0071173613
2015-06-01,0.05312702
2015-06-02,0.037978023
2015-06-03,0.0053537795
2015-06-04,0.002578854
2015-06-05,0.022263663
2015-06-08,0.000121882615
2015-06-09,0.0008974986
2015-06-10,0.015419489
2015-06-11,0.01964465
2015-06-12,0.01787399
2015-06-15,-0.00906466
2015-06-16,-0.037238616
2015-06-17,0.017061785
2015-06-18,-0.025472742
2015-06-19,-0.06861661
2015-06-23,0.002292862
2015-06-24,0.028362311
2015-06-25,-0.034442957
2015-06-26,-0.08073148
2015-06-29,-0.063004635
2015-06-30,0.046466894
2015-07-01,-0.061091483
2015-07-02,-0.072697595
2015-07-03,-0.07323674
2015-07-06,-0.04509198
2015-07-07,-0.07249896
2015-07-08,-0.05466066
2015-07-09,0.056113377
2015-07-10,0.057971735
2015-07-13,0.06810141
2015-07-14,0.026910638
2015-07-15,-0.0574989
2015-07-16,0.01592356
2015-07-17,0.05988191
2015-07-20,0.023694603
2015-07-21,0.020165445
2015-07-22,0.015846252
2015-07-23,0.034915365
2015-07-24,-0.013705941
2015-07-27,-0.07812369
2015-07-28,-0.031819463
2015-07-29,0.054887943
2015-07-30,-0.022722645
2015-07-31,-0.015203412
2015-08-03,-0.036369257
2015-08-04,0.061565038
2015-08-05,-0.007984662
2015-08-06,-0.0023570473
2015-08-07,0.03342266
2015-08-10,0.052112132
2015-08-11,0.010190971
2015-08-12,-0.007823287
2015-08-13,0.030015241
2015-08-14,0.014330847
2015-08-17,0.02957458
2015-08-18,-0.073186725
2015-08-19,0.025291864
2015-08-20,-0.036084592
2015-08-21,-0.054635476
2015-08-24,-0.08208072
2015-08-25,-0.07912601
2015-08-26,-0.040658668
2015-08-27,0.041187275
2015-08-28,0.066698804
2015-08-31,-0.032360088
2015-09-01,-0.058591135
2015-09-02,-0.032283403
2015-09-07,0.012370855
2015-09-08,0.048273135
2015-09-09,0.037760533
2015-09-10,-0.016359936
2015-09-11,0.0128239
2015-09-14,-0.06798678
2015-09-15,-0.055987902
2015-09-16,0.07481663
2015-09-17,-0.021402638
2015-09-18,0.013700312
2015-09-21,0.03479736
2015-09-22,0.009162365
2015-09-23,-0.015502629
2015-09-24,0.015919004
2015-09-25,-0.031912506
2015-09-28,0.015251673
2015-09-29,-0.019272098
2015-09-30,0.00422633
2015-10-08,0.038889203
2015-10-09,0.016254352
2015-10-12,0.04156007
2015-10-13,0.01249402
2015-10-14,-0.012140739
2015-10-15,0.031208858
2015-10-16,0.018562678
2015-10-19,0.0015621746
2015-10-20,0.015232343
2015-10-21,-0.06166171
2015-10-22,0.035240192
2015-10-23,0.029210005
2015-10-26,0.009015106
2015-10-27,0.006190214
2015-10-28,-0.018724559
2015-10-29,0.01279896
2015-10-30,-0.0016091575
2015-11-02,-0.021566225
2015-11-03,0.0005013034
2015-11-04,0.047068615
2015-11-05,0.0053176205
2015-11-06,0.021231716
2015-11-09,0.010814413
2015-11-10,0.006776126
2015-11-11,0.013949901
2015-11-12,0.00028713225
2015-11-13,-0.012587038
2015-11-16,0.018626763
2015-11-17,-0.0024335885
2015-11-18,-0.01318548
2015-11-19,0.020586355
2015-11-20,0.012557559
2015-11-23,-0.0045593497
2015-11-24,0.006393953
2015-11-25,0.015753796
2015-11-26,-0.0012970702
2015-11-27,-0.05981646
2015-11-30,0.0027310785
2015-12-01,0.008151925
2015-12-02,0.0014372768
2015-12-03,0.020391528
2015-12-04,-0.0032877387
2015-12-07,0.013235454
2015-12-08,-0.021753414
2015-12-09,-0.0011024167
2015-12-10,-0.003958778
2015-12-11,-0.0054209824
2015-12-14,0.019378195
2015-12-15,0.008606336
2015-12-16,0.003972076
2015-12-17,0.024616398
2015-12-18,0.0073279357
2015-12-21,0.015831519
2015-12-22,0.010274055
2015-12-23,-0.0077690366
2015-12-24,-0.0034558598
2015-12-25,0.0088721085
2015-12-28,-0.023998069
2015-12-29,0.011118045
2015-12-30,0.008222745
2015-12-31,-0.012567166
2016-01-04,-0.08064649
2016-01-05,-0.0116803665
2016-01-06,0.027905978
2016-01-07,-0.08341798
2016-01-08,0.014997796
2016-01-11,-0.06911666
2016-01-12,-0.003488902
2016-01-13,-0.035939686
2016-01-14,0.031130508
2016-01-15,-0.03910926
2016-01-18,0.01526302
2016-01-19,0.039457027
2016-01-20,-0.0072846636
2016-01-21,-0.040704627
2016-01-22,0.01639995
2016-01-25,0.01587048
2016-01-26,-0.0730586
2016-01-27,-0.011847429
2016-01-28,-0.04120286
2016-01-29,0.035678916
2016-02-01,-0.013905046
2016-02-02,0.033735454
2016-02-03,0.005876985
2016-02-04,0.022075852
2016-02-05,-0.0075874724
2016-02-15,-0.0015718195
2016-02-16,0.04080431
2016-02-17,0.014132561
2016-02-18,0.0010924422
2016-02-19,0.0037078178
2016-02-22,0.023111159
2016-02-23,-0.0036199312
2016-02-24,0.011514704
2016-02-25,-0.07768477
2016-02-26,0.0039634537
2016-02-29,-0.053714782
2016-03-01,0.022464618
2016-03-02,0.05319025
2016-03-03,0.0048023034
2016-03-04,-0.024460357
2016-03-07,0.025103353
2016-03-08,0.0028534897
2016-03-09,-0.026082216
2016-03-10,-0.018091297
2016-03-11,-0.0032248048
2016-03-14,0.03216167
2016-03-15,-0.0055969255
2016-03-16,-0.009005707
2016-03-17,0.028027995
2016-03-18,0.033140935
2016-03-21,0.026548395
2016-03-22,-0.0038654304
2016-03-23,0.0071882256
2016-03-24,-0.01616837
2016-03-25,0.011148247
2016-03-28,-0.0038102234
2016-03-29,-0.01807419
2016-03-30,0.03163357
2016-03-31,0.0038630483
2016-04-01,-0.0013655695
2016-04-05,0.024563449
2016-04-06,0.00481077
2016-04-07,-0.014432166
2016-04-08,-0.007875935
2016-04-11,0.020392258
2016-04-12,-0.0044157165
2016-04-13,0.014337286
2016-04-14,0.009853161
2016-04-15,0.0022089153
2016-04-18,-0.013297194
2016-04-19,0.0049596285
2016-04-20,-0.040338263
2016-04-21,-0.007763934
2016-04-22,0.005234392
2016-04-25,-0.0031745844
2016-04-26,0.010855621
2016-04-27,-0.0014958201
2016-04-28,-0.005343525
2016-04-29,0.0007913709
2016-05-03,0.025523972
2016-05-04,0.0005919551
2016-05-05,0.004300314
2016-05-06,-0.038832366
2016-05-09,-0.04147063
2016-05-10,-0.0022026028
2016-05-11,-0.0036307662
2016-05-12,-0.004554603
2016-05-13,-0.0025558907
2016-05-16,0.016741551
2016-05-17,-0.0024236217
2016-05-18,-0.028190164
2016-05-19,0.0036883499
2016-05-20,0.010130832
2016-05-23,0.012715162
2016-05-24,-0.009812632
2016-05-25,-0.003071858
2016-05-26,0.0033238926
2016-05-27,0.0021094629
2016-05-30,-0.003845403
2016-05-31,0.03686852
2016-06-01,0.004113357
2016-06-02,0.008138216
2016-06-03,0.0031858103
2016-06-06,0.0017435384
2016-06-07,-0.0007724968
2016-06-08,-0.0038592163
2016-06-13,-0.042316273
2016-06-14,0.0039128903
2016-06-15,0.027285613
2016-06-16,-0.002842895
2016-06-17,0.0073034507
2016-06-20,-0.0015971016
2016-06-21,-0.0069488185
2016-06-22,0.013084683
2016-06-23,-0.0048518367
2016-06-24,-0.0118449675
2016-06-27,0.020513073
2016-06-28,0.010441955
2016-06-29,0.0025123155
2016-06-30,0.0011678038
2016-07-01,-0.00032313293
2016-07-04,0.019147892
2016-07-05,0.006534774
2016-07-06,0.005807603
2016-07-07,0.0013216313
2016-07-08,-0.0025271606
2016-07-11,0.0010474963
2016-07-12,0.012792485
2016-07-13,0.005902347
2016-07-14,0.00039190726
2016-07-15,-0.0019294032
2016-07-18,-0.004403177
2016-07-19,0.0028269042
2016-07-20,0.00016865031
2016-07-21,0.0038726805
2016-07-22,-0.0075499886
2016-07-25,0.0031280424
2016-07-26,0.0130805075
2016-07-27,-0.03576338
2016-07-28,0.0021630656
2016-07-29,-0.00695154
2016-08-01,-0.016840795
2016-08-02,0.010489639
2016-08-03,0.008213169
2016-08-04,0.0052024946
2016-08-05,-0.0025609604
2016-08-08,0.013271353
2016-08-09,0.007444594
2016-08-10,-0.0030034494
2016-08-11,-0.013185184
2016-08-12,0.011986071
2016-08-15,0.02090556
2016-08-16,0.005768814
2016-08-17,0.0037914843
2016-08-18,0.0019281855
2016-08-19,0.0008219718
2016-08-22,-0.010145468
2016-08-23,0.0023101305
2016-08-24,0.00067129475
2016-08-25,-0.0076713744
2016-08-26,0.004692946
2016-08-29,0.003650837
2016-08-30,-0.0002145818
2016-08-31,0.001956393
2016-09-01,-0.0075340173
2016-09-02,-0.0014464139
2016-09-05,0.0059455168
2016-09-06,0.012077053
2016-09-07,0.0014116828
2016-09-08,0.0045070727
2016-09-09,-0.0054422705
2016-09-12,-0.027508121
2016-09-13,0.007963927
2016-09-14,-0.0045136004
2016-09-19,0.011103931
2016-09-20,0.0012318825
2016-09-21,0.0024785548
2016-09-22,0.0060605924
2016-09-23,-0.0018829356
2016-09-26,-0.020340195
2016-09-27,0.007347961
2016-09-28,-0.0009477626
2016-09-29,0.004493346
2016-09-30,0.005920707
2016-10-10,0.01634423
2016-10-11,0.008692057
2016-10-12,0.00059774116
2016-10-13,0.0020241505
2016-10-14,-0.0008807649
2016-10-17,-0.008822864
2016-10-18,0.015067219
2016-10-19,0.001121776
2016-10-20,5.106523e-05
2016-10-21,-0.0036562362
2016-10-24,0.0096638985
2016-10-25,0.005601697
2016-10-26,-0.0028271358
2016-10-27,0.00011659533
2016-10-28,-0.010264418
2016-10-31,-0.00041031616
2016-11-01,0.009907043
2016-11-02,-0.0051058237
2016-11-03,0.007681217
2016-11-04,-0.00279527
2016-11-07,0.0029325932
2016-11-08,0.005903142
2016-11-09,-0.005727894
2016-11-10,0.014572306
2016-11-11,0.008064845
2016-11-14,0.0027482086
2016-11-15,0.0034552068
2016-11-16,8.435473e-05
2016-11-17,0.00049119117
2016-11-18,-0.0053011263
2016-11-21,0.002194045
2016-11-22,0.008934752
2016-11-23,-0.0043488275
2016-11-24,-0.00096751505
2016-11-25,0.00219273
2016-11-28,0.0021426638
2016-11-29,-0.01075429
2016-11-30,-0.0069618127
2016-12-01,0.006993658
2016-12-02,-0.015604928
2016-12-05,-0.008403855
2016-12-06,0.0028344635
2016-12-07,0.012784041
2016-12-08,-0.0026827885
2016-12-09,-0.0005485108
2016-12-12,-0.043056056
2016-12-13,0.0073950305
2016-12-14,-0.0018840109
2016-12-15,0.008483457
2016-12-16,0.008576504
2016-12-19,0.002647506
2016-12-20,-0.004107621
2016-12-21,0.008782499
2016-12-22,0.001560648
2016-12-23,-0.012099609
2016-12-26,0.0027444516
2016-12-27,0.0040670754
2016-12-28,-0.0024741094
2016-12-29,-0.0019849923
2016-12-30,0.0015727534
2017-01-03,0.011337829
2017-01-04,0.010908492
2017-01-05,0.0029997856
2017-01-06,-0.002414712
2017-01-09,0.0076712985
2017-01-10,-0.0027530396
2017-01-11,-0.010591762
2017-01-12,-0.008772891
2017-01-13,-0.014295777
2017-01-16,-0.031057246
2017-01-17,0.0081876125
2017-01-18,0.0011831406
2017-01-19,-0.0049136723
2017-01-20,0.012486815
2017-01-23,0.009086238
2017-01-24,-0.0008814752
2017-01-25,0.0007697817
2017-01-26,0.004942757
2017-02-03,-0.0021677925
2017-02-06,0.009435061
2017-02-07,0.002547127
2017-02-08,0.0059008244
2017-02-09,0.007113358
2017-02-10,0.0026778458
2017-02-13,0.005282882
2017-02-14,0.000477147
2017-02-15,-0.007891774
2017-02-16,0.008742512
2017-02-17,-0.008421182
2017-02-20,0.0108487625
2017-02-21,0.006089783
2017-02-22,0.0046825544
2017-02-23,-0.0038733918
2017-02-24,0.00091984944
2017-02-27,-0.008587154
2017-02-28,0.004111338
2017-03-01,0.0041772095
2017-03-02,-0.0072006704
2017-03-03,-0.00076712255
2017-03-06,0.008702638
2017-03-07,0.0010980635
2017-03-08,-0.0028636167
2017-03-09,-0.0083369445
2017-03-10,-0.00031045772
2017-03-13,0.006022177
2017-03-14,-0.0017672473
2017-03-15,-0.0010454768
2017-03-16,0.009742553
2017-03-17,-0.007964876
2017-03-20,0.003002185
2017-03-21,0.0013982503
2017-03-22,-0.0052695884
2017-03-23,-0.0003497564
2017-03-24,0.0040030153
2017-03-27,-0.002140649
2017-03-28,-0.0026855702
2017-03-29,-0.0035871472
2017-03-30,-0.01806697
2017-03-31,0.00079779443
2017-04-05,0.020143049
2017-04-06,0.0031979172
2017-04-07,0.001999181
2017-04-10,-0.0037694923
2017-04-11,0.008824533
2017-04-12,-0.0048445393
2017-04-13,0.0036818036
2017-04-14,-0.0154530825
2017-04-17,-0.014115786
2017-04-18,-0.008352159
2017-04-19,-0.015914725
2017-04-20,-0.0033417693
2017-04-21,-0.004586518
2017-04-24,-0.03170635
2017-04-25,0.0036845834
2017-04-26,0.003001671
2017-04-27,0.0027858904
2017-04-28,0.0061069396
2017-05-02,0.00034332112
2017-05-03,-0.002016588
2017-05-04,-0.005369508
2017-05-05,-0.015017859
2017-05-08,-0.020509057
2017-05-09,0.004808412
2017-05-10,-0.020682046
2017-05-11,-0.008566418
2017-05-12,-0.0008544233
2017-05-15,0.003624362
2017-05-16,0.018530559
2017-05-17,0.0042475746
2017-05-18,-0.0074484707
2017-05-19,0.0015995977
2017-05-22,-0.017913971
2017-05-23,-0.027375735
2017-05-24,0.0038337517
2017-05-25,0.010521236
2017-05-26,-0.00052625855
2017-05-31,-0.0011206042
2017-06-01,-0.022508962
2017-06-02,0.009960929
2017-06-05,0.007465946
2017-06-06,0.0052122963
2017-06-07,0.019509
2017-06-08,0.0015747049
2017-06-09,0.00275989
2017-06-12,-0.01275379
2017-06-13,0.0122196525
2017-06-14,-0.00094885775
2017-06-15,0.00938794
2017-06-16,-0.00056016387
2017-06-19,0.003973871
2017-06-20,0.0039763427
2017-06-21,0.0025218378
2017-06-22,-0.015199066
2017-06-23,0.0014380952
2017-06-26,0.013936449
2017-06-27,0.0031131718
2017-06-28,-0.0056215557
2017-06-29,0.0045346464
2017-06-30,0.0008882121
2017-07-03,0.006795184
2017-07-04,-0.0034284657
2017-07-05,0.006712313
2017-07-06,0.0016092816
2017-07-07,0.0041909628
2017-07-10,0.0003958671
2017-07-11,-0.008776738
2017-07-12,-0.0030425736
2017-07-13,0.004628872
2017-07-14,-0.0032910835
2017-07-17,-0.045267947
2017-07-18,0.011459903
2017-07-19,0.019259777
2017-07-20,0.00721118
2017-07-21,0.0018007213
2017-07-24,0.007535042
2017-07-25,-0.0044477964
2017-07-26,0.001238604
2017-07-27,0.005099511
2017-07-28,0.0021701204
2017-07-31,0.010403396
2017-08-01,0.000112723545
2017-08-02,-0.007363043
2017-08-03,0.0032852574
2017-08-04,-0.0013278454
2017-08-07,0.0089794
2017-08-08,0.0011987445
2017-08-09,0.00449994
2017-08-10,-0.007452873
2017-08-11,-0.020710694
2017-08-14,0.014461196
2017-08-15,0.0022140911
2017-08-16,0.0015912442
2017-08-17,0.009535723
2017-08-18,0.0009893295
2017-08-21,0.0072476203
2017-08-22,-0.006462262
2017-08-23,-0.00609503
2017-08-24,-0.005201394
2017-08-25,0.009357398
2017-08-28,0.009182472
2017-08-29,-0.00083009276
2017-08-30,0.0055062724
2017-08-31,0.0009264341
2017-09-01,0.005824549
2017-09-04,0.0038169785
2017-09-05,-0.00072469626
2017-09-06,0.0024708728
2017-09-07,-0.0049908035
2017-09-08,0.0029534418
2017-09-11,0.006788657
2017-09-12,-0.0003765157
2017-09-13,0.0045256997
2017-09-14,0.00018283406
2017-09-15,-0.0039131506
2017-09-18,0.0054860534
2017-09-19,-0.003067485
2017-09-20,0.006643885
2017-09-21,-0.009864935
2017-09-22,-0.0057459786
2017-09-25,-0.013313548
2017-09-26,0.0033500094
2017-09-27,0.0056359577
2017-09-28,-0.0042541325
2017-09-29,0.006660228
2017-10-09,0.010805948
2017-10-10,0.0053092814
2017-10-11,-0.0007258658
2017-10-12,-0.0019356611
2017-10-13,0.0031254624
2017-10-16,-0.015018559
2017-10-17,-0.0008228358
2017-10-18,-0.0075973994
2017-10-19,-0.012744518
2017-10-20,0.012546927
2017-10-23,0.0041475394
2017-10-24,-0.003426396
2017-10-25,0.0051597245
2017-10-26,0.0034242133
2017-10-27,-0.006408713
2017-10-30,-0.022394234
2017-10-31,0.006522024
2017-11-01,-0.0020808508
2017-11-02,-0.010660583
2017-11-03,-0.008264627
2017-11-06,0.008601302
2017-11-07,0.005740431
2017-11-08,0.0025390459
2017-11-09,0.0046717077
2017-11-10,0.00045675592
