Date,PortfolioValue
2007-01-22,1.005029635907156
2007-01-23,1.0082884062024622
2007-01-24,1.0065524026831678
2007-01-25,1.0053577006553691
2007-01-26,1.0055964570484286
2007-01-29,1.0086536901893062
2007-01-30,1.0092842868418461
2007-01-31,1.0063200094595774
2007-02-01,1.0058424449807677
2007-02-02,1.0057766900462177
2007-02-05,1.0057032652976523
2007-02-06,1.0062665884332374
2007-02-07,1.0078844737408392
2007-02-08,1.0106066228951365
2007-02-09,1.0119196943731654
2007-02-12,1.0158546871508916
2007-02-13,1.0196212878602644
2007-02-14,1.024808677256833
2007-02-15,1.0282002445183716
2007-02-16,1.029405860155435
2007-02-26,1.034179502425519
2007-02-27,1.0264146065006865
2007-02-28,1.0320399696406575
2007-03-01,1.033688839580045
2007-03-02,1.0362561511025155
2007-03-05,1.0374052246320131
2007-03-06,1.039084803029881
2007-03-07,1.0402639632490638
2007-03-08,1.0425783070447177
2007-03-09,1.0441515757595963
2007-03-12,1.0464120712265343
2007-03-13,1.0497362269962145
2007-03-14,1.048664369861009
2007-03-15,1.051252841022095
2007-03-16,1.0513476228801493
2007-03-19,1.0516878599984112
2007-03-20,1.0530982307065515
2007-03-21,1.05565589072602
2007-03-22,1.0613330575368136
2007-03-23,1.0610494042375933
2007-03-26,1.0626840658106151
2007-03-27,1.0637144275590649
2007-03-28,1.0642665631885058
2007-03-29,1.1451908990718158
2007-03-30,1.1446331138239418
2007-04-02,1.1472864373661982
2007-04-03,1.1483143585876419
2007-04-04,1.1504207994975681
2007-04-05,1.1522967061178722
2007-04-06,1.152018919113874
2007-04-09,1.1525088463593296
2007-04-10,1.1531552228912125
2007-04-11,1.1538569768109144
2007-04-12,1.1576033099021117
2007-04-13,1.2151976047111783
2007-04-16,1.2202367793725564
2007-04-17,1.2218359775081626
2007-04-18,1.2254967541564656
2007-04-19,1.2260088728106575
2007-04-20,1.2312918827525112
2007-04-23,1.2330549237174364
2007-04-24,1.2319803321151914
2007-04-25,1.2363710318100951
2007-04-26,1.2408552153675672
2007-04-27,1.2392424656718015
2007-04-30,1.2616021786577234
2007-05-03,1.2615228983207714
2007-05-04,1.2614436229658745
2007-05-08,1.2651060090195194
2007-05-09,1.2691054754974933
2007-05-10,1.271750547711508
2007-05-11,1.274700960984017
2007-05-14,1.2788326702879165
2007-05-15,1.2791286486451074
2007-05-16,1.2816278304123732
2007-05-17,1.2884614176530678
2007-05-18,1.305138062083869
2007-05-21,1.3109698031240746
2007-05-22,1.3164173646463266
2007-05-23,1.3189171857061568
2007-05-24,1.3177280447734216
2007-05-25,1.3217171134285643
2007-05-28,1.3247439133888792
2007-05-29,1.3265478252454903
2007-05-30,1.3224628432728798
2007-05-31,1.3305026672149138
2007-06-01,1.3384923983225363
2007-06-04,1.3340244411187214
2007-06-05,1.3322458695846995
2007-06-06,1.3312968309124176
2007-06-07,1.3298437194631654
2007-06-08,1.3330769575853365
2007-06-11,1.3356537876628314
2007-06-12,1.334747145248997
2007-06-13,1.3368554054142265
2007-06-14,1.3364332301610329
2007-06-15,1.3379839887594183
2007-06-18,1.3429220086677018
2007-06-19,1.344029510252058
2007-06-20,1.3434842902384763
2007-06-21,1.347863869359213
2007-06-22,1.3480514403506183
2007-06-25,1.345828262575577
2007-06-26,1.342742058446624
2007-06-27,1.3429154485871941
2007-06-28,1.343464912632637
2007-06-29,1.3542242869078793
2007-07-02,1.3506531199201472
2007-07-03,1.3513214256721395
2007-07-04,1.3507920593549927
2007-07-05,1.377678550326896
2007-07-06,1.378286130840593
2007-07-09,1.3803533844886626
2007-07-10,1.377514833209741
2007-07-11,1.3758449368340901
2007-07-12,1.3760282118343776
2007-07-13,1.376669426311268
2007-07-16,1.3765762002591422
2007-07-17,1.3787157803114078
2007-07-18,1.3806616054176335
2007-07-19,1.382090786546487
2007-07-20,1.3835945846697957
2007-07-23,1.3855920698412922
2007-07-24,1.382866175533135
2007-07-25,1.38488181476579
2007-07-26,1.383988332672635
2007-07-27,1.3859599729845706
2007-07-30,1.3893460975103065
2007-07-31,1.3930606599838569
2007-08-01,1.390174938052322
2007-08-02,1.3924775171327295
2007-08-03,1.3940487348951827
2007-08-06,1.3928263591168428
2007-08-07,1.3930814595409946
2007-08-08,1.3928984957760597
2007-08-09,1.3951859211876787
2007-08-10,1.3947749532562814
2007-08-13,1.3964861031047702
2007-08-14,1.3975591569663928
2007-08-15,1.3972864554408009
2007-08-16,1.3947945730328517
2007-08-17,1.3930405450316166
2007-08-20,1.3974402111770068
2007-08-21,1.400455945996903
2007-08-22,1.4032508814432127
2007-08-23,1.4046042161638215
2007-08-24,1.4091627045479094
2007-08-27,1.45253895517426
2007-08-28,1.4539991278820943
2007-08-29,1.4508130431828086
2007-08-30,1.4529044818200643
2007-08-31,1.4534819290773773
2007-09-03,1.4549123409863494
2007-09-04,1.4548823115943228
2007-09-05,1.4699480774358804
2007-09-06,1.472770830629637
2007-09-07,1.4680500788672803
2007-09-10,1.4676266200113506
2007-09-11,1.4612141654968125
2007-09-12,1.4618597824695048
2007-09-13,1.463742105873705
2007-09-14,1.4676823684595546
2007-09-17,1.4695604204839077
2007-09-18,1.465468841773697
2007-09-19,1.4637124233119385
2007-09-20,1.4665914744701118
2007-09-21,1.4673186078543805
2007-09-24,1.4644251432251205
2007-09-25,1.4618515349075716
2007-09-26,1.4614875384305854
2007-09-27,1.465276035791316
2007-09-28,1.4690087949255046
2007-10-08,1.4691496636230974
2007-10-09,1.4691654231624471
2007-10-10,1.4694890469528181
2007-10-11,1.4720451178047693
2007-10-12,1.4708831845570962
2007-10-15,1.47431873370815
2007-10-16,1.4757018775004676
2007-10-17,1.4780567340375432
2007-10-18,1.4753461267105088
2007-10-19,1.4767510249260383
2007-10-22,1.4736574106979752
2007-10-23,1.4747338448394156
2007-10-24,1.475919489282656
2007-10-25,1.4723803840426049
2007-10-26,1.5761453933307918
2007-10-29,1.574372373816109
2007-10-30,1.6078321563410336
2007-10-31,1.6162077597959927
2007-11-01,1.618002028044082
2007-11-02,1.6158277316216667
2007-11-05,1.6138221054874424
2007-11-06,1.6132733667821195
2007-11-07,1.6138021009743975
2007-11-08,1.6066058951456919
2007-11-09,1.601015984884198
2007-11-12,1.5908399309337062
2007-11-13,1.5908748378742275
2007-11-14,1.5960838305355372
2007-11-15,1.593894045108896
2007-11-16,1.5921802165507983
2007-11-19,1.6072794680646936
2007-11-20,1.6095575797970267
2007-11-21,1.608364639837036
2007-11-22,1.6072102718104728
2007-11-23,1.6067271825873894
2007-11-26,1.6075964663385365
2007-11-27,1.6075286258392842
2007-11-28,1.6059097806552087
2007-11-29,1.606542867678336
2007-11-30,1.6131691732918563
2007-12-03,1.6118933670938163
2007-12-04,1.61194625634564
2007-12-05,1.6135712009104404
2007-12-06,1.615535362374693
2007-12-07,1.6178723786730096
2007-12-10,1.6224738144220108
2007-12-11,1.6256949399832277
2007-12-12,1.625140678409835
2007-12-13,1.6241208265411264
2007-12-14,1.6251455805685218
2007-12-17,1.6220609519596874
2007-12-18,1.6191754021669504
2007-12-19,1.6235579519968193
2007-12-20,1.625416394563377
2007-12-21,1.625828828813085
2007-12-24,1.6300837523779568
2007-12-25,1.6310529765481354
2007-12-26,1.632695639341933
2007-12-27,1.6743148701935961
2007-12-28,1.677118738672009
2008-01-02,1.6823182354514046
2008-01-03,1.6842933007043301
2008-01-04,1.6860212077513033
2008-01-07,1.6898772445109653
2008-01-08,1.69060515902067
2008-01-09,1.6935386514385244
2008-01-10,1.6963091289341699
2008-01-11,1.6987561228671273
2008-01-14,1.7000451304645872
2008-01-15,1.7004188051724525
2008-01-16,1.700212892024986
2008-01-17,1.6986173842152807
2008-01-18,1.6996895631981568
2008-01-21,1.6966603782452836
2008-01-22,1.690674182563662
2008-01-23,1.693987994850804
2008-01-24,1.696532240557232
2008-01-25,1.6960526139113499
2008-01-28,1.6923433618868944
2008-01-29,1.6867247027372332
2008-01-30,1.6873125702155571
2008-01-31,1.6840212210364585
2008-02-01,1.6790656683608833
2008-02-04,1.6823328331976881
2008-02-05,1.6804576559050015
2008-02-13,1.6777407295068731
2008-02-14,1.6801496987787299
2008-02-15,1.6796313537054162
2008-02-18,1.6825708774565062
2008-02-19,1.6829421563670646
2008-02-20,1.6834203675312511
2008-02-21,1.6816688622096305
2008-02-22,1.6777068043210748
2008-02-25,1.6747185553656285
2008-02-26,1.6686987688506403
2008-02-27,1.6711689095914533
2008-02-28,1.673803508601786
2008-02-29,1.67500735018326
2008-03-03,1.6767622291845254
2008-03-04,1.6740893469948859
2008-03-05,1.672060619316422
2008-03-06,1.6727846296266724
2008-03-07,1.6728264370606714
2008-03-10,1.6709125591130345
2008-03-11,1.66779798426479
2008-03-12,1.6660368214618577
2008-03-13,1.664002520636318
2008-03-14,1.6620771107955532
2008-03-17,1.658222030430961
2008-03-18,1.6555335501242732
2008-03-19,1.6540400782077238
2008-03-20,1.6543747265496707
2008-03-21,1.6524957863077312
2008-03-24,1.6507597214813587
2008-03-25,1.652526479324629
2008-03-26,1.6516770331140849
2008-03-27,1.6519228067594744
2008-03-28,1.6528022759832797
2008-03-31,1.6504587886459103
2008-04-01,1.648091428679861
2008-04-02,1.646640145322484
2008-04-03,1.6421500194879188
2008-04-07,1.6457883683776002
2008-04-08,1.6449550750381237
2008-04-09,1.6465654000668655
2008-04-10,1.6437791118310674
2008-04-11,1.6456170815794888
2008-04-14,1.8077229622834432
2008-04-15,1.806346346114123
2008-04-16,1.8051835133040863
2008-04-17,1.8033915792738273
2008-04-18,1.805426475492178
2008-04-21,1.7988949899789486
2008-04-22,1.7966280965248485
2008-04-23,1.7960307279976362
2008-04-24,1.8032679236389257
2008-04-25,1.7956425140856243
2008-04-28,1.793493931079311
2008-04-29,1.7970903859160776
2008-04-30,1.7987469562287017
2008-05-05,1.8033992088278212
2008-05-06,1.8036612107721968
2008-05-07,1.8034592942763505
2008-05-08,1.8016611208459512
2008-05-09,1.7994101330402335
2008-05-12,1.7978061363914235
2008-05-13,1.7944285419485226
2008-05-14,1.7944884105501662
2008-05-15,1.795693080180211
2008-05-16,1.7940317699075081
2008-05-19,1.793189927002458
2008-05-20,1.783142299432057
2008-05-21,1.783203854790753
2008-05-22,1.778881076386298
2008-05-23,1.7770513461224269
2008-05-26,1.7727633951296846
2008-05-27,1.7711162012806214
2008-05-28,1.7719302629329028
2008-05-29,1.7672023297907018
2008-05-30,1.7649536163739667
2008-06-02,1.7654902250366356
2008-06-03,1.7652415690857042
2008-06-04,1.766678900420201
2008-06-05,1.7660348479650938
2008-06-06,1.7635511454931685
2008-06-10,1.7530133898193663
2008-06-11,1.7541293100953055
2008-06-12,1.7473023806469614
2008-06-13,1.7419831742827265
2008-06-16,1.7373088501074723
2008-06-17,1.7358060390305465
2008-06-18,1.7330480831191033
2008-06-19,1.726052237769962
2008-06-20,1.7263673921505613
2008-06-23,1.7218047212493677
2008-06-24,1.7177190405528524
2008-06-25,1.720250669282868
2008-06-26,1.718862499234912
2008-06-27,1.7182830925000607
2008-06-30,1.713130521517065
2008-07-01,1.7090699948370283
2008-07-02,1.7063543742009888
2008-07-03,1.7062781349746114
2008-07-04,1.7033739175540241
2008-07-07,1.7033701627056055
2008-07-08,1.7298737905700468
2008-07-09,1.731779278875384
2008-07-10,1.7313429494290244
2008-07-11,1.7327011963285852
2008-07-14,1.7321449800582056
2008-07-15,1.728227425609074
2008-07-16,1.7259668529929728
2008-07-17,1.724627284774246
2008-07-18,1.724620461647323
2008-07-21,1.7292257024505073
2008-07-22,1.7283796796116575
2008-07-23,1.7287209935513135
2008-07-24,1.7312480950633562
2008-07-25,1.7318160842759216
2008-07-28,1.7314533412733368
2008-07-29,1.7278962305719123
2008-07-30,1.725739083359912
2008-07-31,1.7236625899314044
2008-08-01,1.7206877291838927
2008-08-04,1.7202545959533073
2008-08-05,1.7131254389846373
2008-08-06,1.7103524548227884
2008-08-07,1.7081150236775178
2008-08-08,1.70536650838138
2008-08-11,1.7011975669224406
2008-08-12,1.6932576490776985
2008-08-13,1.6917506723001383
2008-08-14,1.6955071783963191
2008-08-15,1.6977426240075237
2008-08-18,1.6974877585984622
2008-08-19,1.6975598749295215
2008-08-20,1.7017605623663197
2008-08-21,1.6955430845525024
2008-08-22,1.6928221039931524
2008-08-25,1.6922823139106267
2008-08-26,1.6920924462846352
2008-08-27,1.685033558234211
2008-08-28,1.6771248858249341
2008-08-29,1.6753073640105705
2008-09-01,1.6728685938267818
2008-09-02,1.6632176260501128
2008-09-03,1.650156503853644
2008-09-04,1.6475436354380604
2008-09-05,1.6470245790417761
2008-09-08,1.6447231963812616
2008-09-09,1.6420426880208558
2008-09-10,1.6419479837382884
2008-09-11,1.641402515855551
2008-09-12,1.6361746229995213
2008-09-16,1.630179065730032
2008-09-17,1.6274320710304724
2008-09-18,1.6232044507197751
2008-09-19,1.633021929996771
2008-09-22,1.6300672200548338
2008-09-23,1.6280067156034723
2008-09-24,1.625999475666713
2008-09-25,1.6263725737578156
2008-09-26,1.6259130026980086
2008-10-06,1.6237239251744482
2008-10-07,1.6231274756017842
2008-10-08,1.6222249535732804
2008-10-09,1.619852023757372
2008-10-10,1.6199785562768774
2008-10-13,1.6194468771602284
2008-10-14,1.6196859810147646
2008-10-15,1.6173872424272173
2008-10-16,1.6144917918078687
2008-10-17,1.6108677203669168
2008-10-20,1.6078465381258782
2008-10-21,1.6052148427576851
2008-10-22,1.6030524024897799
2008-10-23,1.6012860320102988
2008-10-24,1.599916116680144
2008-10-27,1.5991987317942338
2008-10-28,1.5970837209369295
2008-10-29,1.5941241620646267
2008-10-30,1.5901674053353336
2008-10-31,1.5892889371595105
2008-11-03,1.5887730731527128
2008-11-04,1.590568094658988
2008-11-05,1.588076806130274
2008-11-06,1.5822207742514405
2008-11-07,1.5795118827112908
2008-11-10,1.5791879834038913
2008-11-11,1.575638695531876
2008-11-12,1.57273327110302
2008-11-13,1.5715456427885823
2008-11-14,1.5711511050817646
2008-11-17,1.5686129140883904
2008-11-18,1.5638784360571225
2008-11-19,1.565555869077384
2008-11-20,1.5555183116700046
2008-11-21,1.5569009526758741
2008-11-24,1.5549563198321041
2008-11-25,1.5534095166934634
2008-11-26,1.554388078246222
2008-11-27,1.5552728887733687
2008-11-28,1.5558012184770926
2008-12-01,1.55595075896035
2008-12-02,1.5562408867212432
2008-12-03,1.555747109949953
2008-12-04,1.5543068982934258
2008-12-05,1.550931785633078
2008-12-08,1.555827582899732
2008-12-09,1.556111816186957
2008-12-10,1.56012009503348
2008-12-11,1.5601278117774797
2008-12-12,1.5570831277942578
2008-12-15,1.555879335663014
2008-12-16,1.5578327116271837
2008-12-17,1.560934489337025
2008-12-18,1.561998790693006
2008-12-19,1.5630498114797988
2008-12-22,1.5624733992746938
2008-12-23,1.5604731981524296
2008-12-24,1.5541896814015081
2008-12-25,1.5557984024207863
2008-12-26,1.5572319819449258
2008-12-29,1.5561696406990855
2008-12-30,1.5552818227906537
2008-12-31,1.5532716640900768
2009-01-05,1.5513039901002899
2009-01-06,1.549790269966881
2009-01-07,1.5498966475737364
2009-01-08,1.5490478884472936
2009-01-09,1.549386582418463
2009-01-12,1.5469441853632948
2009-01-13,1.5465242553235767
2009-01-14,1.5488045333032001
2009-01-15,1.5461315282163155
2009-01-16,1.550455441410128
2009-01-19,1.5501766879377974
2009-01-20,1.5540126308797624
2009-01-21,1.5540291607402117
2009-01-22,1.55573775351394
2009-01-23,1.558591849376495
2009-02-02,1.5618596196112535
2009-02-03,1.5637043238327786
2009-02-04,1.5682282116798592
2009-02-05,1.5681610126296361
2009-02-06,1.5734574920598905
2009-02-09,1.577602991389671
2009-02-10,1.580508994242641
2009-02-11,1.583154992222217
2009-02-12,1.5811301211705366
2009-02-13,1.5842287754755808
2009-02-16,1.5906834693047605
2009-02-17,1.5900420424333688
2009-02-18,1.5861088031161683
2009-02-19,1.5874673324009478
2009-02-20,1.5860576501496257
2009-02-23,1.5907134639429672
2009-02-24,1.5852464041308276
2009-02-25,1.5824739179428222
2009-02-26,1.5765689682525712
2009-02-27,1.5764346992018552
2009-03-02,1.5759698157907776
2009-03-03,1.5767026339385575
2009-03-04,1.5825614066772409
2009-03-05,1.5832208382341115
2009-03-06,1.5814444809179322
2009-03-09,1.5804343766699034
2009-03-10,1.5819888996943192
2009-03-11,1.5819816199464236
2009-03-12,1.582324881224502
2009-03-13,1.5811335072590662
2009-03-16,1.5829699703247768
2009-03-17,1.585584193337538
2009-03-18,1.5844917695194476
2009-03-19,1.585695664606973
2009-03-20,1.5862410682429338
2009-03-23,1.5880557579443375
2009-03-24,1.5898956371290558
2009-03-25,1.5914984597664443
2009-03-26,1.5920114284824696
2009-03-27,1.5926375182494505
2009-03-30,1.5923156382800718
2009-03-31,1.591156714689323
2009-04-01,1.5918803008255675
2009-04-02,1.5910063676041832
2009-04-03,1.5923477815218445
2009-04-07,1.5964405255264984
2009-04-08,1.6045878137340304
2009-04-09,1.6385638668699511
2009-04-10,1.639745117916021
2009-04-13,1.643304779555168
2009-04-14,1.6479908742403349
2009-04-15,1.6493042170908114
2009-04-16,1.6508178983824016
2009-04-17,1.7770082105843175
2009-04-20,1.7795147005688308
2009-04-21,1.7825834682516177
2009-04-22,1.7851963392015116
2009-04-23,1.783269712893021
2009-04-24,1.7828138423971671
2009-04-27,1.7795453579965448
2009-04-28,1.7790921034223366
2009-04-29,1.7776600736480177
2009-04-30,1.777778864873602
2009-05-04,1.7789742512591078
2009-05-05,1.7781923782505755
2009-05-06,1.778937285371161
2009-05-07,1.7756016154180971
2009-05-08,1.7735362402047277
2009-05-11,1.7734868724119874
2009-05-12,1.7756331032413986
2009-05-13,1.776627402044152
2009-05-14,1.7768227367349203
2009-05-15,1.7802422585042028
2009-05-18,1.784284359917281
2009-05-19,1.784003632821455
2009-05-20,1.7824147180411558
2009-05-21,1.781262244051643
2009-05-22,1.7811127904942903
2009-05-25,1.7763886481446245
2009-05-26,1.7778472469898643
2009-05-27,1.7776263219319477
2009-06-01,1.7788953483786658
2009-06-02,1.7778418056944767
2009-06-03,1.7796463761854069
2009-06-04,1.7820885413126768
2009-06-05,2.1479957005942687
2009-06-08,2.151014890107559
2009-06-09,2.152610644375853
2009-06-10,2.15502462164342
2009-06-11,2.158770337797877
2009-06-12,2.1542534079836986
2009-06-15,2.1564145118513194
2009-06-16,2.15676660756565
2009-06-17,2.162751956116264
2009-06-18,2.163635688629207
2009-06-19,2.169875862638998
2009-06-22,2.167139997822362
2009-06-23,2.1681291373176568
2009-06-24,2.1687339574186395
2009-06-25,2.16706918399129
2009-06-26,2.166438977370079
2009-06-29,2.166759885295761
2009-06-30,2.166588181287317
2009-07-01,2.164375469004422
2009-07-02,2.164089699687171
2009-07-03,2.165015684383237
2009-07-06,2.170347577007969
2009-07-07,2.1730537608441494
2009-07-08,2.1724592434849006
2009-07-09,2.174195424924908
2009-07-10,2.1760091392014993
2009-07-13,2.1811807068658156
2009-07-14,2.186397174869612
2009-07-15,2.187768004007491
2009-07-16,2.185020716068528
2009-07-17,2.184444201595208
2009-07-20,2.1826893493840984
2009-07-21,2.1746083481821494
2009-07-22,2.173830690497794
2009-07-23,2.1787070342962505
2009-07-24,2.1745564893661937
2009-07-27,2.17828113215188
2009-07-28,2.176026236309521
2009-07-29,2.1642429743704215
2009-07-30,2.1606334908892113
2009-07-31,2.166063931487654
2009-08-03,2.1662881487176664
2009-08-04,2.162749451867964
2009-08-05,2.164154674180952
2009-08-06,2.1610682908051544
2009-08-07,2.1630103886137997
2009-08-10,2.164939556771589
2009-08-11,2.166543498373769
2009-08-12,2.1586000917772123
2009-08-13,2.1537669056611604
2009-08-14,2.1438167886556485
2009-08-17,2.1380975082870033
2009-08-18,2.1280270080001746
2009-08-19,2.127005277986814
2009-08-20,2.1321406092244803
2009-08-21,2.1354981168408362
2009-08-24,2.1429101188642834
2009-08-25,2.1409449341492888
2009-08-26,2.143208081261672
2009-08-27,2.1453593809572515
2009-08-28,2.1413003378306747
2009-08-31,2.13354783849581
2009-09-01,2.126641393069434
2009-09-02,2.123372931178663
2009-09-03,2.130713139353597
2009-09-04,2.1341574492723803
2009-09-07,2.1378200756548944
2009-09-08,2.1379505054644503
2009-09-09,2.1361940375862263
2009-09-10,2.1356803057313773
2009-09-11,2.3635359812755756
2009-09-14,2.367726615546881
2009-09-15,2.365178007092961
2009-09-16,2.3626595797547547
2009-09-17,2.366243222451802
2009-09-18,2.3635152536118738
2009-09-21,2.3678705498573267
2009-09-22,2.3672841187333793
2009-09-23,2.3633750901557686
2009-09-24,2.3615214251871346
2009-09-25,2.360716659263638
2009-09-28,2.360012892797833
2009-09-29,2.351945626024393
2009-09-30,2.353865023709988
2009-10-09,2.3563115099628114
2009-10-12,2.3583441413784403
2009-10-13,2.360943539183435
2009-10-14,2.363012662437814
2009-10-15,2.3612889571831475
2009-10-16,2.3650209630399552
2009-10-19,2.3681675062113166
2009-10-20,2.368376073797674
2009-10-21,2.3653287222984565
2009-10-22,2.36199872398461
2009-10-23,2.3629566604207213
2009-10-26,2.3634899149397257
2009-10-27,2.3634272139904753
2009-10-28,2.379297676667335
2009-10-29,2.377066646832119
2009-10-30,2.381656114518143
2009-11-02,2.3865311743176036
2009-11-03,2.3885112386550222
2009-11-04,2.3895712377792386
2009-11-05,2.3906195225640086
2009-11-06,2.391892630185971
2009-11-09,2.393079427031194
2009-11-10,2.3964944624674365
2009-11-11,2.395154916790892
2009-11-12,2.395984393646204
2009-11-13,2.4095424823758003
2009-11-16,2.4106903970330955
2009-11-17,2.412695950585591
2009-11-18,2.41420784416353
2009-11-19,2.4168485484854543
2009-11-20,2.4171134981801963
2009-11-23,2.4197216179564243
2009-11-24,2.4138642504593477
2009-11-25,2.416539490209169
2009-11-26,2.4079318996369325
2009-11-27,2.4063783311162896
2009-11-30,2.4117591359899966
2009-12-01,2.4175294331467208
2009-12-02,2.4176262258213126
2009-12-03,2.4123532889562096
2009-12-04,2.408157759962218
2009-12-07,2.4076615810749464
2009-12-08,2.406597269127617
2009-12-09,2.4039352816780664
2009-12-10,2.406658634069444
2009-12-11,2.405539917445688
2009-12-14,2.404356480522201
2009-12-15,2.4030929906007
2009-12-16,2.4009421701345763
2009-12-17,2.3966134128678043
2009-12-18,2.3906412307668794
2009-12-21,2.390115243911022
2009-12-22,2.3894932209747153
2009-12-23,2.390599705028238
2009-12-24,2.393762931996935
2009-12-25,2.3962148387222033
2009-12-28,2.398157660728957
2009-12-29,2.4029731504894647
2009-12-30,2.4029477215609485
2009-12-31,2.402091374037032
2010-01-04,2.4025721923660726
2010-01-05,2.4012237851422724
2010-01-06,2.397379209781431
2010-01-07,2.3946086680311796
2010-01-08,2.3946465221515507
2010-01-11,2.3935854216999672
2010-01-12,2.396384045144949
2010-01-13,2.3948655629528175
2010-01-14,2.4001808612524607
2010-01-15,2.401910796221537
2010-01-18,2.408696705004996
2010-01-19,2.410789864267626
2010-01-20,2.4061958172946776
2010-01-21,2.4073870965274606
2010-01-22,2.403336720986526
2010-01-25,2.399754946162873
2010-01-26,2.3921489490039036
2010-01-27,2.39034937578791
2010-01-28,2.3904957344400963
2010-01-29,2.3926216760055086
2010-02-01,2.394059599081407
2010-02-02,2.391881093717805
2010-02-03,2.392664020258429
2010-02-04,2.394158709807046
2010-02-05,2.388415906155292
2010-02-08,2.386494320023836
2010-02-09,2.3880888854950078
2010-02-10,2.391099617395929
2010-02-11,2.3906340297805793
2010-02-12,2.4455699322903173
2010-02-22,2.447316711377373
2010-02-23,2.4456262152459014
2010-02-24,2.4526885433011363
2010-02-25,2.4571797030224154
2010-02-26,2.460345766361009
2010-03-01,2.4608785214527447
2010-03-02,2.4587132359124713
2010-03-03,2.4573391652389165
2010-03-04,2.451718197477097
2010-03-05,2.452727776305666
2010-03-08,2.4552452988496145
2010-03-09,2.4532179183104175
2010-03-10,2.4515653974071587
2010-03-11,2.453103851304661
2010-03-12,2.4464823284493296
2010-03-15,2.4432787780099323
2010-03-16,2.442415819299254
2010-03-17,2.4462908697859826
2010-03-18,2.471100321134695
2010-03-19,2.470025724045335
2010-03-22,2.467961177185725
2010-03-23,2.4718346886664087
2010-03-24,2.4747177952631216
2010-03-25,2.475129058088074
2010-03-26,2.4758731267093776
2010-03-29,2.4774849360860913
2010-03-30,2.4772565954625905
2010-03-31,2.476047065304372
2010-04-01,2.4786248390320518
2010-04-02,2.4803938565479235
2010-04-06,2.4812740068801973
2010-04-07,2.482553171221821
2010-04-08,2.4818484998637613
2010-04-09,2.4838355121719577
2010-04-12,2.4867949210008673
2010-04-13,2.4896850653854155
2010-04-14,2.488732342776433
2010-04-15,2.4881608173027394
2010-04-16,2.4883927500047403
2010-04-19,2.483310702092553
2010-04-20,2.4855525726038388
2010-04-21,2.486325753801826
2010-04-22,2.4852927988898004
2010-04-23,2.4806713263724425
2010-04-26,2.477764432259413
2010-04-27,2.4748251995824826
2010-04-28,2.4734574357887222
2010-04-29,2.4688967610323087
2010-04-30,2.466779123500762
2010-05-04,2.465940460367969
2010-05-05,2.4708188756150404
2010-05-06,2.4655311144270704
2010-05-07,2.4612555618450798
2010-05-10,2.45599925746733
2010-05-11,2.4508399033796886
2010-05-12,2.449288585704711
2010-05-13,2.4549921840180695
2010-05-14,2.4590754424031847
2010-05-17,2.4558481700031853
2010-05-18,2.44799103673588
2010-05-19,2.4481211563247633
2010-05-20,2.4454034518001864
2010-05-21,2.4443708900658008
2010-05-24,2.449575837775303
2010-05-25,2.4452766270145307
2010-05-26,2.4468372031564822
2010-05-27,2.4488653351122798
2010-05-28,2.454523483289729
2010-05-31,2.4562282569354768
2010-06-01,2.4552330662246247
2010-06-02,2.4553985380220444
2010-06-03,2.4586503154447175
2010-06-04,2.4593100535643058
2010-06-07,2.4564723173260905
2010-06-08,2.455022624737567
2010-06-09,2.4538354616932923
2010-06-10,2.453148912527459
2010-06-11,2.4532122125562177
2010-06-15,2.4531491518216146
2010-06-17,2.447561106446212
2010-06-18,2.4447373133634973
2010-06-21,2.4475152534299047
2010-06-22,2.4473469935186505
2010-06-23,2.449227867173931
2010-06-24,2.4527581317182086
2010-06-25,2.449707561923348
2010-06-28,2.4486532629063564
2010-06-29,2.444241191329929
2010-06-30,2.4434809587333484
2010-07-01,2.438707726704356
2010-07-02,2.4344265754061962
2010-07-05,2.432945725767626
2010-07-06,2.4343747703523357
2010-07-07,2.4341641650324557
2010-07-08,2.4351493583950377
2010-07-09,2.436159651371462
2010-07-12,2.438269437281423
2010-07-13,2.436170148748652
2010-07-14,2.4379276689118514
2010-07-15,2.4375110961935373
2010-07-16,2.437042704090052
2010-07-19,2.4357848783902933
2010-07-20,2.4377918590234198
2010-07-21,2.4382284673312506
2010-07-22,2.4378268113308192
2010-07-23,2.441423617816647
2010-07-26,2.445123146918037
2010-07-27,2.448999040792759
2010-07-28,2.4512244344385685
2010-07-29,2.45112458415601
2010-07-30,2.4505399687570937
2010-08-02,2.453211729280737
2010-08-03,2.451230244945823
2010-08-04,2.4501306675857
2010-08-05,2.451321505286808
2010-08-06,2.4513193596660625
2010-08-09,2.4527364545251986
2010-08-10,2.4481180307124557
2010-08-11,2.4470003045793978
2010-08-12,2.446877170999684
2010-08-13,2.4498111659257553
2010-08-16,2.4539010300415485
2010-08-17,2.4577006116182227
2010-08-18,2.4549621841682034
2010-08-19,2.4555903054723274
2010-08-20,2.454750464277442
2010-08-23,2.4547906479493236
2010-08-24,2.4603003712180773
2010-08-25,2.45859154856666
2010-08-26,2.4586987801630467
2010-08-27,2.4625487506752273
2010-08-30,2.4637187780244743
2010-08-31,2.464528676473863
2010-09-01,2.462706022309766
2010-09-02,2.462014490409567
2010-09-03,2.4607097528153146
2010-09-06,2.4611090042792876
2010-09-07,2.4584538126646374
2010-09-08,2.459468502449027
2010-09-09,2.4600821746488015
2010-09-10,2.4636790228529386
2010-09-13,2.4643197697910626
2010-09-14,2.46724745597279
2010-09-15,2.4674472762156507
2010-09-16,2.464255975773571
2010-09-17,2.4654859915089387
2010-09-20,2.497183758868173
2010-09-21,2.5013840075183476
2010-09-27,2.503766527106393
2010-09-28,2.50277661009711
2010-09-29,2.4985844577417606
2010-09-30,2.501809462529101
2010-10-08,2.5043764495001026
2010-10-11,2.5030206787435265
2010-10-12,2.4997848204266453
2010-10-13,2.499684736715386
2010-10-14,2.501417122163168
2010-10-15,2.5082328036008468
2010-10-18,2.504826447312805
2010-10-19,2.508298226072081
2010-10-20,2.506863653561568
2010-10-21,2.5028636682448404
2010-10-22,2.502960028558606
2010-10-25,2.505380260899278
2010-10-26,2.500906968015452
2010-10-27,2.501866019660312
2010-10-28,2.500225390239992
2010-10-29,2.499134848128042
2010-11-01,2.5023697630193564
2010-11-02,2.5040897805227553
2010-11-03,2.505828717868979
2010-11-04,2.5076406591569755
2010-11-05,2.509510996351294
2010-11-08,2.5138647705284902
2010-11-09,2.5167281873054863
2010-11-10,2.5165054258556685
2010-11-11,2.5165066260483737
2010-11-12,2.5073804918027682
2010-11-15,2.508731713132669
2010-11-16,2.500798919266704
2010-11-17,2.4941091762538146
2010-11-18,2.494646647406609
2010-11-19,2.4935729741058705
2010-11-22,2.493139723081785
2010-11-23,2.4888266938562063
2010-11-24,2.49020065218704
2010-11-25,2.4904162834078605
2010-11-26,2.487696748410467
2010-11-29,2.485976991950933
2010-11-30,2.4810986274347435
2010-12-01,2.483739057373163
2010-12-02,2.4831344315468025
2010-12-03,2.4856787701360803
2010-12-06,2.484198004722242
2010-12-07,2.487013115097454
2010-12-08,2.487511451790594
2010-12-09,2.4883032937420664
2010-12-10,2.488672227703579
2010-12-13,2.4901902497264192
2010-12-14,2.4880341787711733
2010-12-15,2.4873581868290913
2010-12-16,2.4892819116920344
2010-12-17,2.4889710110737724
2010-12-20,2.4852559538823753
2010-12-21,2.4875820259619403
2010-12-22,2.4851379148428245
2010-12-23,2.4847373962545944
2010-12-24,2.484794783778857
2010-12-27,2.480955693511539
2010-12-28,2.4731772595179202
2010-12-29,2.475174706603119
2010-12-30,2.4748542623147713
2010-12-31,2.476361255839958
2011-01-04,2.477760147496673
2011-01-05,2.4762308875430445
2011-01-06,2.4766974639484096
2011-01-07,2.475625820521891
2011-01-10,2.474002055423216
2011-01-11,2.473215474019011
2011-01-12,2.4757110501198265
2011-01-13,2.4755028646816544
2011-01-14,2.4744580258691893
2011-01-17,2.468201602589342
2011-01-18,2.4698930573463542
2011-01-19,2.472902749178619
2011-01-20,2.4682629247163956
2011-01-21,2.4670120579009995
2011-01-24,2.4656886134388807
2011-01-25,2.4697226449977108
2011-01-26,2.468176362789828
2011-01-27,2.4682138379278076
2011-01-28,2.4677289784863707
2011-01-31,2.471919389928688
2011-02-01,2.4732177329512828
2011-02-09,2.47189505843931
2011-02-10,2.4747001532599633
2011-02-11,2.4756056748674062
2011-02-14,2.479803664306759
2011-02-15,2.4820585177702563
2011-02-16,2.4848158207281767
2011-02-17,2.486417555173083
2011-02-18,2.4875980829872923
2011-02-21,2.486735545902982
2011-02-22,2.481818733959587
2011-02-23,2.4805877675556105
2011-02-24,2.4790459187194474
2011-02-25,2.477973516529099
2011-02-28,2.482088990922641
2011-03-01,2.4849793325292167
2011-03-02,2.4876765760491817
2011-03-03,2.4890327389106326
2011-03-04,2.490247973930486
2011-03-07,2.4914370132921757
2011-03-08,2.493890375162259
2011-03-09,2.4951480006165236
2011-03-10,2.4960343390393116
2011-03-11,2.4913202587170025
2011-03-14,2.4897769493091464
2011-03-15,2.484866139811907
2011-03-16,2.487436293595348
2011-03-17,2.486623939955902
2011-03-18,2.4894029694129527
2011-03-21,2.489769410700453
2011-03-22,2.4892769095189324
2011-03-23,2.490273589390856
2011-03-24,2.488896127206185
2011-03-25,2.4896024185424936
2011-03-28,2.489263079857464
2011-03-29,2.483568288298808
2011-03-30,2.4843242981780267
2011-03-31,2.484164199600478
2011-04-01,2.487016229450446
2011-04-06,2.488407724113035
2011-04-07,2.489903709502291
2011-04-08,2.4939235648380143
2011-04-11,2.495509198464998
2011-04-12,2.4978422891095127
2011-04-13,2.4990406216689784
2011-04-14,2.503228844397225
2011-04-15,2.504404553490096
2011-04-18,2.5083204944231454
2011-04-19,2.5095393381320688
2011-04-20,2.5081435770616682
2011-04-21,2.51129568965372
2011-04-22,2.5121949165849298
2011-04-25,2.509392216082921
2011-04-26,2.5056890700014813
2011-04-27,2.505975547781896
2011-04-28,2.499869036307107
2011-04-29,2.50752281528475
2011-05-03,2.5118336093141354
2011-05-04,2.5122450299274317
2011-05-05,2.514311881818288
2011-05-06,2.5152811631037455
2011-05-09,2.517966144845713
2011-05-10,2.5192620339130944
2011-05-11,2.5154595250181795
2011-05-12,2.5164150454423644
2011-05-13,2.5182880558240925
2011-05-16,2.5131020890620883
2011-05-17,2.509214902010818
2011-05-18,2.5084488221456405
2011-05-19,2.5074280064554806
2011-05-20,2.509531962372958
2011-05-23,2.50260793616969
2011-05-24,2.4998865837255355
2011-05-25,2.501278897740865
2011-05-26,2.498588867130681
2011-05-27,2.490158808508683
2011-05-30,2.4848418938175394
2011-05-31,2.4884881334666673
2011-06-01,2.4895558007875134
2011-06-02,2.4852177764271874
2011-06-03,2.4868961799283666
2011-06-07,2.4878161084369586
2011-06-08,2.4909190953006908
2011-06-09,2.4863331498889703
2011-06-10,2.4842777199421335
2011-06-13,2.482114904433574
2011-06-14,2.4823353271731587
2011-06-15,2.480592627985011
2011-06-16,2.4832467766506277
2011-06-17,2.473739820670939
2011-06-20,2.469428628534782
2011-06-21,2.469993084307746
2011-06-22,2.4719476422946327
2011-06-23,2.4735290141734954
2011-06-24,2.4753074975069693
2011-06-27,2.475079540414284
2011-06-28,2.47707604021966
2011-06-29,2.475100958125231
2011-06-30,2.4759228158159785
2011-07-01,2.476542638610521
2011-07-04,2.4787123928800656
2011-07-05,2.4788483808205064
2011-07-06,2.477843207398288
2011-07-07,2.4815512425318733
2011-07-08,2.6068923833746003
2011-07-11,2.6069400206587914
2011-07-12,2.6033581350991075
2011-07-13,2.6063475529785727
2011-07-14,2.6071972751814902
2011-07-15,2.609089863147101
2011-07-18,2.60991890884077
2011-07-19,2.608382937024765
2011-07-20,2.6072366759797894
2011-07-21,2.6055649502592293
2011-07-22,2.603915874476211
2011-07-25,2.604810688266407
2011-07-26,2.6044505551459367
2011-07-27,2.6049103870253907
2011-07-28,2.6007862208732972
2011-07-29,2.600556878389913
2011-08-01,2.6009359626970037
2011-08-02,2.5978755680580874
2011-08-03,2.59718214710997
2011-08-04,2.597469530153025
2011-08-05,2.5935446213526987
2011-08-08,2.5893185808585537
2011-08-09,2.6199173422448694
2011-08-10,2.6240185830005465
2011-08-11,2.6317027484469135
2011-08-12,2.6341662241975063
2011-08-15,2.635012638215125
2011-08-16,2.631885641609206
2011-08-17,2.63144894923657
2011-08-18,2.6333217855054896
2011-08-19,2.6284162866451846
2011-08-22,2.6267691209168844
2011-08-23,2.6317678930139277
2011-08-24,2.632459885860744
2011-08-25,2.6353695106562056
2011-08-26,2.6362547794210243
2011-08-29,2.652681455522633
2011-08-30,2.6508194375267022
2011-08-31,2.6471170695369426
2011-09-01,2.649773500943173
2011-09-02,2.6455980474294973
2011-09-05,2.641559358284059
2011-09-06,2.638019715462356
2011-09-07,2.637394582440368
2011-09-08,2.653249283431624
2011-09-09,2.6534689672861536
2011-09-13,2.653883412739877
2011-09-14,2.6522962319395536
2011-09-15,2.650428694795442
2011-09-16,2.6538387356035593
2011-09-19,2.6494571217776257
2011-09-20,2.646314816409092
2011-09-21,2.653665214912175
2011-09-22,2.6516057090099445
2011-09-23,2.645900793279015
2011-09-26,2.633854773184195
2011-09-27,2.6296837300003113
2011-09-28,2.626390896585572
2011-09-29,2.6291727845076274
2011-09-30,2.629226748842397
2011-10-10,2.6287133458008163
2011-10-11,2.6381085393391155
2011-10-12,2.6419340403716425
2011-10-13,2.640991194735836
2011-10-14,2.6380467038360487
2011-10-17,2.6386879686603932
2011-10-18,2.635589259752607
2011-10-19,2.635826654386572
2011-10-20,2.630896651170936
2011-10-21,2.6279131801538473
2011-10-24,2.630737340580132
2011-10-25,2.6334705179935045
2011-10-26,2.637951751175139
2011-10-27,2.6358180478799005
2011-10-28,2.6387033528742148
2011-10-31,2.6401617422886474
2011-11-01,2.6405892959730624
2011-11-02,2.644152836271411
2011-11-03,2.6454223965652854
2011-11-04,2.647044205058278
2011-11-07,2.647704071356581
2011-11-08,2.6497288269995427
2011-11-09,2.6487273617111637
2011-11-10,2.6616453731273997
2011-11-11,2.663174526147297
2011-11-14,2.6678327223764216
2011-11-15,2.6702437503253025
2011-11-16,2.6656224868695952
2011-11-17,2.666377874982605
2011-11-18,2.6672884137756174
2011-11-21,2.6597583572871017
2011-11-22,2.6589253352378357
2011-11-23,2.6568410019784436
2011-11-24,2.655020424268265
2011-11-25,2.654304417059002
2011-11-28,2.653847483700051
2011-11-29,2.6515548234561246
2011-11-30,2.6440773969694615
2011-12-01,2.6469120466434592
2011-12-02,2.647362048379412
2011-12-05,2.6409852985798454
2011-12-06,2.633535745476626
2011-12-07,2.6323656247185627
2011-12-08,2.633475062374663
2011-12-09,2.6302239704738675
2011-12-12,2.62455776581574
2011-12-13,2.619814790403558
2011-12-14,2.6130402252301255
2011-12-15,2.6071642198243143
2011-12-16,2.6048492043071563
2011-12-19,2.602795434604632
2011-12-20,2.6017059109743785
2011-12-21,2.597437101530548
2011-12-22,2.5903612052628966
2011-12-23,2.5878732980828576
2011-12-26,2.584003954913029
2011-12-27,2.580658875111718
2011-12-28,2.5720314733558207
2011-12-29,2.566923050326962
2011-12-30,2.5672618277070764
2012-01-04,2.5644903707920563
2012-01-05,2.558927234938952
2012-01-06,2.5552447564118217
2012-01-09,2.5574505821457483
2012-01-10,2.5578783399461913
2012-01-11,2.5531854317871367
2012-01-12,2.549248327395215
2012-01-13,2.5467062398191738
2012-01-16,2.541534454129703
2012-01-17,2.54344751716275
2012-01-18,2.5342539517457228
2012-01-19,2.5324416589991743
2012-01-20,2.536750900362384
2012-01-30,2.5349079902898186
2012-01-31,2.5374413835529572
2012-02-01,2.5361811462075265
2012-02-02,2.538547907364091
2012-02-03,2.53859184458941
2012-02-06,2.5417873639266375
2012-02-07,2.5390016102764394
2012-02-08,2.539922807692828
2012-02-09,2.53764026095002
2012-02-10,2.540137580242922
2012-02-13,2.5361620658538704
2012-02-14,2.5368759462223487
2012-02-15,2.537595174254006
2012-02-16,2.5382402103988504
2012-02-17,2.537598671880563
2012-02-20,2.5399214773746555
2012-02-21,2.5392049387041062
2012-02-22,2.540954465065616
2012-02-23,2.5409782155967604
2012-02-24,2.5438186381368526
2012-02-27,2.5461803512648222
2012-02-28,2.5493127844537935
2012-02-29,2.5483290549350492
2012-03-01,2.5451715662825536
2012-03-02,2.5486079518597933
2012-03-05,2.548583467397348
2012-03-06,2.5451597884686246
2012-03-07,2.5458216949896237
2012-03-08,2.5445712022057534
2012-03-09,2.545075603509946
2012-03-12,2.5478898429811627
2012-03-13,2.549573551116363
2012-03-14,2.5435952887613893
2012-03-15,2.5468453080808207
2012-03-16,2.551519910956867
2012-03-19,2.550672903396853
2012-03-20,2.545103705712213
2012-03-21,2.5383876256847695
2012-03-22,2.537454329718898
2012-03-23,2.535104310214124
2012-03-26,2.534341480310827
2012-03-27,2.5328032683531703
2012-03-28,2.5284038130007596
2012-03-29,2.526194336334113
2012-03-30,2.5280931092421204
2012-04-05,2.5326862126413503
2012-04-06,2.5307990544354606
2012-04-09,2.531535799503158
2012-04-10,2.5313055710327292
2012-04-11,2.530558216927148
2012-04-12,2.5322191858312197
2012-04-13,2.5329547654672826
2012-04-16,2.533491185691276
2012-04-17,2.530485107867837
2012-04-18,2.5325744342866376
2012-04-19,2.528598224137929
2012-04-20,2.526907280397769
2012-04-23,2.523499550753228
2012-04-24,2.5175597002341523
2012-04-25,2.5163976714492877
2012-04-26,2.512232288192903
2012-04-27,2.514670074031743
2012-05-02,2.5166230356477355
2012-05-03,2.5143722244319004
2012-05-04,2.519230994754741
2012-05-07,2.5248114296588775
2012-05-08,2.5274377584507772
2012-05-09,2.527797871736421
2012-05-10,2.529845251570612
2012-05-11,2.528185678738984
2012-05-14,2.526270230900245
2012-05-15,2.5298403214102883
2012-05-16,2.5291389573698404
2012-05-17,2.5306891537381158
2012-05-18,2.529823949684087
2012-05-21,2.5300273896248466
2012-05-22,2.5297596779751763
2012-05-23,2.526677067923215
2012-05-24,2.521934711946175
2012-05-25,2.521309103318745
2012-05-28,2.521250832635456
2012-05-29,2.5234002898576344
2012-05-30,2.5222338725794984
2012-05-31,2.5224666179711415
2012-06-01,2.522010319296786
2012-06-04,2.519834016109
2012-06-05,2.519903410881554
2012-06-06,2.5186928145587175
2012-06-07,2.516130016384043
2012-06-08,2.513803147747188
2012-06-11,2.5133498741712375
2012-06-12,2.513797450527179
2012-06-13,2.5179707538694283
2012-06-14,2.517132012724814
2012-06-15,2.5208495085671827
2012-06-18,2.522911537475611
2012-06-19,2.522169194668483
2012-06-20,2.5214731711244123
2012-06-21,2.5208059490283525
2012-06-25,2.5151555772951664
2012-06-26,2.5118807892833117
2012-06-27,2.5130464244871336
2012-06-28,2.5136329422462445
2012-06-29,2.5118621046463936
2012-07-02,2.5112058038348826
2012-07-03,2.5082942328846034
2012-07-04,2.5077236020221303
2012-07-05,2.5050909020155943
2012-07-06,2.5092952438511222
2012-07-09,2.511495209554048
2012-07-10,2.5067356232856723
2012-07-11,2.5056807913172623
2012-07-12,2.508629123960328
2012-07-13,2.511783716975113
2012-07-16,2.5068215498532376
2012-07-17,2.5073689089611637
2012-07-18,2.5060199876807503
2012-07-19,2.506903742789229
2012-07-20,2.505080711869397
2012-07-23,2.499735427450436
2012-07-24,2.4983576856608054
2012-07-25,2.499147043207836
2012-07-26,2.4967149364030914
2012-07-27,2.493784184143993
2012-07-30,2.4887070661671284
2012-07-31,2.4872567134915013
2012-08-01,2.4884623220411632
2012-08-02,2.488662623147037
2012-08-03,2.506370567237858
2012-08-06,2.5114671182540302
2012-08-07,2.512684800571298
2012-08-08,2.511971536186596
2012-08-09,2.5169465960988373
2012-08-10,2.516342844451375
2012-08-13,2.517353107284932
2012-08-14,2.5148254563172383
2012-08-15,2.5133559375912475
2012-08-16,2.5113633904179102
2012-08-17,2.510666679231197
2012-08-20,2.507257425204933
2012-08-21,2.5098255062902433
2012-08-22,2.510166319352617
2012-08-23,2.509347881249854
2012-08-24,2.5081467874279273
2012-08-27,2.507748017986848
2012-08-28,2.5046537514011233
2012-08-29,2.500620497862637
2012-08-30,2.5221591259189964
2012-08-31,2.523110860775064
2012-09-03,2.5225362808347955
2012-09-04,2.521295285004999
2012-09-05,2.5187138460354093
2012-09-06,2.516773639375664
2012-09-07,2.5219517085363186
2012-09-10,2.5187122460951015
2012-09-11,2.5170812923047987
2012-09-12,2.516348590602552
2012-09-13,2.5163200268695918
2012-09-14,2.51502788861752
2012-09-17,2.509741814793614
2012-09-18,2.506596913636269
2012-09-19,2.506506575094226
2012-09-20,2.50067792055048
2012-09-21,2.4972997698145813
2012-09-24,2.493418309182668
2012-09-25,2.492033362302953
2012-09-26,2.485889256214295
2012-09-27,2.48824139956327
2012-09-28,2.4913636497567997
2012-10-08,2.491141120818097
2012-10-09,2.495820224606353
2012-10-10,2.496474658520971
2012-10-11,2.493323967473587
2012-10-12,2.4918042816118335
2012-10-15,2.49386752666462
2012-10-16,2.491352336726632
2012-10-17,2.4886862726103876
2012-10-18,2.4909204504606812
2012-10-19,2.7007628206171876
2012-10-22,2.7057556648764867
2012-10-23,2.7017260205247413
2012-10-24,2.704696069036434
2012-10-25,2.701384301366464
2012-10-26,2.6980218937092904
2012-10-29,2.698144552855658
2012-10-30,2.697171838166905
2012-10-31,2.696868021609474
2012-11-01,2.7009325033957974
2012-11-02,2.701929506335573
2012-11-05,2.701713098664035
2012-11-06,2.704719689613947
2012-11-07,2.7042957506042202
2012-11-08,2.701657533771134
2012-11-09,2.7001065059754548
2012-11-12,2.6985471647619756
2012-11-13,2.698130710680503
2012-11-14,2.6964167429123926
2012-11-15,2.691241146381595
2012-11-16,2.687852715586417
2012-11-19,2.685987866653543
2012-11-20,2.6843472532239034
2012-11-21,2.6858872253904758
2012-11-22,2.684560351086068
2012-11-23,2.68409658976921
2012-11-26,2.6856043155661307
2012-11-27,2.6811382718048993
2012-11-28,2.6735236231836623
2012-11-29,2.6726254197048562
2012-11-30,2.6751733376204974
2012-12-03,2.6728340228341563
2012-12-04,2.672180433032828
2012-12-05,2.67809286847175
2012-12-06,2.6776920148366057
2012-12-07,2.6788648158964787
2012-12-10,2.680032721880619
2012-12-11,2.676732516995848
2012-12-12,2.677246184202345
2012-12-13,2.675375348599758
2012-12-14,2.6825954901204003
2012-12-17,2.6763448588320036
2012-12-18,2.6714526860447356
2012-12-19,2.6704031979837675
2012-12-20,2.6691617591647723
2012-12-21,2.6728604494169437
2012-12-24,2.6768385022564014
2012-12-25,2.682790073426156
2012-12-26,2.6894046335311557
2012-12-27,2.6932792219522916
2012-12-28,2.6956112126546423
2012-12-31,2.700216566322036
2013-01-04,2.698035173593294
2013-01-07,2.7039206677524583
2013-01-08,2.7098669276279863
2013-01-09,2.7137239386370346
2013-01-10,2.712977065037728
2013-01-11,2.7135232584331512
2013-01-14,2.719370841377139
2013-01-15,2.722961558663395
2013-01-16,2.7208888738469756
2013-01-17,2.7247057744244185
2013-01-18,2.728875148108828
2013-01-21,2.7327319398504826
2013-01-22,2.7341649866573507
2013-01-23,2.7375212398988453
2013-01-24,2.73577195893308
2013-01-25,2.738893218950714
2013-01-28,2.7390683311626094
2013-01-29,2.739479922104053
2013-01-30,2.7444787155649033
2013-01-31,2.749200973117048
2013-02-01,2.7476505943833587
2013-02-04,2.7463115342310314
2013-02-05,2.752538044641342
2013-02-06,2.752882104350917
2013-02-07,2.7551016233160945
2013-02-08,3.05596569101776
2013-02-18,3.0546098074499928
2013-02-19,3.0539949975931586
2013-02-20,3.0553701755476346
2013-02-21,3.053982445241306
2013-02-22,3.062777570228113
2013-02-25,3.0642056989084745
2013-02-26,3.0643329401174677
2013-02-27,3.070946490857412
2013-02-28,3.0781225163547177
2013-03-01,3.0865238621699826
2013-03-04,3.0826545625764465
2013-03-05,3.0940189949605914
2013-03-06,3.1003636586289884
2013-03-07,3.092175212015433
2013-03-08,3.0908996096578667
2013-03-11,3.0950136295705253
2013-03-12,3.091718430592126
2013-03-13,3.0920894063105675
2013-03-14,3.093482296550862
2013-03-15,3.0966393972152906
2013-03-18,3.0933779461393387
2013-03-19,3.095326452594914
2013-03-20,3.1005459132340607
2013-03-21,3.1037792957426187
2013-03-22,3.1077664185132763
2013-03-25,3.114392283487197
2013-03-26,3.1122870413686443
2013-03-27,3.114863455721056
2013-03-28,3.111748375208263
2013-03-29,3.1161090598594234
2013-04-01,3.1165792766889187
2013-04-02,3.1139474101760567
2013-04-03,3.112442655296151
2013-04-08,3.1058793705268326
2013-04-09,3.1104202122759808
2013-04-10,3.1104983823738688
2013-04-11,3.1078464733838715
2013-04-12,3.10588401184079
2013-04-15,3.0962496265000166
2013-04-16,3.095283634331965
2013-04-17,3.095858341286848
2013-04-18,3.0964257191563958
2013-04-19,3.1012085214135903
2013-04-22,3.104478085876567
2013-04-23,3.1016899746821833
2013-04-24,3.103642275677387
2013-04-25,3.102046211341743
2013-04-26,3.1393944590572618
2013-05-02,3.135493474542911
2013-05-03,3.1376500445772795
2013-05-06,3.140960342005565
2013-05-07,3.145055736741141
2013-05-08,3.144226453838786
2013-05-09,3.1388960209790135
2013-05-10,3.1425084678457136
2013-05-13,3.1459246381087276
2013-05-14,3.1433398425203025
2013-05-15,3.138944401659583
2013-05-16,3.1387304478256572
2013-05-17,3.140433760229871
2013-05-20,3.1383604497389563
2013-05-21,3.1415901931853814
2013-05-22,3.145584112196927
2013-05-23,3.1463693010951856
2013-05-24,3.147219391014045
2013-05-27,3.145458566594318
2013-05-28,3.1530288672166935
2013-05-29,3.160452628587277
2013-05-30,3.1594538298365205
2013-05-31,3.157494837298853
2013-06-03,3.160281235727659
2013-06-04,3.1528072558409805
2013-06-05,3.150107723554829
2013-06-06,3.145715336529914
2013-06-07,3.1422242978744728
2013-06-13,3.1300599721915408
2013-06-14,3.1337467780576485
2013-06-17,3.129927306251533
2013-06-18,3.1306360028045392
2013-06-19,3.125041667869212
2013-06-20,3.1155543950032376
2013-06-21,3.1076894432764304
2013-06-24,3.0901608246028403
2013-06-25,3.0752757835837157
2013-06-26,3.0790032178276374
2013-06-27,3.079645395384291
2013-06-28,3.077379386056345
2013-07-01,3.082135323447593
2013-07-02,3.0830426553187658
2013-07-03,3.0797288689200504
2013-07-04,3.0741704331280943
2013-07-05,3.067327973993525
2013-07-08,3.0582811504791265
2013-07-09,3.0569219853064453
2013-07-10,3.056475531942606
2013-07-11,3.064312597949895
2013-07-12,3.069128894137381
2013-07-15,3.068385968340001
2013-07-16,3.0714345642469145
2013-07-17,3.068068549560116
2013-07-18,3.0643455293399624
2013-07-19,3.0629082928397504
2013-07-22,3.064297068013081
2013-07-23,3.0694396989677735
2013-07-24,3.0684379047930324
2013-07-25,3.0605923592376603
2013-07-26,3.0757806872411226
2013-07-29,3.074868604308216
2013-07-30,3.0758532305957824
2013-07-31,3.0756597528987366
2013-08-01,3.0811716147863333
2013-08-02,3.082250556102817
2013-08-05,3.0871416784276016
2013-08-06,3.092547542934913
2013-08-07,3.092028824468524
2013-08-08,3.091910220123505
2013-08-09,3.0955534853464726
2013-08-12,3.1027445626606847
2013-08-13,3.1082912137861824
2013-08-14,3.1091602527125333
2013-08-15,3.1147675172672344
2013-08-16,3.109058393825535
2013-08-19,3.1133016839823027
2013-08-20,3.1112397625567723
2013-08-21,3.1099624804174812
2013-08-22,3.1111486954192618
2013-08-23,3.110843991860667
2013-08-26,3.120389779856806
2013-08-27,3.1284336975753284
2013-08-28,3.13235617951326
2013-08-29,3.1403422001539347
2013-08-30,3.1538175536233863
2013-09-02,3.1531544062240973
2013-09-03,3.1611672456763924
2013-09-04,3.166851559909624
2013-09-05,3.170088564327973
2013-09-06,3.1729568180094323
2013-09-09,3.1779939965447745
2013-09-10,3.183719032652341
2013-09-11,3.187666745513194
2013-09-12,3.1880666063724528
2013-09-13,3.189656793516123
2013-09-16,3.189849202038307
2013-09-17,3.1914617317433613
2013-09-18,3.195238032543727
2013-09-23,3.19838310596633
2013-09-24,3.1960854143038704
2013-09-25,3.1968640495240934
2013-09-26,3.1899234448976683
2013-09-27,3.1960875205972417
2013-09-30,3.205764602734528
2013-10-08,3.2130319102302813
2013-10-09,3.21444412161322
2013-10-10,3.216109105180724
2013-10-11,3.2198269542012876
2013-10-14,3.22481871447
2013-10-15,3.2288332748766484
2013-10-16,3.22711474388859
2013-10-17,3.226750657560605
2013-10-18,3.225620748605449
2013-10-21,3.2292890026257908
2013-10-22,3.2278229217586163
2013-10-23,3.2186931621989006
2013-10-24,3.2123132083019317
2013-10-25,3.2045358364499577
2013-10-28,3.200412048904497
2013-10-29,3.193410871294325
2013-10-30,3.204481298929547
2013-10-31,3.200588909022191
2013-11-01,3.194504286723021
2013-11-04,3.1950243196011843
2013-11-05,3.197692380825419
2013-11-06,3.20052641407789
2013-11-07,3.199125334613611
2013-11-08,3.19660859741101
2013-11-11,3.2016372353982425
2013-11-12,3.2009488692550296
2013-11-13,3.194343979947617
2013-11-14,3.192662996436988
2013-11-15,3.1979919552720797
2013-11-18,3.1979681641518938
2013-11-19,3.196727983443052
2013-11-20,3.1980353113368922
2013-11-21,3.198603942639231
2013-11-22,3.1971883939296615
2013-11-25,3.1940473209430835
2013-11-26,3.191840579881579
2013-11-27,3.1897259297330653
2013-11-28,3.193480813763779
2013-11-29,3.1923080576988183
2013-12-02,3.1697694123003024
2013-12-03,3.170406669054017
2013-12-04,3.1751326952543573
2013-12-05,3.171939637952748
2013-12-06,3.1771445980742756
2013-12-09,3.172899659215918
2013-12-10,3.170523867943433
2013-12-11,3.1710388532295997
2013-12-12,3.1730928124019906
2013-12-13,3.17634653582481
2013-12-16,3.1757685186206683
2013-12-17,3.1721795168022746
2013-12-18,3.1686525733655166
2013-12-19,3.162884366074097
2013-12-20,3.1554099752272258
2013-12-23,3.1525655477877508
2013-12-24,3.1572948116858273
2013-12-25,3.155808799252663
2013-12-26,3.1516672897803226
2013-12-27,3.1555744115567452
2013-12-30,3.1564656100759825
2013-12-31,3.1599966429647908
2014-01-02,3.1658731805731297
2014-01-03,3.1641753261995778
2014-01-06,3.15760939028092
2014-01-07,3.1568668199661327
2014-01-08,3.1555564405680223
2014-01-09,3.1516875132799056
2014-01-10,3.1484114234822695
2014-01-13,3.1529148528644924
2014-01-14,3.157239673453426
2014-01-15,3.1549474057567997
2014-01-16,3.157933455343533
2014-01-17,3.1541925661739363
2014-01-20,3.152306014058145
2014-01-21,3.154405483407876
2014-01-22,3.16155807996719
2014-01-23,3.162356959176781
2014-01-24,3.1634005507385314
2014-01-27,3.1605353187823635
2014-01-28,3.1570827098267684
2014-01-29,3.156695933659228
2014-01-30,3.160795789679029
2014-02-07,3.1586583219451185
2014-02-10,3.164364930903797
2014-02-11,3.165684178725887
2014-02-12,3.166449817107701
2014-02-13,3.162937308261315
2014-02-14,3.170353600110902
2014-02-17,3.1766975502959456
2014-02-18,3.1772439633531175
2014-02-19,3.184644223804123
2014-02-20,3.1839339061657235
2014-02-21,3.1820629516325143
2014-02-24,3.174972494763817
2014-02-25,3.163679108896042
2014-02-26,3.1631899361743745
2014-02-27,3.164598884743531
2014-02-28,3.1661340501428374
2014-03-03,3.1708599155751322
2014-03-04,3.1693221979374924
2014-03-05,3.169052120994652
2014-03-06,3.170283108756992
2014-03-07,3.1721208382750694
2014-03-10,3.172668238527342
2014-03-11,3.1739941390342765
2014-03-12,3.1695758617904572
2014-03-13,3.177901370266591
2014-03-14,3.181277086401363
2014-03-17,3.181717585374917
2014-03-18,3.1859846171049444
2014-03-19,3.189820052158079
2014-03-20,3.189709743764786
2014-03-21,3.192608329798311
2014-03-24,3.1978768522730117
2014-03-25,3.1940521224307994
2014-03-26,3.199565838178826
2014-03-27,3.193365144212765
2014-03-28,3.1890744358580148
2014-03-31,3.185967960427309
2014-04-01,3.188698574708916
2014-04-02,3.19093675532051
2014-04-03,3.1870364963879187
2014-04-04,3.1918663916560144
2014-04-08,3.1959015597023956
2014-04-09,3.1992065174584425
2014-04-10,3.2039358560311877
2014-04-11,3.2088463544272234
2014-04-14,3.2070758763541294
2014-04-15,3.205806483394577
2014-04-16,3.209453533053543
2014-04-17,3.208790412440992
2014-04-18,3.2085237987435575
2014-04-21,3.2069824051805145
2014-04-22,3.205006971127726
2014-04-23,3.2060461305472385
2014-04-24,3.2056235564431903
2014-04-25,3.2010026644230454
2014-04-28,3.186035822426355
2014-04-29,3.1859914602943955
2014-04-30,3.196340222226824
2014-05-05,3.2001316048907684
2014-05-06,3.2000116377171266
2014-05-07,3.1947087006754007
2014-05-08,3.191055909180351
2014-05-09,3.1835167470388432
2014-05-12,3.183680198480308
2014-05-13,3.1812717907455514
2014-05-14,3.182845364688942
2014-05-15,3.177168136487998
2014-05-16,3.173836606364481
2014-05-19,3.1717252056143934
2014-05-20,3.176651786720831
2014-05-21,3.1800208219612567
2014-05-22,3.182440877241709
2014-05-23,3.1845127709700622
2014-05-26,3.1867209659650872
2014-05-27,3.186245972262958
2014-05-28,3.1813866816660403
2014-05-29,3.1795461352988625
2014-05-30,3.177668120950965
2014-06-03,3.1756247671236526
2014-06-04,3.174320688400554
2014-06-05,3.1764019045887415
2014-06-06,3.1786658323337575
2014-06-09,3.181447245388264
2014-06-10,3.1837400634648856
2014-06-11,3.186597445845582
2014-06-12,3.1871454324971
2014-06-13,3.191408908241169
2014-06-16,3.194063815746101
2014-06-17,3.192362599684331
2014-06-18,3.1879494762411995
2014-06-19,3.1833789136967154
2014-06-20,3.1866731321132917
2014-06-23,3.1883426126263834
2014-06-24,3.1893870842060026
2014-06-25,3.1904701759042
2014-06-26,3.193392114967339
2014-06-27,3.196703727838398
2014-06-30,3.199779712907221
2014-07-01,3.20081162911581
2014-07-02,3.1996476289297022
2014-07-03,3.2016645491514697
2014-07-04,3.2029431040769305
2014-07-07,3.203397954347021
2014-07-08,3.2053302610081413
2014-07-09,3.202294012656918
2014-07-10,3.2034935640431854
2014-07-11,3.2042412049527376
2014-07-14,3.204242954889555
2014-07-15,3.2089273718943754
2014-07-16,3.212680391476965
2014-07-17,3.2103835267772665
2014-07-18,3.2148386148600063
2014-07-21,3.2106217591834794
2014-07-22,3.208565990044708
2014-07-23,3.2106719644483994
2014-07-24,3.2100145099149153
2014-07-25,3.2166780187859807
2014-07-28,3.2252106638357274
2014-07-29,3.2286336183793654
2014-07-30,3.232060892447369
2014-07-31,3.236609941759683
2014-08-01,3.241774637664346
2014-08-04,3.249345766279938
2014-08-05,3.2477815269858024
2014-08-06,3.2883265074794354
2014-08-07,3.2827989103465085
2014-08-08,3.290079427919759
2014-08-11,3.2969389736706725
2014-08-12,3.2993370743838715
2014-08-13,3.3000933630361042
2014-08-14,3.2970987206460496
2014-08-15,3.304225160983766
2014-08-18,3.312838130207878
2014-08-19,3.3172035697867193
2014-08-20,3.3197421957557287
2014-08-21,3.322751488823482
2014-08-22,3.3327507785759027
2014-08-25,3.334978837675413
2014-08-26,3.3256529864001543
2014-08-27,3.334507691923893
2014-08-28,3.3294554879015563
2014-08-29,3.333171565196081
2014-09-01,3.340949973754356
2014-09-02,3.3461019157118947
2014-09-03,3.34823953807695
2014-09-04,3.350438985447413
2014-09-05,3.3587420410842004
2014-09-09,3.3628898015470727
2014-09-10,3.371284056920625
2014-09-11,3.3738199916919833
2014-09-12,3.3799293102842465
2014-09-15,3.3870811696051306
2014-09-16,3.3826599973174134
2014-09-17,3.38890625255081
2014-09-18,3.3949604546474905
2014-09-19,3.399479926169858
2014-09-22,3.397339310365033
2014-09-23,3.402558490915807
2014-09-24,3.4128750237724708
2014-09-25,3.41478249786391
2014-09-26,3.419738048331924
2014-09-29,3.4221892129971323
2014-09-30,3.439938568990548
2014-10-08,3.452942853914333
2014-10-09,3.456676715973132
2014-10-10,3.454702124985285
2014-10-13,3.452320733623444
2014-10-14,3.4568832863144134
2014-10-15,3.460884052290828
2014-10-16,3.455702834113941
2014-10-17,3.448500910158356
2014-10-20,3.448464569103543
2014-10-21,3.448384911397069
2014-10-22,3.444053282299455
2014-10-23,3.441257686769984
2014-10-24,3.4427371896232115
2014-10-27,3.4415374073382137
2014-10-28,3.445269821559193
2014-10-29,3.4529550750622917
2014-10-30,3.4563846378260856
2014-10-31,3.4624403647766946
2014-11-03,3.4709447981384893
2014-11-04,3.4700057969571483
2014-11-05,3.471270873424567
2014-11-06,3.470341431668145
2014-11-07,3.4709757783418773
2014-11-10,3.477815218274365
2014-11-11,3.4750512078560383
2014-11-12,3.4769671749356266
2014-11-13,3.474686331842107
2014-11-14,3.478153072097905
2014-11-17,3.4774715480868443
2014-11-18,3.4759741958773
2014-11-19,3.480672757694568
2014-11-20,3.4776960640183896
2014-11-21,3.483742228490957
2014-11-24,3.4913287744570156
2014-11-25,3.4971032915299074
2014-11-26,3.499971560053502
2014-11-27,3.5024925908142253
2014-11-28,3.5054080999268136
2014-12-01,3.499769780427016
2014-12-02,3.50770335848411
2014-12-03,3.510270319012055
2014-12-04,3.5217910912010586
2014-12-05,3.515759737150601
2014-12-08,3.521681857249842
2014-12-09,3.5056307947794187
2014-12-10,3.527437442306925
2014-12-11,3.530298726297949
2014-12-12,3.5348774902047593
2014-12-15,3.541269601093337
2014-12-16,3.5475185353533893
2014-12-17,3.546704726765098
2014-12-18,3.5488819275371433
2014-12-19,3.548606570821123
2014-12-22,3.5475170047330398
2014-12-23,3.538752676034134
2014-12-24,3.537636541383856
2014-12-25,3.547250434872934
2014-12-26,3.551141745441745
2014-12-29,3.545795207816659
2014-12-30,3.5409954330848996
2014-12-31,3.5483737946146134
2015-01-05,3.5561462465385953
2015-01-06,3.562822230239988
2015-01-07,3.566213415454051
2015-01-08,3.567962631589486
2015-01-09,3.5639592759723904
2015-01-12,3.552985387523506
2015-01-13,3.552909279861859
2015-01-14,3.552066050016516
2015-01-15,3.5553750394401513
2015-01-16,3.5569725123971536
2015-01-19,3.5420323947066312
2015-01-20,3.5578409166580696
2015-01-21,3.5719345903583006
2015-01-22,3.58409891063636
2015-01-23,3.5862834100228134
2015-01-26,3.5817518772814005
2015-01-27,3.587513739622486
2015-01-28,3.584701939565881
2015-01-29,3.587942025758124
2015-01-30,3.5880448794445288
2015-02-02,3.5803433298086715
2015-02-03,3.581758777284095
2015-02-04,3.5783163732937604
2015-02-05,3.572548122496291
2015-02-06,3.5680000927631976
2015-02-09,3.5737079163960277
2015-02-10,3.568259974699257
2015-02-11,3.5743011643312377
2015-02-12,3.583930876724166
2015-02-13,3.590296573740807
2015-02-16,3.5924345027233477
2015-02-17,3.599381258523502
2015-02-25,3.5992570322924817
2015-02-26,3.5999817325925627
2015-02-27,3.601571607045524
2015-03-02,3.6090087359107605
2015-03-03,3.6084687777219155
2015-03-04,3.6169025850102674
2015-03-05,3.6175178355597044
2015-03-06,3.621569056398099
2015-03-09,3.6267217570014165
2015-03-10,3.628016526341519
2015-03-11,3.630682932680641
2015-03-12,3.6344830803835375
2015-03-13,3.635637158776491
2015-03-16,3.643583909260485
2015-03-17,3.6561802281690685
2015-03-18,3.66546001202985
2015-03-19,3.67086194186293
2015-03-20,3.676630670905213
2015-03-23,3.6872992816394436
2015-03-24,3.690284848792828
2015-03-25,3.6979879482554816
2015-03-26,3.7045593163562214
2015-03-27,3.7066428719380697
2015-03-30,3.7098518413499466
2015-03-31,3.7144800787915027
2015-04-01,3.7292633996461255
2015-04-02,3.741006218088199
2015-04-03,3.760520745013788
2015-04-07,3.7784312633965604
2015-04-08,3.784091243117169
2015-04-09,3.7922911343893895
2015-04-10,3.81098941232631
2015-04-13,3.8310527181379057
2015-04-14,3.8371506773274358
2015-04-15,3.8377260502556756
2015-04-16,3.850297543564091
2015-04-17,3.858621178063276
2015-04-20,3.8626724676546647
2015-04-21,3.8848949782733073
2015-04-22,3.9018267039471954
2015-04-23,3.908366836865353
2015-04-24,3.921562592477926
2015-04-27,3.933809646059895
2015-04-28,3.9294114982022013
2015-04-29,3.94475983768611
2015-04-30,3.9473253566232436
2015-05-04,3.9626687609437705
2015-05-05,3.9550725857326494
2015-05-06,3.9511084283750835
2015-05-07,3.946835589054978
2015-05-08,3.9553598602448496
2015-05-11,3.971775655058593
2015-05-12,3.98521540744884
2015-05-13,3.9902224297946076
2015-05-14,4.007232759267798
2015-05-15,4.017581522682042
2015-05-18,4.029062335514244
2015-05-19,4.044210616619451
2015-05-20,4.048513887469563
2015-05-21,4.058760087981093
2015-05-22,4.079565227405375
2015-05-25,4.095796441622294
2015-05-26,4.120072030142456
2015-05-27,4.127695903383638
2015-05-28,4.109665837443852
2015-05-29,4.115983657513012
2015-06-01,4.137616602276225
2015-06-02,4.154552812863905
2015-06-03,4.160078055574717
2015-06-04,4.15737275430894
2015-06-05,4.1683176845588825
2015-06-08,4.183685417032026
2015-06-09,4.183067634145053
2015-06-10,4.19072640271534
2015-06-11,4.198453645559319
2015-06-12,4.206816666788927
2015-06-15,4.2068589123986975
2015-06-16,4.199696864550193
2015-06-17,4.201711624010432
2015-06-18,4.196390262646465
2015-06-19,4.188257028426812
2015-06-23,4.196365916026784
2015-06-24,4.20364724709014
2015-06-25,4.205879465632776
2015-06-26,4.192228772393217
2015-06-29,4.190221586959008
2015-06-30,4.202088287062179
2015-07-01,4.210423295840554
2015-07-02,4.202461157440282
2015-07-03,4.186270616564692
2015-07-06,4.189340174773798
2015-07-07,4.184142318606985
2015-07-08,4.17900871823149
2015-07-09,4.175605212844993
2015-07-10,4.170339095201347
2015-07-13,4.168132826577245
2015-07-14,4.1653539691131485
2015-07-15,4.164099623799397
2015-07-16,4.16384114500564
2015-07-17,4.166672452864519
2015-07-20,4.165660604535961
2015-07-21,4.161406795444055
2015-07-22,4.158249823185471
2015-07-23,4.161409749214704
2015-07-24,4.153893543722689
2015-07-27,4.130361491847571
2015-07-28,4.125200558898924
2015-07-29,4.129764899531314
2015-07-30,4.124722269841049
2015-07-31,4.123402272614291
2015-08-03,4.120913628250889
2015-08-04,4.122469639658394
2015-08-05,4.117708511746977
2015-08-06,4.111629804081228
2015-08-07,4.117216516148465
2015-08-10,4.1340292936143
2015-08-11,4.138986585808164
2015-08-12,4.135495310691133
2015-08-13,4.135824899731626
2015-08-14,4.15067370643133
2015-08-17,4.1536386680885915
2015-08-18,4.141687548650093
2015-08-19,4.1418842859098115
2015-08-20,4.132278329609925
2015-08-21,4.115883285607958
2015-08-24,4.089553852682944
2015-08-25,4.072286960528055
2015-08-26,4.071329846809384
2015-08-27,4.060207192112038
2015-08-28,4.056426389552608
2015-08-31,4.046463204229592
2015-09-01,4.041278533059162
2015-09-02,4.025798577231599
2015-09-07,4.019351369866181
2015-09-08,4.011823910582462
2015-09-09,4.007327654027273
2015-09-10,4.007666874988292
2015-09-11,4.0018309902771385
2015-09-14,4.0006380002398805
2015-09-15,3.99351710256734
2015-09-16,3.9921433995423308
2015-09-17,3.9863633595655426
2015-09-18,3.9801167533111865
2015-09-21,3.9754293582815454
2015-09-22,3.970107170038453
2015-09-23,3.9748266877997387
2015-09-24,3.9687470279988677
2015-09-25,3.958415053547534
2015-09-28,3.960045958375891
2015-09-29,3.9639963848725723
2015-09-30,3.9574345121374526
2015-10-08,3.960245451646101
2015-10-09,3.9544286153763926
2015-10-12,3.960235238535796
2015-10-13,3.962208470699399
2015-10-14,3.956066693837635
2015-10-15,3.9614866399804933
2015-10-16,3.9575718781394995
2015-10-19,3.9694958752390037
2015-10-20,3.9785550927152333
2015-10-21,3.973769147908977
2015-10-22,3.9778301758389514
2015-10-23,3.985568529501307
2015-10-26,3.9897658320547227
2015-10-27,3.9959739545633832
2015-10-28,3.9855831825242833
2015-10-29,3.9837579644194436
2015-10-30,3.984181053537142
2015-11-02,3.9773500250874934
2015-11-03,3.9829378663198645
2015-11-04,3.99685843193661
2015-11-05,3.9934899928508973
2015-11-06,4.0000576841381195
2015-11-09,4.006157947124766
2015-11-10,4.014300237937507
2015-11-11,4.024665664126491
2015-11-12,4.039764983979992
2015-11-13,4.033178861740956
2015-11-16,4.044549492330595
2015-11-17,4.0499757898070525
2015-11-18,4.052500648729594
2015-11-19,4.061615627165522
2015-11-20,4.076380007855812
2015-11-23,4.08043725242535
2015-11-24,4.086580255659248
2015-11-25,4.091222408858429
2015-11-26,4.092527483312824
2015-11-27,4.088881778999136
2015-11-30,4.089487951799787
2015-12-01,4.088630060116882
2015-12-02,4.09390289381308
2015-12-03,4.10447058447799
2015-12-04,4.120146603701196
2015-12-07,4.123540238461761
2015-12-08,4.126252317844719
2015-12-09,4.1208563417697
2015-12-10,4.121336933329341
2015-12-11,4.120043304065506
2015-12-14,4.117100212289176
2015-12-15,4.125464688462894
2015-12-16,4.128663585736736
2015-12-17,4.142709419303446
2015-12-18,4.330002997521078
2015-12-21,4.342763333811252
2015-12-22,4.3504923694005075
2015-12-23,4.346417705364676
2015-12-24,4.349233159134434
2015-12-25,4.354698067194354
2015-12-28,4.339236272759064
2015-12-29,4.335071182246728
2015-12-30,4.33148440907489
2015-12-31,4.329360219769841
2016-01-04,4.287199133366835
2016-01-05,4.287850137436629
2016-01-06,4.297434227427704
2016-01-07,4.272446543969872
2016-01-08,4.261037347848629
2016-01-11,4.237902722988462
2016-01-12,4.228410214428908
2016-01-13,4.224491729544488
2016-01-14,4.218381349453687
2016-01-15,4.21766159605846
2016-01-18,4.215304987304467
2016-01-19,4.222872094292025
2016-01-20,4.22326620590552
2016-01-21,4.200942652817719
2016-01-22,4.191301626372434
2016-01-25,4.201198591365264
2016-01-26,4.197790954044207
2016-01-27,4.196935606083315
2016-01-28,4.1849366027735675
2016-01-29,4.180734835994537
2016-02-01,4.176320241687207
2016-02-02,4.1857809191987645
2016-02-03,4.178352903531019
2016-02-04,4.17728669185117
2016-02-05,4.18492670269873
2016-02-15,4.178065407399318
2016-02-16,4.1846651778977355
2016-02-17,4.1837524593586135
2016-02-18,4.187492840953584
2016-02-19,4.185047187871962
2016-02-22,4.197190159194329
2016-02-23,4.201133678364603
2016-02-24,4.200201728766365
2016-02-25,4.183195975687535
2016-02-26,4.172281553538543
2016-02-29,4.154744112689627
2016-03-01,4.152227046803628
2016-03-02,4.161683057857993
2016-03-03,4.166089740015708
2016-03-04,4.155354611215967
2016-03-07,4.15725918712215
2016-03-08,4.151286256000345
2016-03-09,4.141470556674072
2016-03-10,4.12905605772537
2016-03-11,4.122241249305407
2016-03-14,4.130690081403451
2016-03-15,4.123239878954748
2016-03-16,4.1188006941833555
2016-03-17,4.119041044270983
2016-03-18,4.12262591537187
2016-03-21,4.130832776086496
2016-03-22,4.134791774045403
2016-03-23,4.1328931765387935
2016-03-24,4.133207507162833
2016-03-25,4.1399819900475725
2016-03-28,4.139607248896486
2016-03-29,4.136146454658855
2016-03-30,4.142934851728013
2016-03-31,4.14925374264189
2016-04-01,4.149714666034147
2016-04-05,4.15539797420019
2016-04-06,4.151215791524168
2016-04-07,4.154899548271424
2016-04-08,4.151247666568296
2016-04-11,4.155174061221951
2016-04-12,4.1555889167298625
2016-04-13,4.160850586229038
2016-04-14,4.158446427745251
2016-04-15,4.156895453009301
2016-04-18,4.156631154979549
2016-04-19,4.166692622825973
2016-04-20,4.163401691698815
2016-04-21,4.152775637270055
2016-04-22,4.154949782447286
2016-04-25,4.15245462759466
2016-04-26,4.155405954727804
2016-04-27,4.160203449860198
2016-04-28,4.1573453901899216
2016-04-29,4.161236005623206
2016-05-03,4.168971253177526
2016-05-04,4.173800132202188
2016-05-05,4.168610010550141
2016-05-06,4.15148568251564
2016-05-09,4.124313703272244
2016-05-10,4.11587115584309
2016-05-11,4.105582555571745
2016-05-12,4.101174872530013
2016-05-13,4.100940105917403
2016-05-16,4.103729252464477
2016-05-17,4.104050870959214
2016-05-18,4.088769318977527
2016-05-19,4.0882022663321855
2016-05-20,4.0840697257514265
2016-05-23,4.090658860239745
2016-05-24,4.0864867049067115
2016-05-25,4.08174233940083
2016-05-26,4.078909914589961
2016-05-27,4.077659162795677
2016-05-30,4.076185327229601
2016-05-31,4.087028121229536
2016-06-01,4.0882471516947865
2016-06-02,4.083949819938666
2016-06-03,4.088255218430419
2016-06-06,4.093043877780535
2016-06-07,4.091685796103998
2016-06-08,4.0917413612949165
2016-06-13,4.07996507488999
2016-06-14,4.080683821965375
2016-06-15,4.089561263370382
2016-06-16,4.082311514361424
2016-06-17,4.079267164846914
2016-06-20,4.072783726516503
2016-06-21,4.075563511962292
2016-06-22,4.073753806424129
2016-06-23,4.067891007775447
2016-06-24,4.0689755943467185
2016-06-27,4.077758561195453
2016-06-28,4.08166367608082
2016-06-29,4.081653841607226
2016-06-30,4.080283702299351
2016-07-01,4.082787263236611
2016-07-04,4.085503832592453
2016-07-05,4.079200118210782
2016-07-06,4.084060439808336
2016-07-07,4.081708993398443
2016-07-08,4.084582764435848
2016-07-11,4.081946795892801
2016-07-12,4.084731262111341
2016-07-13,4.0864867249831365
2016-07-14,4.088484327047838
2016-07-15,4.08646067253826
2016-07-18,4.082708714834543
2016-07-19,4.07703608585333
2016-07-20,4.075540719233684
2016-07-21,4.074730631170368
2016-07-22,4.0659654646218
2016-07-25,4.066878723126994
2016-07-26,4.078480690095298
2016-07-27,4.065261771726701
2016-07-28,4.0675771191048415
2016-07-29,4.065287425572489
2016-08-01,4.06067953991489
2016-08-02,4.061739221977804
2016-08-03,4.066119594768371
2016-08-04,4.069365393051731
2016-08-05,4.066747763950958
2016-08-08,4.064251741372004
2016-08-09,4.079837699858275
2016-08-10,4.085154479855319
2016-08-11,4.080375621789122
2016-08-12,4.082945196061703
2016-08-15,4.095780899581219
2016-08-16,4.101351972643539
2016-08-17,4.1019098252325445
2016-08-18,4.0992270292288255
2016-08-19,4.098822712753383
2016-08-22,4.09721117010604
2016-08-23,4.099893676917894
2016-08-24,4.103195410291865
2016-08-25,4.09907715587304
2016-08-26,4.10209486707244
2016-08-29,4.104027270967935
2016-08-30,4.10502696130608
2016-08-31,4.111515129509235
2016-09-01,4.111344166296714
2016-09-02,4.110190318708809
2016-09-05,4.113662885117024
2016-09-06,4.120585069564085
2016-09-07,4.124771406033487
2016-09-08,4.127182969563008
2016-09-09,4.132380515550512
2016-09-12,4.121327596098349
2016-09-13,4.124477870030843
2016-09-14,4.127449652617432
2016-09-19,4.1377812668031675
2016-09-20,4.142016965537119
2016-09-21,4.142866672268644
2016-09-22,4.149648454311814
2016-09-23,4.154042303313464
2016-09-26,4.145561494386554
2016-09-27,4.140183531152772
2016-09-28,4.139993072889785
2016-09-29,4.1423431997870095
2016-09-30,4.150265410030647
2016-10-10,4.1627509716320095
2016-10-11,4.171906970779424
2016-10-12,4.17846322271375
2016-10-13,4.1772105201495
2016-10-14,4.182186370994405
2016-10-17,4.176614887376613
2016-10-18,4.179133804743513
2016-10-19,4.181990684820309
2016-10-20,4.186717809229044
2016-10-21,4.186448790041633
2016-10-24,4.1896777998585835
2016-10-25,4.192584774397642
2016-10-26,4.194525848789796
2016-10-27,4.191649878469322
2016-10-28,4.188673677811378
2016-10-31,4.187465542790048
2016-11-01,4.192393117793803
2016-11-02,4.189229473912525
2016-11-03,4.194733938315918
2016-11-04,4.195049422938691
2016-11-07,4.193095329790865
2016-11-08,4.19805634190517
2016-11-09,4.195815381525057
2016-11-10,4.199174953393087
2016-11-11,4.198611686714361
2016-11-14,4.200519517662754
2016-11-15,4.2035892264084564
2016-11-16,4.208453388119809
2016-11-17,4.20745416434807
2016-11-18,4.206449134678039
2016-11-21,4.209971088170297
2016-11-22,4.212221290324374
2016-11-23,4.213003207946834
2016-11-24,4.211428293751515
2016-11-25,4.214204034583192
2016-11-28,4.218156041244593
2016-11-29,4.214398170974202
2016-11-30,4.210116799829399
2016-12-01,4.210289891223088
2016-12-02,4.208709993359763
2016-12-05,4.203800626815046
2016-12-06,4.2032448176378185
2016-12-07,4.211741048010349
2016-12-08,4.214748294354015
2016-12-09,4.213235196965464
2016-12-12,4.193686315263256
2016-12-13,4.198262342921959
2016-12-14,4.199167250075026
2016-12-15,4.1952289232296565
2016-12-16,4.194691759761426
2016-12-19,4.194547537822958
2016-12-20,4.19103941644601
2016-12-21,4.195910371462882
2016-12-22,4.194123907316905
2016-12-23,4.189618642184387
2016-12-26,4.189616747654501
2016-12-27,4.184538663578808
2016-12-28,4.184627861070361
2016-12-29,4.183258768073456
2016-12-30,4.187136868950519
2017-01-03,4.188827413507896
2017-01-04,4.191366074009155
2017-01-05,4.186185639909054
2017-01-06,4.179706488676487
2017-01-09,4.176850300244663
2017-01-10,4.171034415358456
2017-01-11,4.158221583233023
2017-01-12,4.15119464204303
2017-01-13,4.1522336426424555
2017-01-16,4.145218027484307
2017-01-17,4.145259423836031
2017-01-18,4.148945493957838
2017-01-19,4.143151651386196
2017-01-20,4.1493279083002985
2017-01-23,4.152759111528737
2017-01-24,4.1527157424645464
2017-01-25,4.151430824892527
2017-01-26,4.154214880834797
2017-02-03,4.148805870803625
2017-02-06,4.147911322412286
2017-02-07,4.150122622681169
2017-02-08,4.151711738756055
2017-02-09,4.153463820894098
2017-02-10,4.1468093796744645
2017-02-13,4.147591510627447
2017-02-14,4.144569497112855
2017-02-15,4.144260356118822
2017-02-16,4.14632415767521
2017-02-17,4.138598830786427
2017-02-20,4.144461056019291
2017-02-21,4.144663050209814
2017-02-22,4.143938943265628
2017-02-23,4.144031586552119
2017-02-24,4.145356679599463
2017-02-27,4.147128298412492
2017-02-28,4.144268949789205
2017-03-01,4.149476446044696
2017-03-02,4.146843474572335
2017-03-03,4.149156887989904
2017-03-06,4.151778839847134
2017-03-07,4.152658901894957
2017-03-08,4.152507779503962
2017-03-09,4.148511275274697
2017-03-10,4.150274052298542
2017-03-13,4.151749444640366
2017-03-14,4.1521744323209235
2017-03-15,4.154403081075082
2017-03-16,4.157341722071288
2017-03-17,4.155882568781655
2017-03-20,4.1549129930368744
2017-03-21,4.157498214096031
2017-03-22,4.159659188749653
2017-03-23,4.160920290152535
2017-03-24,4.163431925821661
2017-03-27,4.161845274320566
2017-03-28,4.161701814856212
2017-03-29,4.1589285396007805
2017-03-30,4.151831559961257
2017-03-31,4.154867214952042
2017-04-05,4.162408262222819
2017-04-06,4.166815088839338
2017-04-07,4.171310317453503
2017-04-10,4.163124805480327
2017-04-11,4.1591372279943135
2017-04-12,4.166703203818451
2017-04-13,4.168855391090236
2017-04-14,4.160311293661252
2017-04-17,4.144688233767125
2017-04-18,4.143934490452873
2017-04-19,4.1344965123792985
2017-04-20,4.1367882374951925
2017-04-21,4.140296519588731
2017-04-24,4.13313448604139
2017-04-25,4.137838143320141
2017-04-26,4.138525971854364
2017-04-27,4.134588998472921
2017-04-28,4.135168019226346
2017-05-02,4.133578636081466
2017-05-03,4.13185704715356
2017-05-04,4.13042924877431
2017-05-05,4.131056938708837
2017-05-08,4.122374492532606
2017-05-09,4.112630837881432
2017-05-10,4.100968515647016
2017-05-11,4.09118633354651
2017-05-12,4.092428136300869
2017-05-15,4.094126612016985
2017-05-16,4.093573589119175
2017-05-17,4.092995971494436
2017-05-18,4.085703035694026
2017-05-19,4.085634201750076
2017-05-22,4.079385879258811
2017-05-23,4.06986646266509
2017-05-24,4.066779466598394
2017-05-25,4.0624184981362355
2017-05-26,4.066126051683635
2017-05-31,4.063774167682601
2017-06-01,4.0665825690208965
2017-06-02,4.062996159754699
2017-06-05,4.062277042719086
2017-06-06,4.06427186127803
2017-06-07,4.068858793512796
2017-06-08,4.070439628132048
2017-06-09,4.070974686765814
2017-06-12,4.074357699078151
2017-06-13,4.07652267190921
2017-06-14,4.0673893459449015
2017-06-15,4.0630903739626785
2017-06-16,4.061704570405081
2017-06-19,4.063278314339053
2017-06-20,4.057996435678093
2017-06-21,4.06270864040597
2017-06-22,4.065617184994262
2017-06-23,4.065451861550748
2017-06-26,4.066988856732207
2017-06-27,4.068512927749951
2017-06-28,4.065765248854681
2017-06-29,4.064850759026735
2017-06-30,4.065830513615828
2017-07-03,4.064353384894918
2017-07-04,4.060765873991196
2017-07-05,4.061985918371262
2017-07-06,4.060955066964893
2017-07-07,4.0553923389294235
2017-07-10,4.0509713798331966
2017-07-11,4.046126327639813
2017-07-12,4.0410554381405985
2017-07-13,4.041714872624992
2017-07-14,4.040196268052457
2017-07-17,4.0171067453870135
2017-07-18,4.018432760530586
2017-07-19,4.027118216401858
2017-07-20,4.031753171591972
2017-07-21,4.030054477212122
2017-07-24,4.031086175451702
2017-07-25,4.026354838051928
2017-07-26,4.024255611658506
2017-07-27,4.02089793183237
2017-07-28,4.022538153517038
2017-07-31,4.023557293745588
2017-08-01,4.02229503204185
2017-08-02,4.021307968263494
2017-08-03,4.014783588808793
2017-08-04,4.017006826168383
2017-08-07,4.020419268260298
2017-08-08,4.020303576029089
2017-08-09,4.017155262679365
2017-08-10,4.0079904038770895
2017-08-11,3.999476196372306
2017-08-14,4.003654243679549
2017-08-15,4.00369786708119
2017-08-16,4.0009056329246935
2017-08-17,4.001449628797631
2017-08-18,3.9982797293462546
2017-08-21,4.002116456375338
2017-08-22,3.9998652620623005
2017-08-23,3.9959127481722323
2017-08-24,3.995130986669235
2017-08-25,3.9981666917489793
2017-08-28,3.999683470252522
2017-08-29,4.0021474045070065
2017-08-30,4.0014061362630695
2017-08-31,4.000520364746881
2017-09-01,4.001797871629142
2017-09-04,4.006742150113717
2017-09-05,4.006141544199984
2017-09-06,4.003503874796406
2017-09-07,4.005041339285421
2017-09-08,4.003385447059422
2017-09-11,4.001541125753341
2017-09-12,4.002923895784202
2017-09-13,4.004815455515127
2017-09-14,4.006109327912787
2017-09-15,4.005208056797689
2017-09-18,4.00051003812724
2017-09-19,3.9989147772292264
2017-09-20,3.994676061998273
2017-09-21,3.9855894109126675
2017-09-22,3.981841584025718
2017-09-25,3.974964632861836
2017-09-26,3.9810385985337486
2017-09-27,3.984112711254586
2017-09-28,3.983053842419937
2017-09-29,3.987406109213183
2017-10-09,3.995525520601823
2017-10-10,3.998201916208535
2017-10-11,4.004569128867837
2017-10-12,4.005517996984792
2017-10-13,4.01181307795148
2017-10-16,4.007297136375751
2017-10-17,4.010974008480873
2017-10-18,4.015082189628882
2017-10-19,4.009530548513616
2017-10-20,4.013562489445272
2017-10-23,4.015548904022127
2017-10-24,4.0165619421817444
2017-10-25,4.02113764218898
2017-10-26,4.018798493699833
2017-10-27,4.02340382133092
2017-10-30,4.020307736264816
2017-10-31,4.019601833635122
2017-11-01,4.017278356074574
2017-11-02,4.015718270916106
2017-11-03,4.015165905062766
2017-11-06,4.021116839402114
2017-11-07,4.024613994640792
2017-11-08,4.023223815626991
