date,Return
2007-01-22,0.0
2007-01-23,-7.503175626255576e-06
2007-01-24,-6.357254451860861e-06
2007-01-25,-4.1313674905008035e-05
2007-01-26,-1.289989713160189e-05
2007-01-29,1.5359995636732293e-05
2007-01-30,3.5622396565848646e-07
2007-01-31,-4.039481548545609e-05
2007-02-01,2.0079203690848146e-05
2007-02-02,-4.9368979189390316e-05
2007-02-05,5.959429909330183e-06
2007-02-06,0.0001222613654794369
2007-02-07,5.2196815166549726e-05
2007-02-08,1.0155855480142861e-05
2007-02-09,-4.88678399568343e-05
2007-02-12,-7.018631791100294e-05
2007-02-13,7.46127154616083e-06
2007-02-14,0.00011567667098399959
2007-02-15,0.0001981713792071904
2007-02-16,0.0001958767031011721
2007-02-26,0.0002406206240028741
2007-02-27,-0.00030394130545985387
2007-02-28,0.00018730591841276123
2007-03-01,-7.75841479823125e-05
2007-03-02,-4.6784740968752736e-05
2007-03-05,-0.0002185549790676422
2007-03-06,-8.295634567279109e-06
2007-03-07,0.0002568345732436583
2007-03-08,-0.00010287645826101421
2007-03-09,0.00015965285089714065
2007-03-12,6.813361391944106e-05
2007-03-13,0.00015872456973786697
2007-03-14,6.331861649866433e-05
2007-03-15,-9.440637928215256e-05
2007-03-16,-8.248513029351923e-05
2007-03-19,0.00019619892772926306
2007-03-20,0.00041266589001431875
2007-03-21,9.18485968961491e-05
2007-03-22,5.266329188957641e-06
2007-03-23,0.0002689837026044195
2007-03-26,0.0006008775566022084
2007-03-27,0.00038410207681582875
2007-03-28,-0.00014557725306352243
2007-03-29,-0.0005027218155061464
2007-03-30,0.00036960065548141685
2007-04-02,0.00025246882008778115
2007-04-03,0.00026116665356989976
2007-04-04,0.00020575063036254448
2007-04-05,0.00019509321199184804
2007-04-06,0.0006130475738168606
2007-04-09,0.00047318245795002767
2007-04-10,0.00010801039256080891
2007-04-11,0.00044156019492302967
2007-04-12,-0.0006980250105542707
2007-04-13,0.003724851042206545
2007-04-16,-2.6172930822521145e-05
2007-04-17,0.0004022707907251899
2007-04-18,0.00034367050977013314
2007-04-19,-0.00011744550816572552
2007-04-20,0.0009127524378038654
2007-04-23,0.0010095507158798256
2007-04-24,7.148851852156746e-05
2007-04-25,-0.00028616440384154895
2007-04-26,-0.0007455011860436622
2007-04-27,-0.0007405045381955189
2007-04-30,0.0005867477232479601
2007-05-03,-1.029523460283066e-05
2007-05-04,-1.0295340595378732e-05
2007-05-08,0.0015750207750837575
2007-05-09,0.0010493757733205378
2007-05-10,0.0008704607544638421
2007-05-11,-0.0008881252799188832
2007-05-14,0.0001912612007757275
2007-05-15,-0.00100904714250738
2007-05-16,0.00043585600448170503
2007-05-17,0.0004986183671418232
2007-05-18,-0.0012762194052622355
2007-05-21,0.0003327009877669429
2007-05-22,-8.807369160523937e-05
2007-05-23,0.0007279489049860643
2007-05-24,0.0003447521128687736
2007-05-25,0.0013260929213119166
2007-05-28,0.001310037624731919
2007-05-29,0.0006176814070844028
2007-05-30,-0.002203377001659179
2007-05-31,-0.0018773073171273191
2007-06-01,-0.0020563019382437986
2007-06-04,-0.0033565367667348633
2007-06-05,-0.00044736269057188416
2007-06-06,0.0009595954058916334
2007-06-07,0.000881979634105079
2007-06-08,5.0812289532187194e-05
2007-06-11,-0.0001841440613054024
2007-06-12,0.002708846559331457
2007-06-13,0.0022209990942965163
2007-06-14,-0.0006419208315161518
2007-06-15,0.0001242494525595106
2007-06-18,0.0013008958751961064
2007-06-19,0.0010749167182719788
2007-06-20,-0.0003133596615938483
2007-06-21,-0.0011304972468615393
2007-06-22,-0.003994831379906416
2007-06-25,-0.003210345500667011
2007-06-26,-0.0002462262793494485
2007-06-27,0.0005829842860651802
2007-06-28,-0.004219401954191793
2007-06-29,-0.0024414608829097517
2007-07-02,1.829617106818837e-05
2007-07-03,-0.00019539505014043446
2007-07-04,-0.0008492413588037095
2007-07-05,-0.0021991916025859704
2007-07-06,0.002651697268269526
2007-07-09,0.0015179698229872418
2007-07-10,-0.001431996797371271
2007-07-11,-0.0005559868161582049
2007-07-12,0.0005350696223409557
2007-07-13,-0.0006217053501893499
2007-07-16,-0.000857622654760859
2007-07-17,0.0014299649630966638
2007-07-18,0.00012124824034787096
2007-07-19,-0.00021575695613573753
2007-07-20,0.002562568480085181
2007-07-23,0.002502953344653447
2007-07-24,0.0004166407732946187
2007-07-25,0.001731812328710669
2007-07-26,0.001628490207357558
2007-07-27,0.002204068785518709
2007-07-30,-0.0002324246649320072
2007-07-31,0.0028872710076484065
2007-08-01,-0.0018247990382617152
2007-08-02,0.003654861205915294
2007-08-03,0.0015811656905710958
2007-08-06,0.0008421532978177826
2007-08-07,-8.308773077747578e-05
2007-08-08,-0.0013476661009557134
2007-08-09,0.002834504522953196
2007-08-10,-0.0016178193262891272
2007-08-13,-0.0023442414826321256
2007-08-14,0.0013841230547659844
2007-08-15,-0.0005513857486313389
2007-08-16,0.0006358971096778188
2007-08-17,-0.0018646770741109764
2007-08-20,0.0013395251617045467
2007-08-21,0.000913552612127777
2007-08-22,0.0003373301129443451
2007-08-23,-0.0004930120081642064
2007-08-24,0.0010511343379862037
2007-08-27,0.009158439999978452
2007-08-28,0.0018657240812416376
2007-08-29,-0.0009248381410134066
2007-08-30,0.0009393681805986986
2007-08-31,0.0008060409867216567
2007-09-03,-3.308972678861544e-05
2007-09-04,-0.001505951722362453
2007-09-05,0.002314805349163951
2007-09-06,0.0008714168323000759
2007-09-07,-0.004414589956606374
2007-09-10,-0.0010415985744149925
2007-09-11,-0.006852247224291452
2007-09-12,0.0006240742189316251
2007-09-13,0.0032137424709568485
2007-09-14,0.0024625731973024756
2007-09-17,0.00012595519988245485
2007-09-18,0.004285740304762253
2007-09-19,-0.0008991177176217446
2007-09-20,0.002879257949728986
2007-09-21,0.0025734540566870745
2007-09-24,0.0036767116050375748
2007-09-25,-0.0016924424128165194
2007-09-26,-0.004889441261284211
2007-09-27,0.0007395725965178013
2007-09-28,0.0031900843844407945
2007-10-08,0.002603810800093198
2007-10-09,0.0036980276517282196
2007-10-10,0.0001644739774557813
2007-10-11,-0.0014393640387753148
2007-10-12,0.003419801717698512
2007-10-15,0.002221457666047977
2007-10-16,-0.0006995749468654555
2007-10-17,0.0011997686424474185
2007-10-18,-0.00274080749613137
2007-10-19,-0.001238662373757915
2007-10-22,-0.004440335742104784
2007-10-23,-0.000135462696687072
2007-10-24,-0.0007012603166899334
2007-10-25,-0.006310128682887606
2007-10-26,0.0006863744805896133
2007-10-29,-0.0006604533006669966
2007-10-30,-0.0038108911135363854
2007-10-31,0.002064921072792991
2007-11-01,-0.0030613437899519313
2007-11-02,-0.00533298016272532
2007-11-05,-0.00290129829242447
2007-11-06,-0.002503960900552271
2007-11-07,0.0021917182211279584
2007-11-08,-0.007144863567167259
2007-11-09,-0.0007601626082590629
2007-11-12,-0.0042282833844189405
2007-11-13,0.003055668118609356
2007-11-14,0.005612512502949363
2007-11-15,-0.0008662671424967128
2007-11-16,-7.600077051317378e-05
2007-11-19,0.002030327520419206
2007-11-20,0.00122723556303872
2007-11-21,-0.0007107913142246902
2007-11-22,-0.003889585487629965
2007-11-23,0.0009741501628450777
2007-11-26,-0.0027645468276148444
2007-11-27,-0.004041408161077786
2007-11-28,-0.0022640657351639115
2007-11-29,0.002245570714332068
2007-11-30,-0.0043017597131916885
2007-12-03,0.00029873007609992897
2007-12-04,0.0026644886251494526
2007-12-05,0.0032072871008905768
2007-12-06,-0.0012257733843817897
2007-12-07,0.004904004476688373
2007-12-10,0.0039391700543287556
2007-12-11,0.0001306166671179998
2007-12-12,-0.0017688145608425465
2007-12-13,-0.003039971219461979
2007-12-14,0.0017646874944210467
2007-12-17,-0.0009246828029082499
2007-12-18,-0.0009445644077182846
2007-12-19,0.0033894581402049706
2007-12-20,0.0035330503437314142
2007-12-21,-0.0010603705567799881
2007-12-24,0.0008049366138227487
2007-12-25,-0.00031747143047777815
2007-12-26,0.0038641107077284076
2007-12-27,0.0017831726857842067
2007-12-28,-0.00022457046702228922
2008-01-02,0.0034153094117068683
2008-01-03,-0.0011118211638219133
2008-01-04,0.001659970989332793
2008-01-07,0.0016918854308747289
2008-01-08,-0.004605764588681893
2008-01-09,0.002376065238902436
2008-01-10,0.0011692832896061933
2008-01-11,-0.0030986424089288755
2008-01-14,0.000589956705528083
2008-01-15,-0.1660867094198465
2008-01-16,-0.4761531681808867
2008-01-17,-2.0570499188840277
2008-01-18,5.142183005756408
2008-01-21,2.1912248601497466
2008-01-22,1.5714441081726704e-08
2008-01-23,-1.523912096512703e-08
2008-01-24,-4.350757309978803e-09
2008-01-25,1.248243064466692e-09
2008-01-28,1.294877227664415e-08
2008-01-29,-5.238378064653659e-09
2008-01-30,-1.501064827991172e-09
2008-01-31,1.0006881101531917e-08
2008-02-01,8.792187866646373e-09
2008-02-04,-1.4396211556189087e-08
2008-02-05,1.8234613818890466e-09
2008-02-13,-2.3402924043125495e-10
2008-02-14,-2.8318779543567985e-09
2008-02-15,-1.2827843232088298e-09
2008-02-18,-4.8498518534501045e-09
2008-02-19,5.997624619169528e-11
2008-02-20,-2.7063695728912762e-09
2008-02-21,4.362803451840591e-10
2008-02-22,6.8721486279343935e-09
2008-02-25,1.0998300048470355e-09
2008-02-26,1.4515819657390239e-09
2008-02-27,-1.0058421207048696e-08
2008-02-28,2.946092259037414e-10
2008-02-29,-2.5148720883549913e-09
2008-03-03,-1.5407150777413392e-08
2008-03-04,-1.5324478686018494e-08
2008-03-05,-8.801127715507562e-09
2008-03-06,1.3426675771199825e-08
2008-03-07,-2.596359127693404e-09
2008-03-10,1.0891539448110166e-08
2008-03-11,-1.1485824402690525e-08
2008-03-12,1.0664276128835581e-08
2008-03-13,1.0655325732855658e-08
2008-03-14,2.526634457211685e-09
2008-03-17,1.7071289715175908e-08
2008-03-18,1.3737192494645e-08
2008-03-19,-1.5555893351226757e-08
2008-03-20,-1.1339091110507127e-08
2008-03-21,3.0155427044320504e-09
2008-03-24,1.936652394007865e-09
2008-03-25,-9.578300375068238e-09
2008-03-26,1.1841507774335014e-09
2008-03-27,1.3806277232575326e-08
2008-03-28,-4.671418918356096e-09
2008-03-31,1.707649932569666e-08
2008-04-01,1.689142714589309e-08
2008-04-02,1.5710123424383937e-08
2008-04-03,-7.661985712559272e-09
2008-04-07,-8.843746956976872e-09
2008-04-08,-2.745636717982336e-09
2008-04-09,1.6962492521699346e-08
2008-04-10,-5.80589165632972e-09
2008-04-11,-5.400517810727479e-10
2008-04-14,1.1570811420114069e-08
2008-04-15,-8.31153301739107e-09
2008-04-16,7.101654153629511e-09
2008-04-17,9.861438332592343e-09
2008-04-18,1.3277051680304908e-08
2008-04-21,7.547468205970631e-09
2008-04-22,-2.5070977516250537e-09
2008-04-23,-6.901061500030892e-09
2008-04-24,-1.5552032217591716e-08
2008-04-25,-6.068395785874259e-09
2008-04-28,-1.550432227048759e-08
2008-04-29,4.086486038445969e-09
2008-04-30,-8.540867679762698e-09
2008-05-05,-8.186713085223118e-09
2008-05-06,7.634164411740585e-10
2008-05-07,1.6965708393712475e-08
2008-05-08,-7.899858545101779e-11
2008-05-09,4.502620942758995e-09
2008-05-12,-1.6683985304410953e-09
2008-05-13,-6.820806364160603e-09
2008-05-14,2.1867774258055306e-09
2008-05-15,3.678481963476088e-09
2008-05-16,2.2084885031858903e-09
2008-05-19,3.3612501670887696e-09
2008-05-20,1.2126468273976343e-08
2008-05-21,-5.215972875838304e-09
2008-05-22,4.481877979856108e-09
2008-05-23,4.559076671739604e-09
2008-05-26,8.659821748580043e-09
2008-05-27,-7.646638877645273e-11
2008-05-28,-4.947440235270051e-09
2008-05-29,8.972315113098261e-09
2008-05-30,-1.4514971446999425e-09
2008-06-02,-4.989662349963453e-09
2008-06-03,8.256895167590983e-10
2008-06-04,3.633517708934164e-09
2008-06-05,5.977387473876661e-10
2008-06-06,4.119960816950652e-09
2008-06-10,1.678703887009192e-08
2008-06-11,-8.224967928960325e-09
2008-06-12,1.5035934719520583e-09
2008-06-13,4.369348438615361e-09
2008-06-16,-9.278323664929644e-10
2008-06-17,2.9652147404135576e-09
2008-06-18,-9.299252701211458e-09
2008-06-19,1.6793161083938912e-08
2008-06-20,1.3132635201529297e-08
2008-06-23,1.3600457871021376e-08
2008-06-24,-2.9109370469626583e-09
2008-06-25,-8.791104622041246e-09
2008-06-26,-1.2237066915332662e-09
2008-06-27,1.6646288125699016e-08
2008-06-30,3.522665492639021e-09
2008-07-01,2.311652869124714e-09
2008-07-02,-3.103530543668853e-09
2008-07-03,-1.0526803095878279e-08
2008-07-04,2.2070665295359504e-09
2008-07-07,-6.368452654115231e-09
2008-07-08,-4.9377975042119715e-09
2008-07-09,-4.473097670043558e-09
2008-07-10,4.763739180901894e-09
2008-07-11,6.511284400545492e-09
2008-07-14,-5.517671208821184e-09
2008-07-15,-6.9354207932192935e-09
2008-07-16,1.100499313899661e-08
2008-07-17,9.735076522687791e-09
2008-07-18,-6.110585926144552e-09
2008-07-21,-4.120459085044104e-09
2008-07-22,-8.411682461684222e-11
2008-07-23,-8.058564926471945e-11
2008-07-24,-4.224420258047701e-09
2008-07-25,2.2105584029930014e-10
2008-07-28,-1.5604431080618042e-08
2008-07-29,6.639502281302612e-09
2008-07-30,1.533198012992898e-09
2008-07-31,1.021155093816617e-08
2008-08-01,-1.6863312968240507e-09
2008-08-04,4.508452500218141e-09
2008-08-05,6.795341622733986e-09
2008-08-06,1.6035155425697667e-09
2008-08-07,-1.5573079492625652e-09
2008-08-08,1.4675465731528448e-08
2008-08-11,1.662462145723964e-08
2008-08-12,5.2268929184862145e-09
2008-08-13,-1.4156571470635981e-09
2008-08-14,-3.3321445602751965e-10
2008-08-15,-3.285272054398547e-10
2008-08-18,1.6473329367272527e-08
2008-08-19,-4.992628532818344e-11
2008-08-20,-1.4002183190697792e-08
2008-08-21,8.559656095030732e-09
2008-08-22,4.8515254036374245e-09
2008-08-25,-4.304446798997219e-10
2008-08-26,1.1476981365277084e-08
2008-08-27,-1.5759454186081712e-08
2008-08-28,-1.2025895945733112e-08
2008-08-29,-7.984827465890021e-09
2008-09-01,2.716470381969316e-09
2008-09-02,7.276408364731424e-10
2008-09-03,1.0159156627054244e-08
2008-09-04,-3.217522137610729e-09
2008-09-05,1.5805952324754458e-08
2008-09-08,1.502373780937205e-09
2008-09-09,-4.7383820200863624e-09
2008-09-10,-1.923772807721491e-09
2008-09-11,5.579065209815326e-09
2008-09-12,4.584556290154751e-09
2008-09-16,9.443437587464132e-09
2008-09-17,1.5726990820752462e-09
2008-09-18,3.695373340661945e-09
2008-09-19,-1.6113732459466235e-08
2008-09-22,-4.764584948802053e-09
2008-09-23,1.517907288750564e-08
2008-09-24,-6.384386574964651e-09
2008-09-25,-3.2910729697022134e-09
2008-09-26,3.873928955400174e-09
2008-10-06,-5.3012570999655395e-09
2008-10-07,4.6126478192576315e-09
2008-10-08,5.916692691343428e-09
2008-10-09,3.211608534670063e-09
2008-10-10,1.2517064718053916e-08
2008-10-13,-1.427477458459947e-08
2008-10-14,-1.5970710975921065e-08
2008-10-15,3.761778444300035e-09
2008-10-16,-4.311856427463567e-09
2008-10-17,-1.1579817105200618e-09
2008-10-20,-4.87404150373294e-09
2008-10-21,5.788726831212898e-09
2008-10-22,1.1577207859048144e-08
2008-10-23,-2.486981287574963e-09
2008-10-24,9.422111313384107e-09
2008-10-27,1.664211835006313e-08
2008-10-28,-9.960193891878077e-09
2008-10-29,9.496425645849627e-09
2008-10-30,-2.037777724339662e-09
2008-10-31,7.610539087821167e-09
2008-11-03,4.109297790932942e-09
2008-11-04,-4.1507854930955546e-09
2008-11-05,-3.5481624305333526e-09
2008-11-06,6.818721809409567e-09
2008-11-07,-1.6757953913426604e-09
2008-11-10,-1.2707333074679639e-08
2008-11-11,4.746841808511704e-09
2008-11-12,-3.831817974031537e-09
2008-11-13,-5.95396809632831e-09
2008-11-14,-8.289187336529835e-09
2008-11-17,-7.023685300033833e-09
2008-11-18,1.63440607714449e-08
2008-11-19,-1.399238525046087e-08
2008-11-20,-1.081592371221518e-08
2008-11-21,6.6851506552723095e-09
2008-11-24,-4.699431843668833e-09
2008-11-25,9.74808167519825e-09
2008-11-26,8.311142662975612e-09
2008-11-27,1.1529925902920013e-09
2008-11-28,2.8434956611533835e-09
2008-12-01,-5.2652324722402e-09
2008-12-02,-3.82629972150994e-09
2008-12-03,-9.775469766992728e-09
2008-12-04,3.768983569685247e-09
2008-12-05,-1.3648886798556248e-08
2008-12-08,-2.851167191231241e-09
2008-12-09,1.1246939823905677e-08
2008-12-10,-5.288827376048744e-09
2008-12-11,1.017075224041264e-08
2008-12-12,7.68741625911673e-09
2008-12-15,-6.561137744220957e-09
2008-12-16,-2.7697183435648753e-09
2008-12-17,-1.5609660231064026e-09
2008-12-18,-1.5347415560640343e-09
2008-12-19,-1.922806358578555e-11
2008-12-22,4.07025146920148e-09
2008-12-23,1.0615003542824297e-08
2008-12-24,4.7908401690222036e-09
2008-12-25,3.15112158588704e-10
2008-12-26,2.403010013196649e-09
2008-12-29,-2.22709684027933e-09
2008-12-30,3.6479552711909946e-09
2008-12-31,7.964030324103533e-09
2009-01-05,-5.507570732810052e-09
2009-01-06,-5.296496574658249e-09
2009-01-07,3.1592417570891485e-10
2009-01-08,2.398455212215822e-09
2009-01-09,-2.6416607790125113e-09
2009-01-12,-5.069408337554648e-09
2009-01-13,-4.8855078871312685e-09
2009-01-14,-8.269364082380548e-10
2009-01-15,3.041466190012443e-09
2009-01-16,3.3541569521844394e-10
2009-01-19,-1.2338285948487737e-09
2009-01-20,7.271694357768865e-10
2009-01-21,3.4537062099104787e-09
2009-01-22,-2.4484323457585333e-09
2009-01-23,1.8987214023269416e-09
2009-02-02,-5.185290308240553e-09
2009-02-03,-3.08590175635004e-09
2009-02-04,-5.994066909487117e-09
2009-02-05,-3.5854977875615646e-09
2009-02-06,-5.235946565207428e-09
2009-02-09,-6.28647245370928e-10
2009-02-10,-1.9672653506219717e-09
2009-02-11,3.9632630510766376e-10
2009-02-12,-4.915950868600305e-09
2009-02-13,-1.1980285652413158e-09
2009-02-16,-2.7697393267800408e-09
2009-02-17,9.162570036025386e-09
2009-02-18,3.698649386763009e-09
2009-02-19,-4.325246716341269e-09
2009-02-20,-1.1708723324233006e-08
2009-02-23,-2.004396981725165e-09
2009-02-24,1.2740314359049876e-08
2009-02-25,-5.4393096693416965e-09
2009-02-26,1.546262584639635e-08
2009-02-27,1.1781220443651819e-08
2009-03-02,-2.6187481072525998e-09
2009-03-03,-7.342079166861026e-10
2009-03-04,-7.973678273209828e-09
2009-03-05,-2.3761550504985962e-09
2009-03-06,4.116763374639731e-09
2009-03-09,1.1481511297262159e-08
2009-03-10,-4.1163574771019285e-09
2009-03-11,5.979661210631093e-13
2009-03-12,7.254628009434327e-10
2009-03-13,1.8129115986198485e-09
2009-03-16,-7.68649921489839e-09
2009-03-17,-5.1973101378166575e-09
2009-03-18,1.064339727463448e-09
2009-03-19,-2.3170280138984367e-09
2009-03-20,1.3935750331484087e-09
2009-03-23,-1.1658176313211754e-08
2009-03-24,2.603378845833504e-09
2009-03-25,1.3641763274563345e-09
2009-03-26,-2.2119650555652015e-10
2009-03-27,1.6816341652514666e-09
2009-03-30,9.358869235143175e-11
2009-03-31,2.641580509887831e-09
2009-04-01,-1.2060568099769853e-09
2009-04-02,-5.469319441786524e-10
2009-04-03,1.6849039941035926e-09
2009-04-07,-1.1900510576978718e-09
2009-04-08,7.707655624855647e-09
2009-04-09,-1.5957776211550367e-09
2009-04-10,-4.190514157897951e-09
2009-04-13,-5.443029360563401e-10
2009-04-14,-2.1215103007676817e-09
2009-04-15,-1.4516120527829912e-09
2009-04-16,-1.7339161217932997e-09
2009-04-17,6.523138917913229e-09
2009-04-20,-7.81191644705359e-09
2009-04-21,-4.381570661848855e-09
2009-04-22,1.1563390245328264e-08
2009-04-23,-3.3489435669054046e-09
2009-04-24,6.872931113122149e-09
2009-04-27,8.081482816280072e-09
2009-04-28,-2.2913686503756026e-09
2009-04-29,-2.9010506219506738e-09
2009-04-30,-1.5335281933204215e-09
2009-05-04,-4.701369404891409e-09
2009-05-05,-1.948449179778322e-10
2009-05-06,-4.202859837931783e-09
2009-05-07,2.8389202100242983e-09
2009-05-08,-4.745378756609853e-09
2009-05-11,1.0480037726523506e-08
2009-05-12,4.1825476415624507e-10
2009-05-13,-5.244665368664414e-09
2009-05-14,-1.3910413931839116e-09
2009-05-15,-4.973021328069649e-09
2009-05-18,-3.038223006512908e-09
2009-05-19,7.468319296322079e-10
2009-05-20,-5.528946855903882e-09
2009-05-21,-3.097707867993904e-09
2009-05-22,2.642000840324954e-09
2009-05-25,-6.336704827525352e-09
2009-05-26,4.690690280639842e-09
2009-05-27,4.520151808407036e-09
2009-06-01,-2.277915744919312e-09
2009-06-02,-1.4109745594126366e-09
2009-06-03,3.1694369351242813e-09
2009-06-04,-6.324433199367263e-09
2009-06-05,-1.325807463814499e-09
2009-06-08,2.5083113364132714e-10
2009-06-09,4.121979868543235e-09
2009-06-10,-1.8762645881409412e-09
2009-06-11,5.7073346049207885e-09
2009-06-12,5.863608265599396e-09
2009-06-15,-7.308015304019477e-09
2009-06-16,-8.297044162830503e-10
2009-06-17,-1.077820610539959e-09
2009-06-18,1.807572758139031e-09
2009-06-19,2.8644677740885527e-09
2009-06-22,7.603009333223554e-10
2009-06-23,2.3614286082107583e-09
2009-06-24,-3.228650680142664e-10
2009-06-25,3.1766951291700707e-09
2009-06-26,1.301256880026358e-09
2009-06-29,-4.189243840713175e-09
2009-06-30,-1.9093971959094347e-09
2009-07-01,-2.5714208540250638e-11
2009-07-02,-2.846500812836439e-10
2009-07-03,-1.5671836717245924e-08
2009-07-06,5.7735847214246405e-09
2009-07-07,2.9880291574357898e-09
2009-07-08,7.775644572660667e-10
2009-07-09,-3.2111038272830683e-09
2009-07-10,-9.217980823095218e-10
2009-07-13,-6.623595005805782e-10
2009-07-14,-1.0236507530514416e-08
2009-07-15,-1.4369154754945157e-09
2009-07-16,-1.560945706025052e-08
2009-07-17,-7.4187131993141975e-09
2009-07-20,1.0690377472144519e-09
2009-07-21,-2.784767527685972e-09
2009-07-22,6.544784936224346e-09
2009-07-23,4.3903860547089835e-09
2009-07-24,4.862785063508568e-09
2009-07-27,2.314837210803944e-11
2009-07-28,-6.321936196762579e-09
2009-07-29,1.166795371432272e-08
2009-07-30,-1.0610203826644238e-09
2009-07-31,-5.833189264947691e-09
2009-08-03,-7.364709619928078e-09
2009-08-04,-4.8521680007240775e-09
2009-08-05,-4.460666391814527e-09
2009-08-06,9.14942077656633e-09
2009-08-07,6.739647284703665e-09
2009-08-10,-8.940679196989265e-09
2009-08-11,3.3029770030168493e-09
2009-08-12,8.038280041589019e-09
2009-08-13,-6.034114319319883e-09
2009-08-14,3.1558262669761916e-09
2009-08-17,9.525743527305508e-09
2009-08-18,6.472793412370947e-10
2009-08-19,6.472793412370947e-10
2009-08-20,6.472793412370947e-10
2009-08-21,6.472795632816997e-10
2009-08-24,6.472793412370947e-10
2009-08-25,6.472793412370947e-10
2009-08-26,6.472793412370947e-10
2009-08-27,6.472793412370947e-10
2009-08-28,6.472793412370947e-10
2009-08-31,6.472793412370947e-10
2009-09-01,6.472795632816997e-10
2009-09-02,6.472793412370947e-10
2009-09-03,6.472793412370947e-10
2009-09-04,6.472793412370947e-10
2009-09-07,6.472793412370947e-10
2009-09-08,6.472793412370947e-10
2009-09-09,6.472793412370947e-10
2009-09-10,6.472793412370947e-10
2009-09-11,6.472793412370947e-10
2009-09-14,6.472795632816997e-10
2009-09-15,6.472793412370947e-10
2009-09-16,6.472793412370947e-10
2009-09-17,6.472793412370947e-10
2009-09-18,-1.5615971182825206e-08
2009-09-21,-1.554545447923772e-08
2009-09-22,-1.5502507832998447e-08
2009-09-23,-1.5309265188889754e-08
2009-09-24,-1.5281465537420047e-08
2009-09-25,-1.5221699900536123e-08
2009-09-28,1.0337743994170978e-09
2009-09-29,1.7294211396290393e-08
2009-09-30,-1.511671643417145e-08
2009-10-09,-4.528954544724684e-09
2009-10-12,-2.845016000563305e-09
2009-10-13,-9.738072570542045e-10
2009-10-14,-1.8968667747643053e-09
2009-10-15,6.418700015942136e-09
2009-10-16,-5.662230795344669e-09
2009-10-19,-5.436278094350655e-09
2009-10-20,4.323441160636321e-09
2009-10-21,3.4349998401239645e-09
2009-10-22,1.4760281885628501e-09
2009-10-23,5.732969654559383e-09
2009-10-26,6.980065414552428e-10
2009-10-27,-1.7446307731816546e-09
2009-10-28,2.135056575980343e-10
2009-10-29,-8.102671866794253e-10
2009-10-30,-1.389362447312692e-08
2009-11-02,1.497140189599122e-09
2009-11-03,-7.552184433379239e-10
2009-11-04,1.2360830137225776e-09
2009-11-05,-2.5536981418383675e-09
2009-11-06,1.3675258703216286e-09
2009-11-09,-3.1422545676562663e-09
2009-11-10,-6.307250166592837e-09
2009-11-11,-1.0147505058455408e-10
2009-11-12,7.304095550608736e-09
2009-11-13,-9.887979324219032e-11
2009-11-16,4.013139820457923e-09
2009-11-17,2.7328894702804973e-09
2009-11-18,1.1651473119655975e-09
2009-11-19,5.616676013175947e-10
2009-11-20,-8.310045873649585e-09
2009-11-23,9.670921841120617e-10
2009-11-24,1.669241878055061e-08
2009-11-25,1.3345791138874574e-10
2009-11-26,1.6102013944419014e-08
2009-11-27,-1.1755818540848395e-11
2009-11-30,-7.1342455276734995e-09
2009-12-01,-1.480474276505106e-08
2009-12-02,-3.0917196580659834e-09
2009-12-03,1.299266694232415e-09
2009-12-04,1.0362852131962086e-08
2009-12-07,-8.720994371103075e-09
2009-12-08,6.715621392316962e-10
2009-12-09,2.2856827541772873e-09
2009-12-10,4.127439057199922e-09
2009-12-11,2.103551333121345e-09
2009-12-14,-1.4576260864984647e-08
2009-12-15,-1.4431820516414007e-08
2009-12-16,3.1637203967704863e-09
2009-12-17,4.1113548121529675e-09
2009-12-18,-2.854395719786851e-09
2009-12-21,-4.740521419854815e-09
2009-12-22,7.64448682133434e-09
2009-12-23,4.307175505147143e-09
2009-12-24,-4.211112791807636e-09
2009-12-25,-3.1297480163061664e-09
2009-12-28,2.209472604874918e-09
2009-12-29,-3.0389631922034255e-09
2009-12-30,3.618018773465792e-09
2009-12-31,1.2620402500829186e-09
2010-01-04,6.568062982381662e-09
2010-01-05,3.977943086042046e-09
2010-01-06,9.685161561634459e-10
2010-01-07,1.4980892082405717e-09
2010-01-08,2.01411931577411e-09
2010-01-11,-2.3537658488947955e-09
2010-01-12,-1.0745344392049105e-08
2010-01-13,2.304867185998205e-09
2010-01-14,1.3914231988820802e-09
2010-01-15,-5.20663290259904e-10
2010-01-18,1.122956105881201e-08
2010-01-19,6.0069176299748506e-09
2010-01-20,7.253790679229155e-09
2010-01-21,5.353344878500366e-09
2010-01-22,1.6518449497127108e-08
2010-01-25,-2.5210072918113724e-09
2010-01-26,4.7917407819397795e-09
2010-01-27,5.848004747122104e-09
2010-01-28,7.675339031010253e-09
2010-01-29,-9.77581071648359e-09
2010-02-01,1.2268226434741791e-09
2010-02-02,3.154456917897619e-09
2010-02-03,1.0800174088387848e-09
2010-02-04,3.2899658553020572e-09
2010-02-05,1.3044203717171854e-08
2010-02-08,1.0614838341638233e-08
2010-02-09,2.617186911635372e-09
2010-02-10,-1.5779588746767104e-09
2010-02-11,-2.333795157127838e-09
2010-02-12,-1.354472090042691e-13
2010-02-22,-1.908730395960845e-09
2010-02-23,-3.1430968938650494e-11
2010-02-24,-1.2292576401229383e-08
2010-02-25,3.640917345393291e-09
2010-02-26,-1.4063962217036874e-09
2010-03-01,-7.044193006677801e-10
2010-03-02,2.1280976980619926e-11
2010-03-03,-8.955095220919418e-09
2010-03-04,4.652834562079988e-09
2010-03-05,1.9793395811262826e-09
2010-03-08,2.042771951593636e-09
2010-03-09,-1.479063205245268e-09
2010-03-10,9.522679311757543e-09
2010-03-11,7.403579083131717e-09
2010-03-12,6.6768572892783595e-09
2010-03-15,1.9873183099150538e-09
2010-03-16,2.517026587156579e-09
2010-03-17,-6.721516787600024e-09
2010-03-18,-1.569327889860972e-09
2010-03-19,1.332832733069722e-09
2010-03-22,1.5927346108668416e-09
2010-03-23,2.3356010458996934e-09
2010-03-24,4.4145187505506556e-09
2010-03-25,4.354490101832198e-09
2010-03-26,4.5387849034739247e-10
2010-03-29,-1.2535185112128033e-09
2010-03-30,2.888022043734395e-09
2010-03-31,-8.525017025640125e-09
2010-04-01,-1.870624766198148e-10
2010-04-02,3.0586482235861467e-09
2010-04-06,8.881062552035246e-10
2010-04-07,-2.0786861121280253e-10
2010-04-08,9.924835397967513e-09
2010-04-09,3.3651044173410583e-09
2010-04-12,-1.3954072120014871e-08
2010-04-13,4.12032097329984e-09
2010-04-14,-5.751460419034515e-09
2010-04-15,2.30822894131677e-09
2010-04-16,1.61259894326804e-10
2010-04-19,1.3660881093002786e-08
2010-04-20,2.429125345315697e-09
2010-04-21,-1.3767737727654605e-08
2010-04-22,1.4900265465911389e-09
2010-04-23,6.869378399443349e-10
2010-04-26,5.767204491746725e-09
2010-04-27,7.989029882082832e-09
2010-04-28,2.4840951518001475e-09
2010-04-29,6.605008540105928e-09
2010-04-30,7.2166246312121984e-09
2010-05-04,-2.349259675682447e-10
2010-05-05,-7.440767779698376e-09
2010-05-06,7.123424961008595e-09
2010-05-07,1.649466452313675e-08
2010-05-10,1.61828055400548e-08
2010-05-11,8.018070651871767e-10
2010-05-12,9.51491196943266e-09
2010-05-13,-6.9645460509804025e-09
2010-05-14,9.185325833271918e-10
2010-05-17,1.493553369869005e-08
2010-05-18,1.3967133893899586e-08
2010-05-19,6.876577085535018e-10
2010-05-20,-5.4746318589593557e-11
2010-05-21,-1.8641198584745666e-09
2010-05-24,-7.373570976021426e-09
2010-05-25,6.1358731429095315e-09
2010-05-26,1.955486661486816e-09
2010-05-27,-9.500473852064317e-09
2010-05-28,1.3143370836132817e-09
2010-05-31,9.1290275339162e-09
2010-06-01,3.9149852248954176e-09
2010-06-02,3.345830279499751e-10
2010-06-03,9.604251172135037e-09
2010-06-04,4.03999766973584e-09
2010-06-07,6.839298016814155e-10
2010-06-08,2.707969404269761e-09
2010-06-09,-1.2461478515746194e-09
2010-06-10,-2.129043608078973e-09
2010-06-11,2.1203341304953938e-09
2010-06-15,2.0555384061538007e-09
2010-06-17,2.0555384061538007e-09
2010-06-18,1.82514139357437e-08
2010-06-21,7.824563441616306e-09
2010-06-22,-1.3936144460657829e-09
2010-06-23,1.3767486484184133e-08
2010-06-24,4.106848194851409e-09
2010-06-25,9.595980898779999e-09
2010-06-28,5.499655841845197e-09
2010-06-29,9.921629962050815e-09
2010-06-30,1.1879797146008286e-09
2010-07-01,5.7840605638403986e-09
2010-07-02,-4.962625532733966e-09
2010-07-05,2.8134592433559646e-09
2010-07-06,4.882234774239436e-07
2010-07-07,5.032045609087987e-07
2010-07-08,5.132741280888808e-07
2010-07-09,5.061599395173033e-07
2010-07-12,5.244598515474763e-07
2010-07-13,5.363276307512876e-07
2010-07-14,5.244872436360737e-07
2010-07-15,5.343410112157443e-07
2010-07-16,5.19085654682172e-07
2010-07-19,5.193254857260854e-07
2010-07-20,5.308024295658242e-07
2010-07-21,5.49971955754458e-07
2010-07-22,5.496346890954129e-07
2010-07-23,5.597031087489768e-07
2010-07-26,5.585162468069171e-07
2010-07-27,5.685635744434592e-07
2010-07-28,5.660958031228347e-07
2010-07-29,5.802801861243267e-07
2010-07-30,5.868352563886958e-07
2010-08-02,5.825049873564581e-07
2010-08-03,5.988885374286212e-07
2010-08-04,5.85056355584257e-07
2010-08-05,5.931281499282903e-07
2010-08-06,5.928357371676185e-07
2010-08-09,6.015363129829865e-07
2010-08-10,6.171582738190295e-07
2010-08-11,5.899984545365555e-07
2010-08-12,6.00637190872888e-07
2010-08-13,5.880760967080789e-07
2010-08-16,5.977472188334332e-07
2010-08-17,6.123907563271302e-07
2010-08-18,6.197014852382665e-07
2010-08-19,6.182754328509787e-07
2010-08-20,6.219971073750941e-07
2010-08-23,6.041052178495931e-07
2010-08-24,6.066078437338973e-07
2010-08-25,6.201375679637522e-07
2010-08-26,6.024731400433581e-07
2010-08-27,6.073046789900616e-07
2010-08-30,6.094422231317509e-07
2010-08-31,6.211759251417703e-07
2010-09-01,6.276672992466814e-07
2010-09-02,6.162778654061896e-07
2010-09-03,6.291812666425756e-07
2010-09-06,6.332141522236157e-07
2010-09-07,6.338302289687903e-07
2010-09-08,6.365740252700647e-07
2010-09-09,6.449772143035659e-07
2010-09-10,6.334085751458218e-07
2010-09-13,6.37996786068129e-07
2010-09-14,6.511059214009407e-07
2010-09-15,6.577974451804636e-07
2010-09-16,6.490814306037151e-07
2010-09-17,6.321525718444576e-07
2010-09-20,6.34546156730309e-07
2010-09-21,6.25459824377117e-07
2010-09-27,6.209636407294994e-07
2010-09-28,6.396261085228616e-07
2010-09-29,6.407756190096592e-07
2010-09-30,6.284707336767781e-07
2010-10-08,6.359362425545356e-07
2010-10-11,6.546921640371295e-07
2010-10-12,6.638867369179735e-07
2010-10-13,6.67542809917876e-07
2010-10-14,6.764035260786727e-07
2010-10-15,6.559294503105662e-07
2010-10-18,6.60415462760966e-07
2010-10-19,6.45473492655313e-07
2010-10-20,6.669449637008995e-07
2010-10-21,6.712958653398715e-07
2010-10-22,6.743504856743243e-07
2010-10-25,6.789117179550885e-07
2010-10-26,7.007676929848827e-07
2010-10-27,7.066876668293531e-07
2010-10-28,6.97771471047659e-07
2010-10-29,6.971209003392431e-07
2010-11-01,6.982965603530289e-07
2010-11-02,7.236437302715615e-07
2010-11-03,7.279697318285372e-07
2010-11-04,7.127331782541546e-07
2010-11-05,7.289917836050819e-07
2010-11-08,7.420833953997175e-07
2010-11-09,7.568448743278111e-07
2010-11-10,7.618467361414361e-07
2010-11-11,7.656392062571626e-07
2010-11-12,7.701101898405227e-07
2010-11-15,7.101147818655562e-07
2010-11-16,7.320397219512387e-07
2010-11-17,7.084360171827342e-07
2010-11-18,6.750975061198261e-07
2010-11-19,6.845765365692813e-07
2010-11-22,7.027001998061166e-07
2010-11-23,7.153545609206446e-07
2010-11-24,6.950510114123176e-07
2010-11-25,7.175171039541794e-07
2010-11-26,7.266607999767416e-07
2010-11-29,7.230788057199788e-07
2010-11-30,7.260821279775342e-07
2010-12-01,7.042047431848886e-07
2010-12-02,7.044923457932839e-07
2010-12-03,7.0859584444527e-07
2010-12-06,7.06798895189209e-07
2010-12-07,6.970223536129083e-07
2010-12-08,7.08305208929616e-07
2010-12-09,7.076835399910664e-07
2010-12-10,6.913580101741701e-07
2010-12-13,6.950585424991829e-07
2010-12-14,7.207349146387543e-07
2010-12-15,7.301199640430411e-07
2010-12-16,7.295097108617199e-07
2010-12-17,7.264254666683456e-07
2010-12-20,7.286876078094195e-07
2010-12-21,7.162584840791908e-07
2010-12-22,7.309804799238151e-07
2010-12-23,7.243644930543525e-07
2010-12-24,7.123606198256027e-07
2010-12-27,7.045049283949112e-07
2010-12-28,6.846378703961875e-07
2010-12-29,6.653731861039347e-07
2010-12-30,6.752542329735434e-07
2010-12-31,6.745562244336867e-07
2011-01-04,6.913154639853758e-07
2011-01-05,7.047354166900277e-07
2011-01-06,7.083767026294652e-07
2011-01-07,7.072971994759314e-07
2011-01-10,7.063277931429468e-07
2011-01-11,6.85260596045012e-07
2011-01-12,6.81391779222551e-07
2011-01-13,6.857779639712902e-07
2011-01-14,6.875138436335249e-07
2011-01-17,6.779973116266547e-07
2011-01-18,6.44762622181716e-07
2011-01-19,6.452118883615299e-07
2011-01-20,6.692805267771718e-07
2011-01-21,6.428293182203504e-07
2011-01-24,6.530847025398856e-07
2011-01-25,6.392434745983167e-07
2011-01-26,6.243695669372329e-07
2011-01-27,6.347113417071171e-07
2011-01-28,6.468098510126197e-07
2011-01-31,6.550609117361716e-07
2011-02-01,6.666974521341018e-07
2011-02-09,6.67759365136078e-07
2011-02-10,6.615664815967648e-07
2011-02-11,6.819971238858358e-07
2011-02-14,6.855925911430916e-07
2011-02-15,7.027658703862016e-07
2011-02-16,6.993704972924064e-07
2011-02-17,7.142733382536903e-07
2011-02-18,7.15700908759942e-07
2011-02-21,7.071590755192148e-07
2011-02-22,7.289892556272548e-07
2011-02-23,7.059522744157221e-07
2011-02-24,7.140589233234351e-07
2011-02-25,7.187460380198019e-07
2011-02-28,7.19297207130154e-07
2011-03-01,7.309962974932915e-07
2011-03-02,7.381134545791923e-07
2011-03-03,7.3935022881777e-07
2011-03-04,7.219884692322154e-07
2011-03-07,7.32370281752992e-07
2011-03-08,7.441609919389691e-07
2011-03-09,7.47082686158862e-07
2011-03-10,7.502103769319035e-07
2011-03-11,7.421305667776323e-07
2011-03-14,7.34075058961281e-07
2011-03-15,7.450874230929827e-07
2011-03-16,7.301344677745902e-07
2011-03-17,7.453679276014924e-07
2011-03-18,7.290747074950588e-07
2011-03-21,7.396996206665563e-07
2011-03-22,7.334783589385552e-07
2011-03-23,7.316236572130208e-07
2011-03-24,7.437390718845194e-07
2011-03-25,7.424022465674085e-07
2011-03-28,7.526175707095462e-07
2011-03-29,7.533150672145439e-07
2011-03-30,7.383429521112816e-07
2011-03-31,7.362728629001225e-07
2011-04-01,7.230059178020554e-07
2011-04-06,7.349562372027663e-07
2011-04-07,7.348420689723412e-07
2011-04-08,7.387667486646876e-07
2011-04-11,7.506048844696522e-07
2011-04-12,7.433568185444273e-07
2011-04-13,7.398410928338706e-07
2011-04-14,7.48740506706369e-07
2011-04-15,7.463000253338237e-07
2011-04-18,7.467189460097501e-07
2011-04-19,7.515119380130386e-07
2011-04-20,7.386614597759689e-07
2011-04-21,7.412989975197348e-07
2011-04-22,7.475719392413538e-07
2011-04-25,7.483774562278001e-07
2011-04-26,7.332586144936926e-07
2011-04-27,7.191902222647428e-07
2011-04-28,7.162237063429444e-07
2011-04-29,6.894461039852473e-07
2011-05-03,7.00617698967676e-07
2011-05-04,7.118336766698263e-07
2011-05-05,6.962848528857535e-07
2011-05-06,6.978805222601636e-07
2011-05-09,7.00371454387394e-07
2011-05-10,7.068274883170744e-07
2011-05-11,7.115246203337477e-07
2011-05-12,7.16279919821261e-07
2011-05-13,7.053287252034579e-07
2011-05-16,7.128232866193684e-07
2011-05-17,7.10175328544338e-07
2011-05-18,7.052788171257873e-07
2011-05-19,7.109558308737718e-07
2011-05-20,7.08026820062102e-07
2011-05-23,7.126006711377642e-07
2011-05-24,6.826200444898234e-07
2011-05-25,6.822525484562192e-07
2011-05-26,6.764632489719702e-07
2011-05-27,6.732603585746233e-07
2011-05-30,6.52258880684542e-07
2011-05-31,6.369880412027129e-07
2011-06-01,6.537738994616404e-07
2011-06-02,6.644983141512739e-07
2011-06-03,6.505336946904805e-07
2011-06-07,6.635201454940898e-07
2011-06-08,6.697287942003527e-07
2011-06-09,6.76898059159825e-07
2011-06-10,6.581109994741041e-07
2011-06-13,6.592426515794614e-07
2011-06-14,6.560912155784138e-07
2011-06-15,6.651107633537379e-07
2011-06-16,6.62355863267905e-07
2011-06-17,6.546805182416904e-07
2011-06-20,6.423812020095454e-07
2011-06-21,6.307614337508483e-07
2011-06-22,6.40958016884241e-07
2011-06-23,6.373056329334048e-07
2011-06-24,6.48530767310973e-07
2011-06-27,6.660469509256473e-07
2011-06-28,6.75642144010169e-07
2011-06-29,6.793351658984648e-07
2011-06-30,6.658216380461823e-07
2011-07-01,6.765927387242243e-07
2011-07-04,6.76566546564672e-07
2011-07-05,6.967496091192515e-07
2011-07-06,7.019566903299079e-07
2011-07-07,7.028044224366425e-07
2011-07-08,7.028806807696242e-07
2011-07-11,7.000617010533006e-07
2011-07-12,7.101493664229963e-07
2011-07-13,6.951713269476301e-07
2011-07-14,7.094471725643814e-07
2011-07-15,7.157776957811279e-07
2011-07-18,7.205217369410377e-07
2011-07-19,7.255716683030045e-07
2011-07-20,7.188036914573814e-07
2011-07-21,7.192156663560212e-07
2011-07-22,7.090375799823079e-07
2011-07-25,7.177501479826986e-07
2011-07-26,6.868200845833172e-07
2011-07-27,6.878911356089645e-07
2011-07-28,7.015420975253761e-07
2011-07-29,6.983299549734312e-07
2011-08-01,6.887793386756158e-07
2011-08-02,6.939506498326864e-07
2011-08-03,6.876799916177845e-07
2011-08-04,6.901268134740235e-07
2011-08-05,6.985140772464149e-07
2011-08-08,6.888255505987928e-07
2011-08-09,6.531118925678925e-07
2011-08-10,6.482291960985265e-07
2011-08-11,6.581413536377312e-07
2011-08-12,6.707221615886994e-07
2011-08-15,6.76044564773548e-07
2011-08-16,6.875006424156282e-07
2011-08-17,6.829988121737074e-07
2011-08-18,6.832365933018281e-07
2011-08-19,6.701572368150721e-07
2011-08-22,6.64724960630636e-07
2011-08-23,6.547442921167601e-07
2011-08-24,6.6672265464085e-07
2011-08-25,6.607303983940938e-07
2011-08-26,6.765824713816926e-07
2011-08-29,6.807034769185094e-07
2011-08-30,6.751441203878272e-07
2011-08-31,6.695202703355108e-07
2011-09-01,6.680616506660186e-07
2011-09-02,6.633242006781614e-07
2011-09-05,6.570898469782094e-07
2011-09-06,6.391270612748912e-07
2011-09-07,6.286035820757263e-07
2011-09-08,6.46818818061945e-07
2011-09-09,6.404039256668881e-07
2011-09-13,6.391265996441575e-07
2011-09-14,6.258476206166819e-07
2011-09-15,6.342465848074852e-07
2011-09-16,6.349631884727813e-07
2011-09-19,6.388346349694984e-07
2011-09-20,6.225698823136838e-07
2011-09-21,6.221508896953054e-07
2011-09-22,6.495978130960367e-07
2011-09-23,6.28573046501657e-07
2011-09-26,6.257085367611381e-07
2011-09-27,6.099231173450903e-07
2011-09-28,6.166154256082024e-07
2011-09-29,6.101788108114903e-07
2011-09-30,5.86795857904221e-07
2011-10-10,5.844109824959531e-07
2011-10-11,5.801689664242105e-07
2011-10-12,5.713549280361718e-07
2011-10-13,5.940114538027785e-07
2011-10-14,6.018482110459189e-07
2011-10-17,5.974074861470058e-07
2011-10-18,6.039492426168636e-07
2011-10-19,5.815490875527018e-07
2011-10-20,5.812044667763416e-07
2011-10-21,5.606304007699237e-07
2011-10-24,5.458700977900577e-07
2011-10-25,5.543865626567168e-07
2011-10-26,5.709951491628118e-07
2011-10-27,5.792964254958122e-07
2011-10-28,5.762867769654179e-07
2011-10-31,5.929040656216245e-07
2011-11-01,5.959701323554611e-07
2011-11-02,5.938065592570041e-07
2011-11-03,6.025872529846765e-07
2011-11-04,6.07360477244967e-07
2011-11-07,6.139302570762339e-07
2011-11-08,6.124763012316237e-07
2011-11-09,6.016518052653907e-07
2011-11-10,6.136061461159414e-07
2011-11-11,6.020205332024631e-07
2011-11-14,5.992820111266894e-07
2011-11-15,6.152982880980318e-07
2011-11-16,6.234097504886904e-07
2011-11-17,6.060092629933678e-07
2011-11-18,6.104340972701294e-07
2011-11-21,5.904976787540761e-07
2011-11-22,5.901596775714779e-07
2011-11-23,5.888437355494602e-07
2011-11-24,5.849138267066678e-07
2011-11-25,5.839719563471846e-07
2011-11-28,5.801083329259882e-07
2011-11-29,5.783541658921365e-07
2011-11-30,5.947662509164786e-07
2011-12-01,5.612531033261092e-07
2011-12-02,5.787851984351278e-07
2011-12-05,5.693088245273259e-07
2011-12-06,5.474180977405041e-07
2011-12-07,5.446328583680327e-07
2011-12-08,5.467289445615364e-07
2011-12-09,5.47347599910708e-07
2011-12-12,5.415854889001537e-07
2011-12-13,5.361223769373424e-07
2011-12-14,5.161119631669209e-07
2011-12-15,5.080038771865247e-07
2011-12-16,4.833472087018009e-07
2011-12-19,5.005154430914871e-07
2011-12-20,5.010501988866878e-07
2011-12-21,5.033618040162224e-07
2011-12-22,4.891151723640519e-07
2011-12-23,4.813767906508559e-07
2011-12-26,4.902905952341996e-07
2011-12-27,4.903756742891119e-07
2011-12-28,4.7542478087692075e-07
2011-12-29,4.721419071263e-07
2011-12-30,4.701305058585348e-07
2012-01-04,4.863275242517062e-07
2012-01-05,4.749576663076738e-07
2012-01-06,4.530902411037374e-07
2012-01-09,4.493501941649214e-07
2012-01-10,4.680439149584714e-07
2012-01-11,4.951514129825085e-07
2012-01-12,4.954128340894925e-07
2012-01-13,4.994276603387249e-07
2012-01-16,4.833246411983794e-07
2012-01-17,4.5661342529257354e-07
2012-01-18,4.941099076560818e-07
2012-01-19,4.798757227142403e-07
2012-01-20,4.840881611123393e-07
2012-01-30,4.924926046978584e-07
2012-01-31,4.878494328508509e-07
2012-02-01,4.905711146196978e-07
2012-02-02,4.817568288739693e-07
2012-02-03,4.921913834277092e-07
2012-02-06,4.996873455009876e-07
2012-02-07,5.086967196366032e-07
2012-02-08,4.92803576390699e-07
2012-02-09,5.096874609034074e-07
2012-02-10,5.123890542968468e-07
2012-02-13,5.154082114433578e-07
2012-02-14,5.200073929234605e-07
2012-02-15,5.177649924359429e-07
2012-02-16,5.281143440338809e-07
2012-02-17,5.286112312319347e-07
2012-02-20,5.256404576048368e-07
2012-02-21,5.257766206856473e-07
2012-02-22,5.306100236968092e-07
2012-02-23,5.43361280858079e-07
2012-02-24,5.424011204624435e-07
2012-02-27,5.526813187106683e-07
2012-02-28,5.543270586993998e-07
2012-02-29,5.532843212474603e-07
2012-03-01,5.447438984340636e-07
2012-03-02,5.456624112554209e-07
2012-03-05,5.604203343612113e-07
2012-03-06,5.636771083228354e-07
2012-03-07,5.570841801194604e-07
2012-03-08,5.512705469890022e-07
2012-03-09,5.592076346427888e-07
2012-03-12,5.675954850570264e-07
2012-03-13,5.694264888500555e-07
2012-03-14,5.834285070616119e-07
2012-03-15,5.540868421860523e-07
2012-03-16,5.416057262674911e-07
2012-03-19,5.556327704603348e-07
2012-03-20,5.687455897351867e-07
2012-03-21,5.539211747063177e-07
2012-03-22,5.564948011294035e-07
2012-03-23,5.570611028016259e-07
2012-03-26,5.42016912019605e-07
2012-03-27,5.430609966161626e-07
2012-03-28,5.458726330953567e-07
2012-03-29,5.191775045432223e-07
2012-03-30,5.087603465181445e-07
2012-04-05,5.004711374212434e-07
2012-04-06,5.22100039646034e-07
2012-04-09,5.290860016771148e-07
2012-04-10,5.211561353579697e-07
2012-04-11,5.27504880887264e-07
2012-04-12,5.292392759592701e-07
2012-04-13,5.412967301055005e-07
2012-04-16,5.472207507128957e-07
2012-04-17,5.526432633740086e-07
2012-04-18,5.368036390951403e-07
2012-04-19,5.532019959897383e-07
2012-04-20,5.509121769886605e-07
2012-04-23,5.585983071654255e-07
2012-04-24,5.533211167030316e-07
2012-04-25,5.481647580296567e-07
2012-04-26,5.588788860588778e-07
2012-04-27,5.577199435613522e-07
2012-05-02,5.497591959446879e-07
2012-05-03,5.573709831452334e-07
2012-05-04,5.60257364501382e-07
2012-05-07,5.648578447203789e-07
2012-05-08,5.698943099652354e-07
2012-05-09,5.712919632916424e-07
2012-05-10,5.59466260652286e-07
2012-05-11,5.614517195606794e-07
2012-05-14,5.570232710638834e-07
2012-05-15,5.54483152725993e-07
2012-05-16,5.55473984586996e-07
2012-05-17,5.435547356658077e-07
2012-05-18,5.576392754225168e-07
2012-05-21,5.45821121633594e-07
2012-05-22,5.409090537700223e-07
2012-05-23,5.518704331297641e-07
2012-05-24,5.551832340522367e-07
2012-05-25,5.504737428108086e-07
2012-05-28,5.406599525858979e-07
2012-05-29,5.504294156022382e-07
2012-05-30,5.611660391924289e-07
2012-05-31,5.608949307234212e-07
2012-06-01,5.60703834473486e-07
2012-06-04,5.645265732656668e-07
2012-06-05,5.425538665004837e-07
2012-06-06,5.402268874465932e-07
2012-06-07,5.380382734898603e-07
2012-06-08,5.359145025529699e-07
2012-06-11,5.319746219090149e-07
2012-06-12,5.450784450466983e-07
2012-06-13,5.383634957834005e-07
2012-06-14,5.525227801950194e-07
2012-06-15,5.488794569963318e-07
2012-06-18,5.4705946772593e-07
2012-06-19,5.539587548675229e-07
2012-06-20,5.501605910840368e-07
2012-06-21,5.478673090753006e-07
2012-06-25,5.422452686865142e-07
2012-06-26,5.241065401673239e-07
2012-06-27,5.237046305506254e-07
2012-06-28,5.229045798582632e-07
2012-06-29,5.119625698934982e-07
2012-07-02,5.187971212627929e-07
2012-07-03,5.243469221039021e-07
2012-07-04,5.262937172734183e-07
2012-07-05,5.254712580615717e-07
2012-07-06,5.081514624638572e-07
2012-07-09,5.253344930178372e-07
2012-07-10,5.104525258037285e-07
2012-07-11,5.0349613656131e-07
2012-07-12,5.08649063979405e-07
2012-07-13,5.170235521934075e-07
2012-07-16,5.2106977621591e-07
2012-07-17,4.953707235522131e-07
2012-07-18,4.997195179878844e-07
2012-07-19,5.013398163278282e-07
2012-07-20,5.100267805868697e-07
2012-07-23,5.084482046502359e-07
2012-07-24,5.012944288562693e-07
2012-07-25,5.064091499473733e-07
2012-07-26,5.014250941126619e-07
2012-07-27,4.966224049773871e-07
2012-07-30,4.947859295612034e-07
2012-07-31,4.846910330869036e-07
2012-08-01,4.7253808377334394e-07
2012-08-02,4.83826481101346e-07
2012-08-03,4.749350308586031e-07
2012-08-06,4.846375216693843e-07
2012-08-07,4.984343799918634e-07
2012-08-08,5.045135265113743e-07
2012-08-09,5.01310494671614e-07
2012-08-10,5.101421409747786e-07
2012-08-13,5.113053542782353e-07
2012-08-14,4.957635166835672e-07
2012-08-15,5.025457863183647e-07
2012-08-16,4.990360358281265e-07
2012-08-17,4.954962946612795e-07
2012-08-20,4.950845879925225e-07
2012-08-21,4.923592169525648e-07
2012-08-22,5.031604972671744e-07
2012-08-23,4.976577403503768e-07
2012-08-24,5.036011292425258e-07
2012-08-27,4.95169809155982e-07
2012-08-28,4.802142992144098e-07
2012-08-29,4.832422397793579e-07
2012-08-30,4.807186155808552e-07
2012-08-31,4.697867295178071e-07
2012-09-03,4.7007817527422446e-07
2012-09-04,4.821978056845921e-07
2012-09-05,4.749002100457034e-07
2012-09-06,4.743940016371795e-07
2012-09-07,4.730625866589122e-07
2012-09-10,4.960830330968946e-07
2012-09-11,5.02793219947506e-07
2012-09-12,4.993795053032102e-07
2012-09-13,5.073954014722659e-07
2012-09-14,4.980779850782824e-07
2012-09-17,5.042103563557276e-07
2012-09-18,4.843365386530962e-07
2012-09-19,4.796170884890927e-07
2012-09-20,4.907154165234573e-07
2012-09-21,4.715344383843245e-07
2012-09-24,4.6782244678134077e-07
2012-09-25,4.745892148161346e-07
2012-09-26,4.7423649984779104e-07
2012-09-27,4.565151787705446e-07
2012-09-28,4.6939786679800477e-07
2012-10-08,4.828975861403961e-07
2012-10-09,4.766102223996427e-07
2012-10-10,4.915513871495136e-07
2012-10-11,4.982758525784448e-07
2012-10-12,4.897354828337086e-07
2012-10-15,4.889751747949589e-07
2012-10-16,4.860124300787305e-07
2012-10-17,4.881739044115818e-07
2012-10-18,4.868085068387984e-07
2012-10-19,4.985358237341586e-07
2012-10-22,4.962981814404799e-07
2012-10-23,5.015204316283217e-07
2012-10-24,4.934788520039035e-07
2012-10-25,4.949534555542812e-07
2012-10-26,4.906948902760888e-07
2012-10-29,4.7659752100415176e-07
2012-10-30,4.7482127918385686e-07
2012-10-31,4.742349060116169e-07
2012-11-01,4.7304129835445963e-07
2012-11-02,4.851660801996616e-07
2012-11-05,4.897607679410498e-07
2012-11-06,4.88828687972287e-07
2012-11-07,4.866342488973885e-07
2012-11-08,4.885592030934305e-07
2012-11-09,4.743432191478547e-07
2012-11-12,4.7093305188816714e-07
2012-11-13,4.794777967997987e-07
2012-11-14,4.647445603911393e-07
2012-11-15,4.6878258652682803e-07
2012-11-16,4.5924504954442114e-07
2012-11-19,4.5401557913216095e-07
2012-11-20,4.57208991333502e-07
2012-11-21,4.532041801841302e-07
2012-11-22,4.619515725501344e-07
2012-11-23,4.5410984705895885e-07
2012-11-26,4.5813588966936436e-07
2012-11-27,4.5693180150685464e-07
2012-11-28,4.391735326514379e-07
2012-11-29,4.275468701298024e-07
2012-11-30,4.1831697572547455e-07
2012-12-03,4.3190612730725775e-07
2012-12-04,4.1604475442547084e-07
2012-12-05,4.166223754875631e-07
2012-12-06,4.389119381276174e-07
2012-12-07,4.340815573655732e-07
2012-12-10,4.4504553531332647e-07
2012-12-11,4.552633883214696e-07
2012-12-12,4.5133850523626506e-07
2012-12-13,4.551725942825158e-07
2012-12-14,4.4146268995959304e-07
2012-12-17,4.6527090513670544e-07
2012-12-18,4.69735067065713e-07
2012-12-19,4.6864321667783315e-07
2012-12-20,4.7150497706205385e-07
2012-12-21,4.741191153012636e-07
2012-12-24,4.715240464747694e-07
2012-12-25,4.711902403808921e-07
2012-12-26,4.841803837862813e-07
2012-12-27,4.928351255983898e-07
2012-12-28,4.870219532104869e-07
2012-12-31,4.938570430379485e-07
2013-01-04,5.041682735740238e-07
2013-01-07,4.972313647488846e-07
2013-01-08,5.018378461674189e-07
2013-01-09,5.073081650319722e-07
2013-01-10,5.089482573161774e-07
2013-01-11,5.172072607972922e-07
2013-01-14,4.951278511633461e-07
2013-01-15,5.160216252075855e-07
2013-01-16,5.275652996683533e-07
2013-01-17,5.282876016643456e-07
2013-01-18,5.181118147845609e-07
2013-01-21,5.301684495861991e-07
2013-01-22,5.387688346569774e-07
2013-01-23,5.301865377838055e-07
2013-01-24,5.361186938834805e-07
2013-01-25,5.243106715457913e-07
2013-01-28,5.190974976532203e-07
2013-01-29,5.358083730033769e-07
2013-01-30,5.401850453612411e-07
2013-01-31,5.432900442858823e-07
2013-02-01,5.401400047233551e-07
2013-02-04,5.470238120253157e-07
2013-02-05,5.406051182266225e-07
2013-02-06,5.481915454907949e-07
2013-02-07,5.522322628070953e-07
2013-02-08,5.50782555341911e-07
2013-02-18,5.597637651177934e-07
2013-02-19,5.636433797473472e-07
2013-02-20,5.475611144500903e-07
2013-02-21,5.636145441467733e-07
2013-02-22,5.471262667366972e-07
2013-02-25,5.425335345421445e-07
2013-02-26,5.507796234649476e-07
2013-02-27,5.418087620778778e-07
2013-02-28,5.419219244462425e-07
2013-03-01,5.556256024163986e-07
2013-03-04,5.684091544111425e-07
2013-03-05,5.392240565171846e-07
2013-03-06,5.513466594386784e-07
2013-03-07,5.625275334431024e-07
2013-03-08,5.559287812317848e-07
2013-03-11,5.486669556464818e-07
2013-03-12,5.510458316315692e-07
2013-03-13,5.374346154773946e-07
2013-03-14,5.300904213356716e-07
2013-03-15,5.316397670984685e-07
2013-03-18,5.342061517588093e-07
2013-03-19,5.250437031811828e-07
2013-03-20,5.245476917270508e-07
2013-03-21,5.413892112393626e-07
2013-03-22,5.48115429488405e-07
2013-03-25,5.505475082490108e-07
2013-03-26,5.4974651253481e-07
2013-03-27,5.446502653327912e-07
2013-03-28,5.518152721428748e-07
2013-03-29,5.314392357291808e-07
2013-04-01,5.280706127930301e-07
2013-04-02,5.360868247095141e-07
2013-04-03,5.30379042906759e-07
2013-04-08,5.219990000249197e-07
2013-04-09,5.232951763023408e-07
2013-04-10,5.297142429139257e-07
2013-04-11,5.273942611516702e-07
2013-04-12,5.265704630108559e-07
2013-04-15,5.235403783832027e-07
2013-04-16,5.152327651192223e-07
2013-04-17,5.218978351706482e-07
2013-04-18,5.258903141847071e-07
2013-04-19,5.232395408061308e-07
2013-04-22,5.376752547636698e-07
2013-04-23,5.406573226895972e-07
2013-04-24,5.188596885474794e-07
2013-04-25,5.340888322713511e-07
2013-04-26,5.252071075823039e-07
2013-05-02,5.132053806367054e-07
2013-05-03,5.11552343152033e-07
2013-05-06,5.215240832523449e-07
2013-05-07,5.31566731964972e-07
2013-05-08,5.344217777203397e-07
2013-05-09,5.389315682613471e-07
2013-05-10,5.35128092726822e-07
2013-05-13,5.41342326298988e-07
2013-05-14,5.441599795208418e-07
2013-05-15,5.337901800572808e-07
2013-05-16,5.372408224957326e-07
2013-05-17,5.445714728047335e-07
2013-05-20,5.510329863511743e-07
2013-05-21,5.568032048763882e-07
2013-05-22,5.646210128329443e-07
2013-05-23,5.648451981699054e-07
2013-05-24,5.552452810864139e-07
2013-05-27,5.617429543747221e-07
2013-05-28,5.667085440919095e-07
2013-05-29,5.732748995512793e-07
2013-05-30,5.772286482130795e-07
2013-05-31,5.791988033632123e-07
2013-06-03,5.73303081674581e-07
2013-06-04,5.730824583771721e-07
2013-06-05,5.605676749453892e-07
2013-06-06,5.647984935297501e-07
2013-06-07,5.552405024644713e-07
2013-06-13,5.454353435574433e-07
2013-06-14,5.216055438683753e-07
2013-06-17,5.31087479771486e-07
2013-06-18,5.299487315646445e-07
2013-06-19,5.333554307096477e-07
2013-06-20,5.35612728613799e-07
2013-06-21,5.154895517112124e-07
2013-06-24,5.219433130143614e-07
2013-06-25,4.837974845184334e-07
2013-06-26,4.769733739085069e-07
2013-06-27,4.887701074984818e-07
2013-06-28,4.826793369439031e-07
2013-07-01,4.799044766023997e-07
2013-07-02,4.882447546261659e-07
2013-07-03,4.99701918732498e-07
2013-07-04,4.958021826428904e-07
2013-07-05,5.024401301678694e-07
2013-07-08,5.054908209789488e-07
2013-07-09,4.828193136408032e-07
2013-07-10,4.807359219594076e-07
2013-07-11,4.960582280499892e-07
2013-07-12,5.169168395546819e-07
2013-07-15,5.053567175838936e-07
2013-07-16,5.15782948129484e-07
2013-07-17,5.245715950508156e-07
2013-07-18,5.176240731596948e-07
2013-07-19,5.161976750489572e-07
2013-07-22,4.971127331998559e-07
2013-07-23,5.045918138879557e-07
2013-07-24,5.208498798925376e-07
2013-07-25,5.25973741671848e-07
2013-07-26,5.166606575901511e-07
2013-07-29,5.19653125641284e-07
2013-07-30,5.057571583755305e-07
2013-07-31,5.049924167721542e-07
2013-08-01,5.04881703999871e-07
2013-08-02,5.208964930503157e-07
2013-08-05,5.196621202241403e-07
2013-08-06,5.280464105972271e-07
2013-08-07,5.369838074198441e-07
2013-08-08,5.330318388896416e-07
2013-08-09,5.32926980989501e-07
2013-08-12,5.326961987073275e-07
2013-08-13,5.436915406775711e-07
2013-08-14,5.468504904460048e-07
2013-08-15,5.464009027456029e-07
2013-08-16,5.408372985016285e-07
2013-08-19,5.264705682517246e-07
2013-08-20,5.355030860965115e-07
2013-08-21,5.338970303636614e-07
2013-08-22,5.35533044354608e-07
2013-08-23,5.35522510780595e-07
2013-08-26,5.280538843965843e-07
2013-08-27,5.420234425734805e-07
2013-08-28,5.48072373929287e-07
2013-08-29,5.434722014641125e-07
2013-08-30,5.4276559424693e-07
2013-09-02,5.39273181221489e-07
2013-09-03,5.403331728714988e-07
2013-09-04,5.50728562087599e-07
2013-09-05,5.516897263468934e-07
2013-09-06,5.495036827785071e-07
2013-09-09,5.510078404658003e-07
2013-09-10,5.567290692898297e-07
2013-09-11,5.634725108727423e-07
2013-09-12,5.606791240175824e-07
2013-09-13,5.610087554508425e-07
2013-09-16,5.625888008786717e-07
2013-09-17,5.658126067675795e-07
2013-09-18,5.515795684640779e-07
2013-09-23,5.536718394871798e-07
2013-09-24,5.661583903915357e-07
2013-09-25,5.635889135380268e-07
2013-09-26,5.640196525380503e-07
2013-09-27,5.48871549099772e-07
2013-09-30,5.502008657565227e-07
2013-10-08,5.555941489099325e-07
2013-10-09,5.649596312995442e-07
2013-10-10,5.719219351441041e-07
2013-10-11,5.654236361340992e-07
2013-10-14,5.768255584293058e-07
2013-10-15,5.818496815468421e-07
2013-10-16,5.871455257544511e-07
2013-10-17,5.68127765721016e-07
2013-10-18,5.68156794056307e-07
2013-10-21,5.640099274284438e-07
2013-10-22,5.827679918635198e-07
2013-10-23,5.829425011594225e-07
2013-10-24,5.698804290688031e-07
2013-10-25,5.685745423367194e-07
2013-10-28,5.556303330767065e-07
2013-10-29,5.551866448794129e-07
2013-10-30,5.330782020251945e-07
2013-10-31,5.472027153619052e-07
2013-11-01,5.409931576050298e-07
2013-11-04,5.403810563464617e-07
2013-11-05,5.422985172032213e-07
2013-11-06,5.50354986472712e-07
2013-11-07,5.451723936733543e-07
2013-11-08,5.390436987884328e-07
2013-11-11,5.298679710552534e-07
2013-11-12,5.320899176819438e-07
2013-11-13,5.431758651752716e-07
2013-11-14,5.289907023531271e-07
2013-11-15,5.327722172321359e-07
2013-11-18,5.433581162783696e-07
2013-11-19,5.598158574482426e-07
2013-11-20,5.58295678132481e-07
2013-11-21,5.656542774179485e-07
2013-11-22,5.634696280676366e-07
2013-11-25,5.598314933852322e-07
2013-11-26,5.60067520360974e-07
2013-11-27,5.594758409888101e-07
2013-11-28,5.662869366762635e-07
2013-11-29,5.717295656904042e-07
2013-12-02,5.833926373099985e-07
2013-12-03,5.482003815338032e-07
2013-12-04,5.594134873110335e-07
2013-12-05,5.726084284507493e-07
2013-12-06,5.724716216626291e-07
2013-12-09,5.705149459522829e-07
2013-12-10,5.75961379700729e-07
2013-12-11,5.78238150472643e-07
2013-12-12,5.716434652303093e-07
2013-12-13,5.726702270170136e-07
2013-12-16,5.78079332180792e-07
2013-12-17,5.654975796520745e-07
2013-12-18,5.633002129190601e-07
2013-12-19,5.644157057282939e-07
2013-12-20,5.591047091968449e-07
2013-12-23,5.494715298315356e-07
2013-12-24,5.46170117354805e-07
2013-12-25,5.501353075310078e-07
2013-12-26,5.597870869067378e-07
2013-12-27,5.449361524245688e-07
2013-12-30,5.538478018429771e-07
2013-12-31,5.567515584115057e-07
2014-01-02,5.612201450233556e-07
2014-01-03,5.653791692594723e-07
2014-01-06,5.609538800133151e-07
2014-01-07,5.388199999512011e-07
2014-01-08,5.420824784607703e-07
2014-01-09,5.422651216946406e-07
2014-01-10,5.378867347083371e-07
2014-01-13,5.282209327717169e-07
2014-01-14,5.191572567397884e-07
2014-01-15,5.293977642928382e-07
2014-01-16,5.358300054769671e-07
2014-01-17,5.397767142145682e-07
2014-01-20,5.311566311227978e-07
2014-01-21,5.235862454711082e-07
2014-01-22,5.27381466053356e-07
2014-01-23,5.462526233568354e-07
2014-01-24,5.459138936458885e-07
2014-01-27,5.55882895714177e-07
2014-01-28,5.531757887311528e-07
2014-01-29,5.514661349792505e-07
2014-01-30,5.571253633984696e-07
2014-02-07,5.520827106586523e-07
2014-02-10,5.592262590781161e-07
2014-02-11,5.77921046129859e-07
2014-02-12,5.786455576917149e-07
2014-02-13,5.89626605762561e-07
2014-02-14,5.755441385701943e-07
2014-02-17,5.846859421065886e-07
2014-02-18,5.969535756822353e-07
2014-02-19,5.950806816201748e-07
2014-02-20,5.984952742288385e-07
2014-02-21,5.876016353489888e-07
2014-02-24,5.833452367820513e-07
2014-02-25,5.826186206814299e-07
2014-02-26,5.583650843909993e-07
2014-02-27,5.649555268050221e-07
2014-02-28,5.539634104767543e-07
2014-03-03,5.587821809704963e-07
2014-03-04,5.729757719397099e-07
2014-03-05,5.73510922086129e-07
2014-03-06,5.709744133053363e-07
2014-03-07,5.720249069973704e-07
2014-03-10,5.742544577636011e-07
2014-03-11,5.496761339429668e-07
2014-03-12,5.546638190967457e-07
2014-03-13,5.534330502765528e-07
2014-03-14,5.605359616467354e-07
2014-03-17,5.557449584969731e-07
2014-03-18,5.680313885925159e-07
2014-03-19,5.697052920528023e-07
2014-03-20,5.732443209005567e-07
2014-03-21,5.546002084244606e-07
2014-03-24,5.674151570822517e-07
2014-03-25,5.757290462149456e-07
2014-03-26,5.759361079160641e-07
2014-03-27,5.766820876385026e-07
2014-03-28,5.71558323780863e-07
2014-03-31,5.589787606119501e-07
2014-04-01,5.529149589289517e-07
2014-04-02,5.608093978093365e-07
2014-04-03,5.637020272786231e-07
2014-04-04,5.579500015340244e-07
2014-04-08,5.637355566801006e-07
2014-04-09,5.715219675295202e-07
2014-04-10,5.766921027383631e-07
2014-04-11,5.811303769309717e-07
2014-04-14,5.793680333265883e-07
2014-04-15,5.864641368091839e-07
2014-04-16,5.791496189289091e-07
2014-04-17,5.823856312758835e-07
2014-04-18,5.798729689754367e-07
2014-04-21,5.833610552397062e-07
2014-04-22,5.704776686599189e-07
2014-04-23,5.679092121013696e-07
2014-04-24,5.678983781010061e-07
2014-04-25,5.645112146623887e-07
2014-04-28,5.562229876687752e-07
2014-04-29,5.306293449081068e-07
2014-04-30,5.394712965234305e-07
2014-05-05,5.422219380157856e-07
2014-05-06,5.474059527887931e-07
2014-05-07,5.510407352637969e-07
2014-05-08,5.41317795921259e-07
2014-05-09,5.445726258823669e-07
2014-05-12,5.350159564265766e-07
2014-05-13,5.501979853939076e-07
2014-05-14,5.495704946678615e-07
2014-05-15,5.51897548994873e-07
2014-05-16,5.390205704003392e-07
2014-05-19,5.402526619402437e-07
2014-05-20,5.329377057439189e-07
2014-05-21,5.339040640706116e-07
2014-05-22,5.404626046701111e-07
2014-05-23,5.39085021511454e-07
2014-05-26,5.440987318472423e-07
2014-05-27,5.512399294804737e-07
2014-05-28,5.468404948860695e-07
2014-05-29,5.555959257108611e-07
2014-05-30,5.48451333237665e-07
2014-06-03,5.515675625122896e-07
2014-06-04,5.503406810269951e-07
2014-06-05,5.416666377655588e-07
2014-06-06,5.48485848739233e-07
2014-06-09,5.471345794205718e-07
2014-06-10,5.422212054906339e-07
2014-06-11,5.49818973016869e-07
2014-06-12,5.532281572850906e-07
2014-06-13,5.530755351479399e-07
2014-06-16,5.590341816130717e-07
2014-06-17,5.622959364792735e-07
2014-06-18,5.569550107775711e-07
2014-06-19,5.563187308599282e-07
2014-06-20,5.371596134562395e-07
2014-06-23,5.412345669419949e-07
2014-06-24,5.452759059831891e-07
2014-06-25,5.521654145024257e-07
2014-06-26,5.481379163896349e-07
2014-06-27,5.538972944751919e-07
2014-06-30,5.578348130086397e-07
2014-07-01,5.63272042786167e-07
2014-07-02,5.646651113355716e-07
2014-07-03,5.681461361373152e-07
2014-07-04,5.743174114059002e-07
2014-07-07,5.727690999268731e-07
2014-07-08,5.710366850486537e-07
2014-07-09,5.76034000943082e-07
2014-07-10,5.644830096684927e-07
2014-07-11,5.630108148579893e-07
2014-07-14,5.673219583002265e-07
2014-07-15,5.774926248314216e-07
2014-07-16,5.807514746880571e-07
2014-07-17,5.776055833628391e-07
2014-07-18,5.728485810152506e-07
2014-07-21,5.768006685613614e-07
2014-07-22,5.736243915421824e-07
2014-07-23,5.829242333277307e-07
2014-07-24,5.796093576204697e-07
2014-07-25,5.809000920287133e-07
2014-07-28,5.831250511345587e-07
2014-07-29,5.951271211390718e-07
2014-07-30,6.029556576248041e-07
2014-07-31,6.0352454545054e-07
2014-08-01,6.11363207614346e-07
2014-08-04,6.009880746393748e-07
2014-08-05,6.138030810287631e-07
2014-08-06,6.164402901465138e-07
2014-08-07,6.205323259678153e-07
2014-08-08,6.093983295762939e-07
2014-08-11,6.12947815170628e-07
2014-08-12,6.231089797470446e-07
2014-08-13,6.253198685524097e-07
2014-08-14,6.265663536897392e-07
2014-08-15,6.20532684125763e-07
2014-08-18,6.278514628199616e-07
2014-08-19,6.378618855329421e-07
2014-08-20,6.421666367550927e-07
2014-08-21,6.419866187545864e-07
2014-08-22,6.403135612842448e-07
2014-08-25,6.474997682470729e-07
2014-08-26,6.440588338207931e-07
2014-08-27,6.305780038129427e-07
2014-08-28,6.332046631474242e-07
2014-08-29,6.254918021308953e-07
2014-09-01,6.321701939704383e-07
2014-09-02,6.432777643894383e-07
2014-09-03,6.56338155824443e-07
2014-09-04,6.591135532918457e-07
2014-09-05,6.68099350953355e-07
2014-09-09,6.698418810735518e-07
2014-09-10,6.741038331981031e-07
2014-09-11,6.772959730838579e-07
2014-09-12,6.771630876034607e-07
2014-09-15,6.853321046218497e-07
2014-09-16,6.991997771876868e-07
2014-09-17,6.709926070325167e-07
2014-09-18,6.776154855003824e-07
2014-09-19,6.8223362159614e-07
2014-09-22,6.924887219206255e-07
2014-09-23,6.780060701760959e-07
2014-09-24,6.882312899580967e-07
2014-09-25,6.980170805803709e-07
2014-09-26,6.986324709856717e-07
2014-09-29,7.015495349094181e-07
2014-09-30,7.069082670341231e-07
2014-10-08,7.127310233112638e-07
2014-10-09,7.256395357924106e-07
2014-10-10,7.254913605425628e-07
2014-10-13,7.215094237622566e-07
2014-10-14,7.248494935385708e-07
2014-10-15,7.202099134850926e-07
2014-10-16,7.26205162449034e-07
2014-10-17,7.145569358435466e-07
2014-10-20,7.065598310873611e-07
2014-10-21,7.180726930844372e-07
2014-10-22,7.126856251815639e-07
2014-10-23,7.053760393560538e-07
2014-10-24,6.934727401208818e-07
2014-10-27,6.933474288040031e-07
2014-10-28,6.951372082397711e-07
2014-10-29,7.120147071937311e-07
2014-10-30,7.243140984769525e-07
2014-10-31,7.248560647266089e-07
2014-11-03,7.224776745751171e-07
2014-11-04,7.316903221088467e-07
2014-11-05,7.307237084308582e-07
2014-11-06,7.297973518838319e-07
2014-11-07,7.35250358596673e-07
2014-11-10,7.267249160225475e-07
2014-11-11,7.4078988676618e-07
2014-11-12,7.109950688199973e-07
2014-11-13,7.283156380211153e-07
2014-11-14,7.23368165367333e-07
2014-11-17,7.186592549945914e-07
2014-11-18,7.265471786421784e-07
2014-11-19,7.307695619740429e-07
2014-11-20,7.325887401155029e-07
2014-11-21,7.30770598256214e-07
2014-11-24,7.364432303980095e-07
2014-11-25,7.502447139096091e-07
2014-11-26,7.634427476865824e-07
2014-11-27,7.705382754075174e-07
2014-11-28,7.763333034205289e-07
2014-12-01,7.772530266070277e-07
2014-12-02,7.708717910670515e-07
2014-12-03,7.835966924218951e-07
2014-12-04,7.857231174579482e-07
2014-12-05,8.090194107968074e-07
2014-12-08,7.917244078115004e-07
2014-12-09,8.178403381187138e-07
2014-12-10,7.70750244738494e-07
2014-12-11,8.034195444484027e-07
2014-12-12,8.164233935570309e-07
2014-12-15,8.212623465730928e-07
2014-12-16,8.37124019437141e-07
2014-12-17,8.431782394513476e-07
2014-12-18,8.352750588969116e-07
2014-12-19,8.294500120076265e-07
2014-12-22,8.258264918570291e-07
2014-12-23,7.924785903057341e-07
2014-12-24,7.739767764469718e-07
2014-12-25,7.81245681258369e-07
2014-12-26,7.978694551713517e-07
2014-12-29,8.116783976053199e-07
2014-12-30,8.001953590852651e-07
2014-12-31,7.796270091731117e-07
2015-01-05,7.889861692866873e-07
2015-01-06,8.026391145055101e-07
2015-01-07,8.129667641298965e-07
2015-01-08,8.153749306849534e-07
2015-01-09,8.110254761106717e-07
2015-01-12,8.050202799925188e-07
2015-01-13,7.911712778252422e-07
2015-01-14,8.03271524851823e-07
2015-01-15,7.958525785056736e-07
2015-01-16,8.07191784968353e-07
2015-01-19,8.241495370597818e-07
2015-01-20,7.751875645833906e-07
2015-01-21,8.001481814901013e-07
2015-01-22,8.23345104539186e-07
2015-01-23,8.381638170185113e-07
2015-01-26,8.282576691165389e-07
2015-01-27,8.484555271692784e-07
2015-01-28,8.536531392877578e-07
2015-01-29,8.456204070306228e-07
2015-01-30,8.402540547791659e-07
2015-02-02,8.324769689149747e-07
2015-02-03,8.240669606696116e-07
2015-02-04,8.394257502430946e-07
2015-02-05,8.351964055908212e-07
2015-02-06,8.316939064112461e-07
2015-02-09,8.130505013692613e-07
2015-02-10,8.095220669357417e-07
2015-02-11,8.180355237641379e-07
2015-02-12,8.321712829939543e-07
2015-02-13,8.354939295962538e-07
2015-02-16,8.457172262499313e-07
2015-02-17,8.644968712001599e-07
2015-02-25,8.771296173826215e-07
2015-02-26,8.710315702042948e-07
2015-02-27,8.819395456161061e-07
2015-03-02,8.859144260409124e-07
2015-03-03,9.068116411103944e-07
2015-03-04,8.961753423797347e-07
2015-03-05,9.081442777780779e-07
2015-03-06,9.102492486423586e-07
2015-03-09,8.997247742392744e-07
2015-03-10,9.08736048632619e-07
2015-03-11,9.184250060467747e-07
2015-03-12,9.233229392169306e-07
2015-03-13,9.257055064715303e-07
2015-03-16,9.305483745780663e-07
2015-03-17,9.621246621627222e-07
2015-03-18,9.733131227651626e-07
2015-03-19,9.902138637940539e-07
2015-03-20,9.948692507588675e-07
2015-03-23,1.0060825623714464e-06
2015-03-24,1.0328092918676646e-06
2015-03-25,1.0385824611436334e-06
2015-03-26,1.0447033520488702e-06
2015-03-27,1.0332055353501346e-06
2015-03-30,1.04407725465272e-06
2015-03-31,1.0616655850004264e-06
2015-04-01,1.0516376680591577e-06
2015-04-02,1.0767265881117538e-06
2015-04-03,1.0918501702761318e-06
2015-04-07,1.1130414236948383e-06
2015-04-08,1.1344258838974497e-06
2015-04-09,1.1251966307579409e-06
2015-04-10,1.113868040247823e-06
2015-04-13,1.1401233117602771e-06
2015-04-14,1.172994305465025e-06
2015-04-15,1.1850030396942657e-06
2015-04-16,1.134761856036448e-06
2015-04-17,1.1516913340781088e-06
2015-04-20,1.167171616245355e-06
2015-04-21,1.1311239183076083e-06
2015-04-22,1.1702803148772034e-06
2015-04-23,1.2065141934414214e-06
2015-04-24,1.2121060524172833e-06
2015-04-27,1.209266348167759e-06
2015-04-28,1.2247336613757653e-06
2015-04-29,1.1746369998899553e-06
2015-04-30,1.2064361154529024e-06
2015-05-04,1.210494522618788e-06
2015-05-05,1.2254463830352336e-06
2015-05-06,1.174423585936779e-06
2015-05-07,1.1562639443685185e-06
2015-05-08,1.1293199950745958e-06
2015-05-11,1.1694945181162097e-06
2015-05-12,1.2208496040777561e-06
2015-05-13,1.249774676859161e-06
2015-05-14,1.2588827238424471e-06
2015-05-15,1.2574581800262052e-06
2015-05-18,1.2425683184602576e-06
2015-05-19,1.2631603525381507e-06
2015-05-20,1.298367379609644e-06
2015-05-21,1.314959684028949e-06
2015-05-22,1.3570355479330942e-06
2015-05-25,1.3886953620367848e-06
2015-05-26,1.4265941401525595e-06
2015-05-27,1.4755011652489713e-06
2015-05-28,1.4993806658480935e-06
2015-05-29,1.401510832721442e-06
2015-06-01,1.4146660498592922e-06
2015-06-02,1.4896143127884898e-06
2015-06-03,1.5497070955383663e-06
2015-06-04,1.5632842664814461e-06
2015-06-05,1.5622981011098602e-06
2015-06-08,1.587971651062503e-06
2015-06-09,1.579473121182673e-06
2015-06-10,1.577217004999909e-06
2015-06-11,1.607915695478468e-06
2015-06-12,1.6477250026625256e-06
2015-06-15,1.673890698050684e-06
2015-06-16,1.6520205994297044e-06
2015-06-17,1.5781878401899263e-06
2015-06-18,1.615965604440106e-06
2015-06-19,1.5748127184522787e-06
2015-06-23,1.4684667033471044e-06
2015-06-24,1.4725217627464815e-06
2015-06-25,1.5135388737874678e-06
2015-06-26,1.4638625107643577e-06
2015-06-29,1.3361831805447366e-06
2015-06-30,1.2260039201628103e-06
2015-07-01,1.3046299476293655e-06
2015-07-02,1.2316200896922425e-06
2015-07-03,1.1451927739436485e-06
2015-07-06,1.059434661554448e-06
2015-07-07,1.0175940978740527e-06
2015-07-08,9.483651544073268e-07
2015-07-09,8.869696297431062e-07
2015-07-10,9.295010308107976e-07
2015-07-13,9.774206601864677e-07
2015-07-14,1.0509848449302694e-06
2015-07-15,1.0884604351169003e-06
2015-07-16,1.0066326798785497e-06
2015-07-17,1.0052861865172957e-06
2015-07-20,1.0731342778846908e-06
2015-07-21,1.0998767430159262e-06
2015-07-22,1.1168286333518296e-06
2015-07-23,1.1333768357157936e-06
2015-07-24,1.1793533538639878e-06
2015-07-27,1.1717433627822516e-06
2015-07-28,1.068154200867255e-06
2015-07-29,1.0194843720334745e-06
2015-07-30,1.089378913965433e-06
2015-07-31,1.0604308442463406e-06
2015-08-03,1.0470773283977053e-06
2015-08-04,9.926490120992781e-07
2015-08-05,1.0633315525865328e-06
2015-08-06,1.0464631288176207e-06
2015-08-07,1.032950824653156e-06
2015-08-10,1.0677971165051758e-06
2015-08-11,1.1333615357322913e-06
2015-08-12,1.1458220023907728e-06
2015-08-13,1.1276789615433103e-06
2015-08-14,1.1630710210486228e-06
2015-08-17,1.1777715289706947e-06
2015-08-18,1.2213747244693707e-06
2015-08-19,1.1115763063340722e-06
2015-08-20,1.1504134624917839e-06
2015-08-21,1.107631236063611e-06
2015-08-24,1.0497311482282612e-06
2015-08-25,9.610058515630016e-07
2015-08-26,8.816787762100375e-07
2015-08-27,8.318502959792085e-07
2015-08-28,8.596588276787998e-07
2015-08-31,9.296522831547804e-07
2015-09-01,9.04326696860025e-07
2015-09-02,8.494968954941839e-07
2015-09-07,8.186976374613408e-07
2015-09-08,8.132439288655036e-07
2015-09-09,8.494447567564123e-07
2015-09-10,8.904294639400234e-07
2015-09-11,8.736517744800665e-07
2015-09-14,8.933498265584205e-07
2015-09-15,8.371094051273786e-07
2015-09-16,7.7025248090834e-07
2015-09-17,8.418406340915396e-07
2015-09-18,8.162501554664914e-07
2015-09-21,8.233907877741586e-07
2015-09-22,8.574978340725181e-07
2015-09-23,8.680736909294495e-07
2015-09-24,8.51112561983669e-07
2015-09-25,8.704800678049907e-07
2015-09-28,8.339356765141304e-07
2015-09-29,8.516839618000205e-07
2015-09-30,8.296046931643986e-07
2015-10-08,8.279884884387911e-07
2015-10-09,8.647373666015312e-07
2015-10-12,8.755728597709123e-07
2015-10-13,9.17804571898273e-07
2015-10-14,9.330959063191813e-07
2015-10-15,9.156870006687967e-07
2015-10-16,9.483016418787571e-07
2015-10-19,9.72662050013895e-07
2015-10-20,9.718936844205217e-07
2015-10-21,1.0038758639918655e-06
2015-10-22,9.31509700485833e-07
2015-10-23,9.693789881914938e-07
2015-10-26,1.0013767963723552e-06
2015-10-27,1.0042369056328937e-06
2015-10-28,1.0133107626320026e-06
2015-10-29,9.853098228429502e-07
2015-10-30,9.991361724637216e-07
2015-11-02,1.0026134011908994e-06
2015-11-03,9.737629080852628e-07
2015-11-04,9.6632825763443e-07
2015-11-05,1.023591491122744e-06
2015-11-06,1.0234667322528423e-06
2015-11-09,1.0496267495163636e-06
2015-11-10,1.065075743822419e-06
2015-11-11,1.0710863771468127e-06
2015-11-12,1.0892424602282347e-06
2015-11-13,1.0888056785063327e-06
2015-11-16,1.0716016038969656e-06
2015-11-17,1.0951275890569434e-06
2015-11-18,1.0919746664672658e-06
2015-11-19,1.065960503421337e-06
2015-11-20,1.0908599135106556e-06
2015-11-23,1.1048797565749169e-06
2015-11-24,1.0940254751012901e-06
2015-11-25,1.0999384427723413e-06
2015-11-26,1.1243944642025383e-06
2015-11-27,1.1319798840503381e-06
2015-11-30,1.0580234366397434e-06
2015-12-01,1.0620101997815823e-06
2015-12-02,1.0674929187270976e-06
2015-12-03,1.0603007489784488e-06
2015-12-04,1.0882141769918974e-06
2015-12-07,1.081023877969045e-06
2015-12-08,1.101832494354582e-06
2015-12-09,1.0798035334769196e-06
2015-12-10,1.0789715172432324e-06
2015-12-11,1.0751507939499305e-06
2015-12-14,1.0637226817156176e-06
2015-12-15,1.08715999536102e-06
2015-12-16,1.0940775927448243e-06
2015-12-17,1.091812927178637e-06
2015-12-18,1.124502234439717e-06
2015-12-21,1.1181481645028413e-06
2015-12-22,1.1356228346581787e-06
2015-12-23,1.1500390368901492e-06
2015-12-24,1.1412254976583824e-06
2015-12-25,1.1322756197085226e-06
2015-12-28,1.1444977134900114e-06
2015-12-29,1.1132625792331652e-06
2015-12-30,1.1249961664461239e-06
2015-12-31,1.1359817004841233e-06
2016-01-04,1.1330046643109881e-06
2016-01-05,1.0317238219315072e-06
2016-01-06,1.0164333272832948e-06
2016-01-07,1.0572199289349271e-06
2016-01-08,9.584858442490685e-07
2016-01-11,9.845793329521513e-07
2016-01-12,9.11621325982992e-07
2016-01-13,9.157793927627722e-07
2016-01-14,8.730667455658647e-07
2016-01-15,9.077673455148982e-07
2016-01-18,8.697688638203971e-07
2016-01-19,8.790452312723573e-07
2016-01-20,9.20140259319524e-07
2016-01-21,9.162337866186476e-07
2016-01-22,8.702318226028183e-07
2016-01-25,8.826678541407063e-07
2016-01-26,9.068579684967659e-07
2016-01-27,8.362705479214583e-07
2016-01-28,8.287294566144965e-07
2016-01-29,7.84485619576003e-07
2016-02-01,8.190606590741112e-07
2016-02-02,8.003143268098256e-07
2016-02-03,8.318478335045398e-07
2016-02-04,8.32819177398747e-07
2016-02-05,8.542219056550948e-07
2016-02-15,8.458359090912637e-07
2016-02-16,8.358247167716826e-07
2016-02-17,8.761414598268402e-07
2016-02-18,8.918039895444707e-07
2016-02-19,8.915287552646589e-07
2016-02-22,8.903752091171668e-07
2016-02-23,9.126343418763838e-07
2016-02-24,9.043828501642537e-07
2016-02-25,9.227154180724284e-07
2016-02-26,8.440486298777472e-07
2016-02-29,8.537817681730786e-07
2016-03-01,7.97238751015783e-07
2016-03-02,8.093517434026865e-07
2016-03-03,8.589461637509288e-07
2016-03-04,8.678860696775814e-07
2016-03-07,8.393034254261522e-07
2016-03-08,8.624067531215474e-07
2016-03-09,8.680214316214574e-07
2016-03-10,8.48486544802185e-07
2016-03-11,8.292877589077818e-07
2016-03-14,8.197391165865042e-07
2016-03-15,8.514367157985703e-07
2016-03-16,8.440916221541528e-07
2016-03-17,8.314026942457531e-07
2016-03-18,8.55697209756201e-07
2016-03-21,8.855089803638805e-07
2016-03-22,9.190320389151907e-07
2016-03-23,9.14655707395795e-07
2016-03-24,9.23964054599935e-07
2016-03-25,9.103547280453483e-07
2016-03-28,9.172900925502603e-07
2016-03-29,9.148312152262861e-07
2016-03-30,8.887055458206561e-07
2016-03-31,9.22544633796818e-07
2016-04-01,9.27909886039302e-07
2016-04-05,9.191921361839661e-07
2016-04-06,9.464060686248388e-07
2016-04-07,9.547072519211497e-07
2016-04-08,9.392401818519858e-07
2016-04-11,9.287458953011196e-07
2016-04-12,9.508150837778118e-07
2016-04-13,9.412150838716826e-07
2016-04-14,9.535503930901967e-07
2016-04-15,9.635924889117575e-07
2016-04-18,9.67179752953129e-07
2016-04-19,9.481612528450256e-07
2016-04-20,9.589303857637788e-07
2016-04-21,9.16346071910823e-07
2016-04-22,9.02147734738179e-07
2016-04-25,9.092935520094159e-07
2016-04-26,9.009702632845062e-07
2016-04-27,9.141959524949783e-07
2016-04-28,9.126955298199846e-07
2016-04-29,9.083684411326232e-07
2016-05-03,9.038421620033432e-07
2016-05-04,9.329999157703384e-07
2016-05-05,9.31753708188765e-07
2016-05-06,9.438662524896557e-07
2016-05-09,9.080334086863928e-07
2016-05-10,8.637040482817326e-07
2016-05-11,8.60597487717385e-07
2016-05-12,8.578689358884617e-07
2016-05-13,8.558558690641149e-07
2016-05-16,8.497606671653557e-07
2016-05-17,8.63888508506605e-07
2016-05-18,8.672141500465358e-07
2016-05-19,8.40113843603163e-07
2016-05-20,8.414259680122882e-07
2016-05-23,8.524072201421262e-07
2016-05-24,8.677486493802178e-07
2016-05-25,8.582117667632616e-07
2016-05-26,8.526051586965622e-07
2016-05-27,8.564039732927853e-07
2016-05-30,8.577534877929338e-07
2016-05-31,8.457033902065092e-07
2016-06-01,8.859923670279102e-07
2016-06-02,8.884239894868529e-07
2016-06-03,8.948629504068606e-07
2016-06-06,9.038265027516701e-07
2016-06-07,9.079198046713088e-07
2016-06-08,9.097157216420015e-07
2016-06-13,9.119214190445035e-07
2016-06-14,8.672139351073582e-07
2016-06-15,8.665015269748721e-07
2016-06-16,8.973204235207533e-07
2016-06-17,8.923162531093709e-07
2016-06-20,8.966501909846158e-07
2016-06-21,9.001581597889441e-07
2016-06-22,8.883982351992614e-07
2016-06-23,9.048251403687146e-07
2016-06-24,9.032213230675268e-07
2016-06-27,8.899287979868831e-07
2016-06-28,9.108737444307735e-07
2016-06-29,9.223298205185415e-07
2016-06-30,9.24414965242093e-07
2016-07-01,9.25134197027333e-07
2016-07-04,9.206139965911575e-07
2016-07-05,9.409552899075635e-07
2016-07-06,9.438544696926954e-07
2016-07-07,9.525474449212368e-07
2016-07-08,9.535034517504926e-07
2016-07-11,9.501582838300493e-07
2016-07-12,9.512106744491433e-07
2016-07-13,9.635198130464318e-07
2016-07-14,9.703181271802919e-07
2016-07-15,9.704868970672464e-07
2016-07-18,9.688753170866704e-07
2016-07-19,9.63554271038447e-07
2016-07-20,9.666431932675579e-07
2016-07-21,9.658055983852165e-07
2016-07-22,9.725072336319585e-07
2016-07-25,9.61822143707991e-07
2016-07-26,9.606000603845644e-07
2016-07-27,9.82488541412252e-07
2016-07-28,9.412248136442258e-07
2016-07-29,9.44730596197374e-07
2016-08-01,9.387690467210774e-07
2016-08-02,9.152559505842817e-07
2016-08-03,9.234485718323526e-07
2016-08-04,9.302124002186218e-07
2016-08-05,9.386025434654499e-07
2016-08-08,9.339746576131347e-07
2016-08-09,9.465588837187511e-07
2016-08-10,9.55433386407023e-07
2016-08-11,9.54160834565343e-07
2016-08-12,9.397489457718677e-07
2016-08-15,9.483947571720108e-07
2016-08-16,9.756463632548673e-07
2016-08-17,9.797835645031228e-07
2016-08-18,9.829844935804743e-07
2016-08-19,9.828030900216334e-07
2016-08-22,9.840094390423104e-07
2016-08-23,9.721957063835163e-07
2016-08-24,9.720234448451492e-07
2016-08-25,9.74432569744721e-07
2016-08-26,9.61562069745625e-07
2016-08-29,9.694013460848083e-07
2016-08-30,9.726722676184352e-07
2016-08-31,9.745338513944546e-07
2016-09-01,9.784164920478844e-07
2016-09-02,9.702991767834845e-07
2016-09-05,9.652837957840887e-07
2016-09-06,9.689012583358192e-07
2016-09-07,9.852553346512138e-07
2016-09-08,9.863888812411403e-07
2016-09-09,9.92011508715862e-07
2016-09-12,9.852530988840869e-07
2016-09-13,9.529889326564955e-07
2016-09-14,9.609902995588726e-07
2016-09-19,9.535079152911408e-07
2016-09-20,9.658029083148278e-07
2016-09-21,9.67441049271045e-07
2016-09-22,9.684118893460436e-07
2016-09-23,9.757413315103491e-07
2016-09-26,9.765763131497351e-07
2016-09-27,9.497693675974972e-07
2016-09-28,9.575670023576066e-07
2016-09-29,9.540635355076432e-07
2016-09-30,9.585013085455785e-07
2016-10-10,9.627275645573974e-07
2016-10-11,9.83817088462402e-07
2016-10-12,9.9193057456759e-07
2016-10-13,9.95064377118382e-07
2016-10-14,9.951802244501096e-07
2016-10-17,9.945502192909572e-07
2016-10-18,9.82705472107881e-07
2016-10-19,9.989673495081064e-07
2016-10-20,1.0002522703445038e-06
2016-10-21,1.0018594120975166e-06
2016-10-24,9.962499682991677e-07
2016-10-25,1.006132903214052e-06
2016-10-26,1.0129492880039948e-06
2016-10-27,1.0080301184878238e-06
2016-10-28,1.0120155991000246e-06
2016-10-31,1.0026725820733162e-06
2016-11-01,1.0006989472621797e-06
2016-11-02,1.0146021534040983e-06
2016-11-03,1.0089233331012082e-06
2016-11-04,1.0183915948314137e-06
2016-11-07,1.0110961561338172e-06
2016-11-08,1.010430822123709e-06
2016-11-09,1.0187012222662162e-06
2016-11-10,1.0116584243657911e-06
2016-11-11,1.0263216829731192e-06
2016-11-14,1.0306391255987535e-06
2016-11-15,1.0325338224426162e-06
2016-11-16,1.036982052893265e-06
2016-11-17,1.0363785061251463e-06
2016-11-18,1.0360231497141825e-06
2016-11-21,1.0293706558250904e-06
2016-11-22,1.0279681434965937e-06
2016-11-23,1.0372294059202147e-06
2016-11-24,1.0339987901453185e-06
2016-11-25,1.0304682933615084e-06
2016-11-28,1.0326589048315071e-06
2016-11-29,1.0357154143214586e-06
2016-11-30,1.0249776218884676e-06
2016-12-01,1.0169488036115837e-06
2016-12-02,1.0280455111644216e-06
2016-12-05,1.0113070854078643e-06
2016-12-06,1.0004507671190765e-06
2016-12-07,1.0032430486361932e-06
2016-12-08,1.0172167319577596e-06
2016-12-09,1.0144266360256893e-06
2016-12-12,1.018234343286295e-06
2016-12-13,9.635708444477586e-07
2016-12-14,9.704851424707783e-07
2016-12-15,9.664810300957782e-07
2016-12-16,9.73172847862358e-07
2016-12-19,9.832190557279574e-07
2016-12-20,9.840868058219598e-07
2016-12-21,9.793504596178337e-07
2016-12-22,9.87360375459545e-07
2016-12-23,9.90766639175078e-07
2016-12-26,9.774254512429081e-07
2016-12-27,9.791134887304764e-07
2016-12-28,9.843362249739585e-07
2016-12-29,9.80582371967742e-07
2016-12-30,9.778261109705255e-07
2017-01-03,9.780120096003486e-07
2017-01-04,9.881169269476686e-07
2017-01-05,1.0000138079835352e-06
2017-01-06,1.0035750748205174e-06
2017-01-09,9.963499010279264e-07
2017-01-10,1.0067063813679056e-06
2017-01-11,1.0054879548970774e-06
2017-01-12,9.932686770852683e-07
2017-01-13,9.87051396394989e-07
2017-01-16,9.736603379106867e-07
2017-01-17,9.430609340110863e-07
2017-01-18,9.508376659361772e-07
2017-01-19,9.5109824749251e-07
2017-01-20,9.445318958078985e-07
2017-01-23,9.564519722893294e-07
2017-01-24,9.665303339900788e-07
2017-01-25,9.630078068312287e-07
2017-01-26,9.648669552220213e-07
2017-02-03,9.72000461230138e-07
2017-02-06,9.69295673058923e-07
2017-02-07,9.794462580980934e-07
2017-02-08,9.820852013842085e-07
2017-02-09,9.886419300997318e-07
2017-02-10,9.942972514220827e-07
2017-02-13,9.963305946936174e-07
2017-02-14,1.0026363801429738e-06
2017-02-15,1.0037924456085534e-06
2017-02-16,9.899560944326424e-07
2017-02-17,9.999602799126706e-07
2017-02-20,9.916737646609164e-07
2017-02-21,1.0017249236771164e-06
2017-02-22,1.006059060726372e-06
2017-02-23,1.0119745479375553e-06
2017-02-24,1.0064632049999744e-06
2017-02-27,1.0087974928740806e-06
2017-02-28,9.981075721476884e-07
2017-03-01,1.001866910543825e-06
2017-03-02,1.0090337365653568e-06
2017-03-03,9.999533898685797e-07
2017-03-06,9.979676949267713e-07
2017-03-07,1.0077678807007828e-06
2017-03-08,1.010368611442658e-06
2017-03-09,1.0092837974262636e-06
2017-03-10,1.0000935792842114e-06
2017-03-13,1.0009061801596886e-06
2017-03-14,1.0076505545519865e-06
2017-03-15,1.0054436414552725e-06
2017-03-16,1.005556244271233e-06
2017-03-17,1.0166412183210127e-06
2017-03-20,1.0068642137817108e-06
2017-03-21,1.008965014648311e-06
2017-03-22,1.0129541334613634e-06
2017-03-23,1.0072905776148389e-06
2017-03-24,1.0048731728939941e-06
2017-03-27,1.010424409919608e-06
2017-03-28,1.0080362082831584e-06
2017-03-29,1.004254363889956e-06
2017-03-30,1.0014064828478553e-06
2017-03-31,9.807102432368708e-07
2017-04-05,9.786199604011614e-07
2017-04-06,1.003042359615236e-06
2017-04-07,1.0073025928925006e-06
2017-04-10,1.0137803545529067e-06
2017-04-11,1.0068964926279733e-06
2017-04-12,1.0229990612398154e-06
2017-04-13,1.0193907828970339e-06
2017-04-14,1.024904726198983e-06
2017-04-17,1.0098480205389393e-06
2017-04-18,9.900747157676193e-07
2017-04-19,9.830049412240527e-07
2017-04-20,9.696597704778043e-07
2017-04-21,9.689636253362721e-07
2017-04-24,9.655871007208106e-07
2017-04-25,9.33078825759992e-07
2017-04-26,9.385609645029547e-07
2017-04-27,9.412208996639748e-07
2017-04-28,9.440883421696356e-07
2017-05-02,9.506586060581412e-07
2017-05-03,9.500620181679409e-07
2017-05-04,9.45538951580005e-07
2017-05-05,9.414743846747342e-07
2017-05-08,9.289181654992262e-07
2017-05-09,9.018973607943792e-07
2017-05-10,9.089027128705851e-07
2017-05-11,8.861418472339011e-07
2017-05-12,8.83695898235004e-07
2017-05-15,8.846264942796722e-07
2017-05-16,8.887178839511733e-07
2017-05-17,9.079823706237278e-07
2017-05-18,9.1301489280049e-07
2017-05-19,9.040688309092104e-07
2017-05-22,9.066843340566066e-07
2017-05-23,8.928784924755462e-07
2017-05-24,8.685003556330173e-07
2017-05-25,8.717179502681915e-07
2017-05-26,8.821917363288634e-07
2017-05-31,8.83534763795879e-07
2017-06-01,8.868385745763874e-07
2017-06-02,8.657219736640798e-07
2017-06-05,8.738386063633641e-07
2017-06-06,8.782827864983744e-07
2017-06-07,8.823818358205671e-07
2017-06-08,9.020837983264585e-07
2017-06-09,9.061469454785254e-07
2017-06-12,9.110717131832757e-07
2017-06-13,9.00894329580737e-07
2017-06-14,9.101065692185273e-07
2017-06-15,9.054632219562819e-07
2017-06-16,9.155399467442038e-07
2017-06-19,9.156241755903238e-07
2017-06-20,9.19833354151578e-07
2017-06-21,9.227815764845104e-07
2017-06-22,9.310635360471053e-07
2017-06-23,9.145862842618868e-07
2017-06-26,9.129119955542109e-07
2017-06-27,9.304383334907129e-07
2017-06-28,9.347277012405897e-07
2017-06-29,9.270250131976354e-07
2017-06-30,9.326816059473941e-07
2017-07-03,9.320050122774148e-07
2017-07-04,9.366615068007178e-07
2017-07-05,9.282763189233378e-07
2017-07-06,9.352565315534633e-07
2017-07-07,9.329432908433688e-07
2017-07-10,9.351311580640953e-07
2017-07-11,9.358378358914621e-07
2017-07-12,9.301997989652477e-07
2017-07-13,9.259762965285745e-07
2017-07-14,9.320639784426987e-07
2017-07-17,9.328219876536537e-07
2017-07-18,8.804258144756716e-07
2017-07-19,8.846159478270721e-07
2017-07-20,9.025707763399282e-07
2017-07-21,9.102129472360332e-07
2017-07-24,9.103198039817073e-07
2017-07-25,9.198232764351388e-07
2017-07-26,9.136709728796433e-07
2017-07-27,9.116066486125618e-07
2017-07-28,9.18224339230278e-07
2017-07-31,9.19954272982082e-07
2017-08-01,9.287340636543462e-07
2017-08-02,9.318407534486539e-07
2017-08-03,9.240932918874734e-07
2017-08-04,9.256425015369274e-07
2017-08-07,9.218895655749293e-07
2017-08-08,9.285973125994218e-07
2017-08-09,9.318261811053219e-07
2017-08-10,9.3771894826844e-07
2017-08-11,9.354517906956517e-07
2017-08-14,9.105810341303311e-07
2017-08-15,9.297860958934479e-07
2017-08-16,9.319500351434584e-07
2017-08-17,9.318726883478234e-07
2017-08-18,9.422361755273556e-07
2017-08-21,9.423362847815753e-07
2017-08-22,9.510548473201652e-07
2017-08-23,9.464925332380858e-07
2017-08-24,9.400433200745795e-07
2017-08-25,9.290733129496687e-07
2017-08-28,9.372952147757019e-07
2017-08-29,9.496317141532984e-07
2017-08-30,9.459531185029846e-07
2017-08-31,9.514217198525188e-07
2017-09-01,9.512384280263575e-07
2017-09-04,9.570683674464675e-07
2017-09-05,9.64091225963415e-07
2017-09-06,9.629485913098534e-07
2017-09-07,9.685615471877185e-07
2017-09-08,9.630156054818428e-07
2017-09-11,9.619011902550767e-07
2017-09-12,9.677768633142847e-07
2017-09-13,9.673726915071512e-07
2017-09-14,9.715146076505476e-07
2017-09-15,9.71239951574887e-07
2017-09-18,9.675493006788827e-07
2017-09-19,9.766373945119255e-07
2017-09-20,9.712781785520264e-07
2017-09-21,9.812073320514259e-07
2017-09-22,9.706026529165968e-07
2017-09-25,9.655415345033447e-07
2017-09-26,9.506565394890032e-07
2017-09-27,9.537647502888547e-07
2017-09-28,9.622597916258968e-07
2017-09-29,9.579307831408812e-07
2017-10-09,9.622058352309892e-07
2017-10-10,9.765443165221654e-07
2017-10-11,9.845759922910702e-07
2017-10-12,9.838016485907985e-07
2017-10-13,9.829485729806464e-07
2017-10-16,9.884073333132903e-07
2017-10-17,9.717285873733772e-07
2017-10-18,9.73897124501022e-07
2017-10-19,9.694289031525472e-07
2017-10-20,9.556945830269115e-07
2017-10-23,9.636248203825915e-07
2017-10-24,9.698784819711648e-07
2017-10-25,9.66204942942639e-07
2017-10-26,9.74376933582377e-07
2017-10-27,9.801448423996106e-07
2017-10-30,9.758059644759953e-07
2017-10-31,9.528960935867303e-07
2017-11-01,9.584644689031308e-07
2017-11-02,9.575964348140786e-07
2017-11-03,9.507835840860679e-07
2017-11-06,9.395463465011744e-07
2017-11-07,9.511741743128965e-07
2017-11-08,9.579336650578085e-07
2017-11-09,9.589245077989972e-07
2017-11-10,9.621246366275926e-07
