date,PortfolioValue
2007-01-22,1.0
2007-01-23,0.9999924968243737
2007-01-24,0.9999861396176214
2007-01-25,0.9999448265153398
2007-01-26,0.9999319273299405
2007-01-29,0.9999472862799813
2007-01-30,0.999947642485169
2007-01-31,0.9999072497846556
2007-02-01,0.999927327125996
2007-02-02,0.9998779617345922
2007-02-05,0.9998839204372231
2007-02-06,1.0000061676106566
2007-02-07,1.000058364747753
2007-02-08,1.000068521195977
2007-02-09,1.0000196500075373
2007-02-12,0.9999494623104647
2007-02-13,0.9999569232049353
2007-02-14,1.0000725948929392
2007-02-15,1.0002707806583764
2007-02-16,1.0004667104011002
2007-02-26,1.000707443325251
2007-02-27,1.0004032869985433
2007-02-28,1.000590668454998
2007-03-01,1.0005130384805068
2007-03-02,1.0004662297371656
2007-03-05,1.0002475728612674
2007-03-06,1.0002392751729263
2007-03-07,1.0004961712003069
2007-03-08,1.00039324369771
2007-03-09,1.0005529593310847
2007-03-12,1.0006211306201218
2007-03-13,1.00077995377855
2007-03-14,1.000843321780643
2007-03-15,1.0007488357864047
2007-03-16,1.000666288888294
2007-03-19,1.0008626185411886
2007-03-20,1.001275640404451
2007-03-21,1.0013676061671284
2007-03-22,1.0013728796985815
2007-03-23,1.0016422326834504
2007-03-26,1.0022440970208149
2007-03-27,1.0026290610599569
2007-03-28,1.0024831010754063
2007-03-29,1.0019791309508193
2007-03-30,1.0023494630943977
2007-04-02,1.0026025250806607
2007-04-03,1.0028643714269967
2007-04-04,1.003070711403586
2007-04-05,1.0032664036905286
2007-04-06,1.003881453725203
2007-04-09,1.0043564728189671
2007-04-10,1.0044649537558674
2007-04-11,1.0049084854966412
2007-04-12,1.0042070342404463
2007-04-13,1.007947555858528
2007-04-16,1.0079211749168757
2007-04-17,1.0083266321648983
2007-04-18,1.0086731642925892
2007-04-19,1.008554700160236
2007-04-20,1.0094752609214657
2007-04-23,1.010494377393792
2007-04-24,1.0105666161398061
2007-04-25,1.0102774279465563
2007-04-26,1.0095242649257892
2007-04-27,1.008776707626193
2007-04-30,1.0093686050626582
2007-05-03,1.0093582133760683
2007-05-04,1.009347821689479
2007-05-08,1.0109375654779253
2007-05-09,1.0119984188674775
2007-05-10,1.0128793237746812
2007-05-11,1.0119797600417297
2007-05-14,1.0121733125057961
2007-05-15,1.01115198191709
2007-05-16,1.011592698579852
2007-05-17,1.0120970972794305
2007-05-18,1.010805439323873
2007-05-21,1.0111417352919763
2007-05-22,1.0110526803066129
2007-05-23,1.0117886749981253
2007-05-24,1.0121374912816077
2007-05-25,1.0134796796441907
2007-05-28,1.0148073761564258
2007-05-29,1.0154342038044497
2007-05-30,1.013196819433089
2007-05-31,1.011294737630277
2007-06-01,1.0092152103011522
2007-06-04,1.0058277423422284
2007-06-05,1.0053777725371622
2007-06-06,1.0063425284288745
2007-06-07,1.0072301020438825
2007-06-08,1.0072812817114531
2007-06-11,1.007095796845362
2007-06-12,1.0098238648295637
2007-06-13,1.0120666827187492
2007-06-14,1.0114170160322287
2007-06-15,1.0115426840427801
2007-06-18,1.0128585957480363
2007-06-19,1.0139473343858514
2007-06-20,1.013629604192274
2007-06-21,1.0124836987153973
2007-06-22,1.0084389970641254
2007-06-25,1.0052015594672035
2007-06-26,1.0049540524272196
2007-06-27,1.0055399248480024
2007-06-28,1.0012971477240806
2007-06-29,0.9988525199057433
2007-07-02,0.9988707950823192
2007-07-03,0.9986756206732303
2007-07-04,0.9978275040321257
2007-07-05,0.9956330901644289
2007-07-06,0.9982732077098166
2007-07-09,0.9997885563142168
2007-07-10,0.9983568623035264
2007-07-11,0.9978017890502645
2007-07-12,0.9983356824767028
2007-07-13,0.9977150118416221
2007-07-16,0.9968593488444718
2007-07-17,0.9982848227864547
2007-07-18,0.9984058630645837
2007-07-19,0.9981904500545807
2007-07-20,1.0007483814390128
2007-07-23,1.0032532079474918
2007-07-24,1.0036712041398614
2007-07-25,1.0054093743051629
2007-07-26,1.0070466736256043
2007-07-27,1.009266273764503
2007-07-30,1.009031695388996
2007-07-31,1.011945043348891
2007-08-01,1.0100984470070142
2007-08-02,1.0137902166351354
2007-08-03,1.0153931869431156
2007-08-06,1.0162483036640815
2007-08-07,1.0161638658986236
2007-08-08,1.0147944163035358
2007-08-09,1.017670855666416
2007-08-10,1.0160244480883176
2007-08-13,1.0136426414297406
2007-08-14,1.0150456475790373
2007-08-15,1.014485965874752
2007-08-16,1.0151310745682607
2007-08-17,1.0132381829262955
2007-08-20,1.0145954409671252
2007-08-21,1.0155223272824736
2007-08-22,1.0158648935438332
2007-08-23,1.0153640599526437
2007-08-24,1.0164313439816168
2007-08-27,1.0257402694595699
2007-08-28,1.0276540177814
2007-08-29,1.02670360414999
2007-08-30,1.0276680568466345
2007-08-31,1.0284963994211973
2007-09-03,1.0284623667563375
2007-09-04,1.0269135520837358
2007-09-05,1.0292906570672282
2007-09-06,1.0301875982711257
2007-09-07,1.0256397424463777
2007-09-10,1.0245714375527821
2007-09-11,1.0175508207637227
2007-09-12,1.0181858479974142
2007-09-13,1.0214580351004505
2007-09-14,1.023973450279858
2007-09-17,1.0241024250604625
2007-09-18,1.028491462099749
2007-09-19,1.0275667272037523
2007-09-20,1.0305253568719308
2007-09-21,1.0331773665320918
2007-09-24,1.0369760617456825
2007-09-25,1.0352210394777086
2007-09-26,1.0301593870127368
2007-09-27,1.0309212646654171
2007-09-28,1.034209990493414
2007-10-08,1.036902877636225
2007-10-09,1.0407373731498804
2007-10-10,1.0409085473651292
2007-10-11,1.039410301034398
2007-10-12,1.042964878167269
2007-10-15,1.0452817804912922
2007-10-16,1.0445505275452456
2007-10-17,1.0458037465136463
2007-10-18,1.0429373997657194
2007-10-19,1.0416455524504447
2007-10-22,1.0370202964732944
2007-10-23,1.036879818907415
2007-10-24,1.0361526962372385
2007-10-25,1.0296144393888607
2007-10-26,1.0303211404649038
2007-10-29,1.029640661466937
2007-10-30,1.0257168130200167
2007-10-31,1.02783483728194
2007-11-01,1.0246882814857303
2007-11-02,1.01922363920759
2007-11-05,1.0162665674035583
2007-11-06,1.0137218756542412
2007-11-07,1.0159436683602687
2007-11-08,1.0086848894579072
2007-11-09,1.0079181249214255
2007-11-12,1.0036563614609655
2007-11-13,1.0067232022067214
2007-11-14,1.0123734487661158
2007-11-15,1.0114964629115135
2007-11-16,1.011419588400961
2007-11-19,1.0134731014259823
2007-11-20,1.0147168716582355
2007-11-21,1.0139956197194637
2007-11-22,1.0100515970724824
2007-11-23,1.0110355390002526
2007-11-26,1.0082404839083035
2007-11-27,1.0041657725883073
2007-11-28,1.0018922752701658
2007-11-29,1.004142095222428
2007-11-30,0.9998225172108803
2007-12-03,1.000121194267533
2007-12-04,1.00278600581343
2007-12-05,1.006002228434829
2007-12-06,1.0047690976785848
2007-12-07,1.0096964898316387
2007-12-10,1.0136738560083443
2007-12-11,1.0138062587089607
2007-12-12,1.012013023436683
2007-12-13,1.0089365329717148
2007-12-14,1.0107169906541145
2007-12-17,1.0097823980342495
2007-12-18,1.0088285935215258
2007-12-19,1.012247975809909
2007-12-20,1.0158242988687856
2007-12-21,1.0147471486914035
2007-12-24,1.0155639558251572
2007-12-25,1.01524154328336
2007-12-26,1.0191645490016918
2007-12-27,1.0209818953877914
2007-12-28,1.0207526130067228
2008-01-02,1.0242387990129491
2008-01-03,1.023100028639399
2008-01-04,1.0247983450061258
2008-01-07,1.0265321863956263
2008-01-08,1.0218042208023832
2008-01-09,1.0242320942923955
2008-01-10,1.02542971176493
2008-01-11,1.0222522717726796
2008-01-14,1.022855356355153
2008-01-15,0.8529726760056612
2008-01-16,0.4468270339538366
2008-01-17,-0.4723184799960938
2008-01-18,-2.9010665411367054
2008-01-21,-9.25795566702409
2008-01-22,-9.257955812507689
2008-01-23,-9.25795567142458
2008-01-24,-9.257955631145462
2008-01-25,-9.25795564270164
2008-01-28,-9.257955762580801
2008-01-29,-9.257955714084128
2008-01-30,-9.257955700187336
2008-01-31,-9.257955792830598
2008-02-01,-9.257955874228283
2008-02-04,-9.257955740948793
2008-02-05,-9.257955757830318
2008-02-13,-9.257955755663685
2008-02-14,-9.257955729446284
2008-02-15,-9.257955717570324
2008-02-18,-9.25795567267061
2008-02-19,-9.257955673225869
2008-02-20,-9.25795564817042
2008-02-21,-9.257955652209484
2008-02-22,-9.25795571583153
2008-02-25,-9.257955726013707
2008-02-26,-9.257955739452388
2008-02-27,-9.25795564633197
2008-02-28,-9.257955649059449
2008-02-29,-9.257955625776875
2008-03-03,-9.257955483138154
2008-03-04,-9.257955341264815
2008-03-05,-9.257955259784367
2008-03-06,-9.25795538408793
2008-03-07,-9.257955360050952
2008-03-10,-9.257955460884338
2008-03-11,-9.257955354549088
2008-03-12,-9.25795545327848
2008-03-13,-9.257955551925011
2008-03-14,-9.257955575316482
2008-03-17,-9.257955733361722
2008-03-18,-9.257955860540044
2008-03-19,-9.25795571652427
2008-03-20,-9.257955611547466
2008-03-21,-9.257955639465226
2008-03-24,-9.257955657394668
2008-03-25,-9.257955568719188
2008-03-26,-9.257955579682005
2008-03-27,-9.257955707499905
2008-03-28,-9.257955664252115
2008-03-31,-9.257955822345588
2008-04-01,-9.257955978725674
2008-04-02,-9.257956124169304
2008-04-03,-9.257956053234977
2008-04-07,-9.257955971359957
2008-04-08,-9.257955945940973
2008-04-09,-9.257956102978982
2008-04-10,-9.257956049228293
2008-04-11,-9.257956044228516
2008-04-14,-9.25795615135058
2008-04-15,-9.257956074402772
2008-04-16,-9.257956140149576
2008-04-17,-9.25795623144634
2008-04-18,-9.257956354364703
2008-04-21,-9.257956424238834
2008-04-22,-9.257956401028233
2008-04-23,-9.257956337138506
2008-04-24,-9.25795619315847
2008-04-25,-9.257956136977528
2008-04-28,-9.257955993439191
2008-04-29,-9.2579560312717
2008-04-30,-9.257955952200723
2008-05-05,-9.257955876408493
2008-05-06,-9.257955883476168
2008-05-07,-9.257956040543947
2008-05-08,-9.257956039812582
2008-05-09,-9.25795608149765
2008-05-12,-9.257956066051689
2008-05-13,-9.257956002904963
2008-05-14,-9.25795602315005
2008-05-15,-9.257956057205275
2008-05-16,-9.257956077651365
2008-05-19,-9.257956108769672
2008-05-20,-9.257956221035984
2008-05-21,-9.257956172746734
2008-05-22,-9.257956214239766
2008-05-23,-9.257956256447498
2008-05-26,-9.257956336619749
2008-05-27,-9.257956335911826
2008-05-28,-9.257956290108641
2008-05-29,-9.257956373173943
2008-05-30,-9.257956359736045
2008-06-02,-9.25795631354197
2008-06-03,-9.257956321186166
2008-06-04,-9.257956354825115
2008-06-05,-9.257956360358953
2008-06-06,-9.25795639850137
2008-06-10,-9.257956553915044
2008-06-11,-9.257956477768648
2008-06-12,-9.257956491688851
2008-06-13,-9.257956532140089
2008-06-16,-9.257956523550257
2008-06-17,-9.257956551002085
2008-06-18,-9.257956464910007
2008-06-19,-9.257956620380362
2008-06-20,-9.25795674196173
2008-06-23,-9.25795686787418
2008-06-24,-9.25795684092485
2008-06-25,-9.257956759537183
2008-06-26,-9.25795674820816
2008-06-27,-9.257956902318776
2008-06-30,-9.25795693493146
2008-07-01,-9.257956956332643
2008-07-02,-9.25795692760029
2008-07-03,-9.2579568301436
2008-07-04,-9.257956850576527
2008-07-07,-9.257956791617667
2008-07-08,-9.257956745903751
2008-07-09,-9.257956704492006
2008-07-10,-9.257956748594498
2008-07-11,-9.257956808875688
2008-07-14,-9.257956757793325
2008-07-15,-9.2579566935855
2008-07-16,-9.25795679546925
2008-07-17,-9.257956885596169
2008-07-18,-9.257956829024629
2008-07-21,-9.257956790877596
2008-07-22,-9.257956790098845
2008-07-23,-9.257956789352788
2008-07-24,-9.257956750243288
2008-07-25,-9.257956752289813
2008-07-28,-9.257956607824665
2008-07-29,-9.257956669292888
2008-07-30,-9.257956683487167
2008-07-31,-9.257956778025264
2008-08-01,-9.257956762413283
2008-08-04,-9.25795680415234
2008-08-05,-9.257956867063319
2008-08-06,-9.257956881908598
2008-08-07,-9.257956867491107
2008-08-08,-9.257957003355935
2008-08-11,-9.257957157265965
2008-08-12,-9.257957205656316
2008-08-13,-9.257957192550224
2008-08-14,-9.257957189465339
2008-08-15,-9.257957186423848
2008-08-18,-9.257957338933226
2008-08-19,-9.25795733847101
2008-08-20,-9.257957208839397
2008-08-21,-9.257957288084325
2008-08-22,-9.25795733299954
2008-08-25,-9.257957329014502
2008-08-26,-9.257957435267906
2008-08-27,-9.257957289367551
2008-08-28,-9.25795717803232
2008-08-29,-9.25795710410913
2008-09-01,-9.257957129258097
2008-09-02,-9.257957135994564
2008-09-03,-9.2579572300476
2008-09-04,-9.257957200259918
2008-09-05,-9.257957346590748
2008-09-08,-9.257957360499661
2008-09-09,-9.257957316631922
2008-09-10,-9.257957298821715
2008-09-11,-9.257957350472463
2008-09-12,-9.25795739291609
2008-09-16,-9.257957480343032
2008-09-17,-9.257957494903014
2008-09-18,-9.257957529114623
2008-09-19,-9.257957379934373
2008-09-22,-9.257957335824049
2008-09-23,-9.257957476351258
2008-09-24,-9.257957417244878
2008-09-25,-9.257957386776265
2008-09-26,-9.257957422640935
2008-10-06,-9.257957373562121
2008-10-07,-9.25795741626582
2008-10-08,-9.257957471042308
2008-10-09,-9.257957500775245
2008-10-10,-9.257957616657697
2008-10-13,-9.25795748450244
2008-10-14,-9.257957336646276
2008-10-15,-9.25795737147266
2008-10-16,-9.257957331553676
2008-10-17,-9.257957320833132
2008-10-20,-9.257957275709463
2008-10-21,-9.257957329301249
2008-10-22,-9.257957436482545
2008-10-23,-9.257957413458177
2008-10-24,-9.257957500687683
2008-10-27,-9.257957654759707
2008-10-28,-9.257957562548654
2008-10-29,-9.257957650466158
2008-10-30,-9.2579576316005
2008-10-31,-9.257957702058548
2008-11-03,-9.257957740102254
2008-11-04,-9.257957701674458
2008-11-05,-9.25795766882572
2008-11-06,-9.257957731953157
2008-11-07,-9.257957716438714
2008-11-10,-9.257957598794762
2008-11-11,-9.257957642740822
2008-11-12,-9.257957607266013
2008-11-13,-9.257957552144429
2008-11-14,-9.257957475403485
2008-11-17,-9.257957410378504
2008-11-18,-9.257957561691121
2008-11-19,-9.257957432150214
2008-11-20,-9.257957332016852
2008-11-21,-9.25795739390769
2008-11-24,-9.25795735040055
2008-11-25,-9.257957440647875
2008-11-26,-9.25795751759208
2008-11-27,-9.257957528266438
2008-11-28,-9.257957554591398
2008-12-01,-9.2579575058461
2008-12-02,-9.25795747042238
2008-12-03,-9.257957379921496
2008-12-04,-9.257957414814586
2008-12-05,-9.257957288453772
2008-12-08,-9.257957262057788
2008-12-09,-9.257957366181476
2008-12-10,-9.257957317217738
2008-12-11,-9.257957411378129
2008-12-12,-9.257957482547901
2008-12-15,-9.257957421805168
2008-12-16,-9.257957396163233
2008-12-17,-9.257957381711876
2008-12-18,-9.257957367503304
2008-12-19,-9.257957367325291
2008-12-22,-9.257957405007506
2008-12-23,-9.257957503280757
2008-12-24,-9.25795754763415
2008-12-25,-9.257957550551446
2008-12-26,-9.25795757279841
2008-12-29,-9.257957552180043
2008-12-30,-9.257957585952658
2008-12-31,-9.257957659683314
2009-01-05,-9.257957608694456
2009-01-06,-9.257957559659715
2009-01-07,-9.25795756258453
2009-01-08,-9.257957584789324
2009-01-09,-9.25795756033294
2009-01-12,-9.257957513400573
2009-01-13,-9.25795746817075
2009-01-14,-9.257957460515007
2009-01-15,-9.257957488672773
2009-01-16,-9.257957491778036
2009-01-19,-9.257957480355303
2009-01-20,-9.257957487087408
2009-01-21,-9.257957519061673
2009-01-22,-9.25795749639419
2009-01-23,-9.257957513972473
2009-02-02,-9.257957465967275
2009-02-03,-9.257957437398128
2009-02-04,-9.257957381905312
2009-02-05,-9.257957348710926
2009-02-06,-9.257957300236756
2009-02-09,-9.257957294416766
2009-02-10,-9.257957276203909
2009-02-11,-9.25795727987308
2009-02-12,-9.257957234361417
2009-02-13,-9.25795722327012
2009-02-16,-9.257957197627992
2009-02-17,-9.257957282454674
2009-02-18,-9.25795731669661
2009-02-19,-9.257957276653661
2009-02-20,-9.2579571682548
2009-02-23,-9.257957149698179
2009-02-24,-9.257957267647464
2009-02-25,-9.257957217290567
2009-02-26,-9.257957360442896
2009-02-27,-9.257957469512933
2009-03-02,-9.257957445268675
2009-03-03,-9.257957438471408
2009-03-04,-9.257957364651434
2009-03-05,-9.257957342653093
2009-03-06,-9.25795738076591
2009-03-09,-9.257957487061253
2009-03-10,-9.25795744895219
2009-03-11,-9.257957448957727
2009-03-12,-9.25795745567403
2009-03-13,-9.257957472457887
2009-03-16,-9.257957401296604
2009-03-17,-9.25795735318013
2009-03-18,-9.257957363033741
2009-03-19,-9.257957341582795
2009-03-20,-9.257957354484454
2009-03-23,-9.257957246553556
2009-03-24,-9.257957270655526
2009-03-25,-9.257957283285013
2009-03-26,-9.257957281237186
2009-03-27,-9.257957296805682
2009-03-30,-9.257957297672121
2009-03-31,-9.25795732212776
2009-04-01,-9.257957310962137
2009-04-02,-9.257957305898664
2009-04-03,-9.257957321497432
2009-04-07,-9.257957310479991
2009-04-08,-9.257957381837137
2009-04-09,-9.257957367063497
2009-04-10,-9.257957328267894
2009-04-13,-9.257957323228762
2009-04-14,-9.25795730358791
2009-04-15,-9.257957290148948
2009-04-16,-9.257957274096425
2009-04-17,-9.257957334487367
2009-04-20,-9.257957262164979
2009-04-21,-9.257957221600584
2009-04-22,-9.257957328653958
2009-04-23,-9.25795729764958
2009-04-24,-9.257957361278883
2009-04-27,-9.257957436096907
2009-04-28,-9.257957414883514
2009-04-29,-9.25795738802571
2009-04-30,-9.257957373828372
2009-05-04,-9.257957330303295
2009-05-05,-9.25795732849943
2009-05-06,-9.257957289589532
2009-05-07,-9.257957315872133
2009-05-08,-9.257957271939619
2009-05-11,-9.25795736896336
2009-05-12,-9.257957372835545
2009-05-13,-9.257957324280657
2009-05-14,-9.257957311402455
2009-05-15,-9.257957265362435
2009-05-18,-9.257957237234697
2009-05-19,-9.257957244148836
2009-05-20,-9.257957192962083
2009-05-21,-9.257957164283635
2009-05-22,-9.257957188743164
2009-05-25,-9.257957130078223
2009-05-26,-9.257957173504433
2009-05-27,-9.257957215351805
2009-06-01,-9.257957194262959
2009-06-02,-9.257957181200217
2009-06-03,-9.25795721054273
2009-06-04,-9.257957151991397
2009-06-05,-9.257957139717128
2009-06-08,-9.257957142039311
2009-06-09,-9.257957180200425
2009-06-10,-9.257957162830047
2009-06-11,-9.257957215668307
2009-06-12,-9.257957269953343
2009-06-15,-9.257957202296048
2009-06-16,-9.257957194614681
2009-06-17,-9.257957184636263
2009-06-18,-9.257957201370694
2009-06-19,-9.257957227889813
2009-06-22,-9.257957234928647
2009-06-23,-9.257957256790652
2009-06-24,-9.257957253801582
2009-06-25,-9.25795728321129
2009-06-26,-9.257957295258272
2009-06-29,-9.257957256474432
2009-06-30,-9.257957238797314
2009-07-01,-9.257957238559253
2009-07-02,-9.257957235923977
2009-07-03,-9.25795709083478
2009-07-06,-9.257957144286381
2009-07-07,-9.257957171949428
2009-07-08,-9.257957179148086
2009-07-09,-9.257957149419823
2009-07-10,-9.257957140885855
2009-07-13,-9.25795713475376
2009-07-14,-9.257957039984612
2009-07-15,-9.25795702668171
2009-07-16,-9.257956882170028
2009-07-17,-9.257956813487901
2009-07-20,-9.257956823385006
2009-07-21,-9.257956797603748
2009-07-22,-9.257956858195085
2009-07-23,-9.25795689884109
2009-07-24,-9.257956943860545
2009-07-27,-9.257956944074852
2009-07-28,-9.257956885546639
2009-07-29,-9.257956993568051
2009-07-30,-9.25795698374517
2009-07-31,-9.257956929741756
2009-08-03,-9.25795686155959
2009-08-04,-9.257956816638428
2009-08-05,-9.257956775341771
2009-08-06,-9.257956860046715
2009-08-07,-9.257956922442078
2009-08-10,-9.257956839669657
2009-08-11,-9.257956870248474
2009-08-12,-9.257956944666523
2009-08-13,-9.257956888802953
2009-08-14,-9.257956918019456
2009-08-17,-9.25795700620838
2009-08-18,-9.257957012200865
2009-08-19,-9.257957018193352
2009-08-20,-9.257957024185837
2009-08-21,-9.257957030178323
2009-08-24,-9.257957036170808
2009-08-25,-9.257957042163294
2009-08-26,-9.25795704815578
2009-08-27,-9.257957054148264
2009-08-28,-9.257957060140749
2009-08-31,-9.257957066133235
2009-09-01,-9.257957072125722
2009-09-02,-9.257957078118206
2009-09-03,-9.257957084110693
2009-09-04,-9.257957090103178
2009-09-07,-9.257957096095662
2009-09-08,-9.257957102088147
2009-09-09,-9.257957108080634
2009-09-10,-9.257957114073118
2009-09-11,-9.257957120065603
2009-09-14,-9.257957126058091
2009-09-15,-9.257957132050576
2009-09-16,-9.25795713804306
2009-09-17,-9.257957144035545
2009-09-18,-9.257956999463554
2009-09-21,-9.257956855544405
2009-09-22,-9.257956712022857
2009-09-23,-9.257956570290341
2009-09-24,-9.257956428815197
2009-09-25,-9.257956287893363
2009-09-28,-9.257956297464
2009-09-29,-9.257956457573053
2009-09-30,-9.25795631762315
2009-10-09,-9.257956275694287
2009-10-12,-9.257956249355253
2009-10-13,-9.257956240339787
2009-10-14,-9.257956222778677
2009-10-15,-9.257956282202722
2009-10-16,-9.257956229782037
2009-10-19,-9.257956179453213
2009-10-20,-9.257956219479441
2009-10-21,-9.25795625128052
2009-10-22,-9.257956264945523
2009-10-23,-9.257956318021106
2009-10-26,-9.257956324483219
2009-10-27,-9.257956308331504
2009-10-28,-9.257956310308131
2009-10-29,-9.257956302806713
2009-10-30,-9.257956174180144
2009-11-02,-9.257956188040604
2009-11-03,-9.257956181048824
2009-11-04,-9.257956192492426
2009-11-05,-9.2579561688504
2009-11-06,-9.257956181510894
2009-11-09,-9.257956152420038
2009-11-10,-9.257956094027794
2009-11-11,-9.257956093088342
2009-11-12,-9.257956160709337
2009-11-13,-9.257956159793913
2009-11-16,-9.257956196947386
2009-11-17,-9.257956222248357
2009-11-18,-9.257956233035241
2009-11-19,-9.257956238235135
2009-11-20,-9.257956161301093
2009-11-23,-9.25795617025439
2009-11-24,-9.257956324792072
2009-11-25,-9.25795632602762
2009-11-26,-9.25795647509936
2009-11-27,-9.257956474990527
2009-11-30,-9.257956408941991
2009-12-01,-9.257956271880328
2009-12-02,-9.257956243257324
2009-12-03,-9.257956255285878
2009-12-04,-9.25795635122471
2009-12-07,-9.257956270486124
2009-12-08,-9.257956276703418
2009-12-09,-9.257956297864169
2009-12-10,-9.25795633607582
2009-12-11,-9.257956355550407
2009-12-14,-9.257956220604019
2009-12-15,-9.257956086994856
2009-12-16,-9.257956116284442
2009-12-17,-9.257956154347184
2009-12-18,-9.257956127921313
2009-12-21,-9.257956084033774
2009-12-22,-9.257956154806099
2009-12-23,-9.25795619468174
2009-12-24,-9.257956155695442
2009-12-25,-9.257956126720373
2009-12-28,-9.257956147175573
2009-12-29,-9.257956119040985
2009-12-30,-9.257956152536444
2009-12-31,-9.257956164220356
2010-01-04,-9.257956225027197
2010-01-05,-9.257956261854819
2010-01-06,-9.257956270821298
2010-01-07,-9.257956284690541
2010-01-08,-9.257956303337172
2010-01-11,-9.257956281546111
2010-01-12,-9.25795618206618
2010-01-13,-9.257956203404541
2010-01-14,-9.257956216286278
2010-01-15,-9.257956211466
2010-01-18,-9.257956315428784
2010-01-19,-9.257956371040565
2010-01-20,-9.257956438195844
2010-01-21,-9.257956487756877
2010-01-22,-9.257956640683963
2010-01-25,-9.257956617344586
2010-01-26,-9.257956661706315
2010-01-27,-9.257956715846891
2010-01-28,-9.257956786904847
2010-01-29,-9.257956696400814
2010-02-01,-9.257956707758684
2010-02-02,-9.257956736962509
2010-02-03,-9.257956746961263
2010-02-04,-9.257956777419624
2010-02-05,-9.257956898182297
2010-02-08,-9.257956996454013
2010-02-09,-9.257957020683818
2010-02-10,-9.257957006075141
2010-02-11,-9.257956984468967
2010-02-12,-9.257956984467713
2010-02-22,-9.257956966796769
2010-02-23,-9.257956966505782
2010-02-24,-9.25795685270164
2010-02-25,-9.257956886409094
2010-02-26,-9.25795687338874
2010-03-01,-9.257956866867255
2010-03-02,-9.257956867064273
2010-03-03,-9.257956784158388
2010-03-04,-9.25795682723413
2010-03-05,-9.25795684555877
2010-03-08,-9.257956864470664
2010-03-09,-9.25795685077756
2010-03-10,-9.257956938938115
2010-03-11,-9.257957007480131
2010-03-12,-9.257957069294187
2010-03-15,-9.257957087692697
2010-03-16,-9.25795711099522
2010-03-17,-9.257957048767706
2010-03-18,-9.257957034238936
2010-03-19,-9.257957046578245
2010-03-22,-9.257957061323713
2010-03-23,-9.257957082946607
2010-03-24,-9.257957123816034
2010-03-25,-9.257957164129717
2010-03-26,-9.257957168331705
2010-03-29,-9.257957156726684
2010-03-30,-9.25795718346387
2010-03-31,-9.257957104539628
2010-04-01,-9.257957102807811
2010-04-02,-9.257957131124643
2010-04-06,-9.257957139346694
2010-04-07,-9.257957137422254
2010-04-08,-9.257957229305955
2010-04-09,-9.257957260459948
2010-04-12,-9.257957131273745
2010-04-13,-9.2579571694195
2010-04-14,-9.257957116172726
2010-04-15,-9.25795713754221
2010-04-16,-9.257957139035149
2010-04-19,-9.257957265506999
2010-04-20,-9.257957287995739
2010-04-21,-9.25795716053461
2010-04-22,-9.257957174329212
2010-04-23,-9.257957180688852
2010-04-26,-9.257957234081386
2010-04-27,-9.257957308043482
2010-04-28,-9.25795733104113
2010-04-29,-9.257957392190017
2010-04-30,-9.25795745900122
2010-05-04,-9.257957456826286
2010-05-05,-9.257957387939975
2010-05-06,-9.25795745388834
2010-05-07,-9.257957606595243
2010-05-10,-9.25795775641497
2010-05-11,-9.257957763838066
2010-05-12,-9.25795785192672
2010-05-13,-9.257957787449246
2010-05-14,-9.257957795952981
2010-05-17,-9.257957934225521
2010-05-18,-9.25795806353266
2010-05-19,-9.257958069898967
2010-05-20,-9.257958069392128
2010-05-21,-9.257958052134184
2010-05-24,-9.257957983869973
2010-05-25,-9.257958040675629
2010-05-26,-9.257958058779442
2010-05-27,-9.257957970824455
2010-05-28,-9.257957982992531
2010-05-31,-9.257958067508685
2010-06-01,-9.257958103753452
2010-06-02,-9.257958106851008
2010-06-03,-9.257958195766763
2010-06-04,-9.257958233168893
2010-06-07,-9.257958239500686
2010-06-08,-9.257958264570956
2010-06-09,-9.25795825303417
2010-06-10,-9.257958233323574
2010-06-11,-9.25795825295354
2010-06-15,-9.257958271983627
2010-06-17,-9.257958291013717
2010-06-18,-9.257958459984545
2010-06-21,-9.257958532424029
2010-06-22,-9.257958519522004
2010-06-23,-9.257958646980821
2010-06-24,-9.257958685001851
2010-06-25,-9.257958773841045
2010-06-28,-9.257958824756633
2010-06-29,-9.257958916610676
2010-06-30,-9.257958927608943
2010-07-01,-9.257958981157538
2010-07-02,-9.257958935213754
2010-07-05,-9.257958961260645
2010-07-06,-9.257963481213562
2010-07-07,-9.25796813986301
2010-07-08,-9.257972891738536
2010-07-09,-9.257977577753534
2010-07-12,-9.257982433191081
2010-07-13,-9.257987398502866
2010-07-14,-9.25799225419916
2010-07-15,-9.257997201124102
2010-07-16,-9.258002006817641
2010-07-19,-9.258006814734031
2010-07-20,-9.25801172890654
2010-07-21,-9.258016820553356
2010-07-22,-9.258021909080554
2010-07-23,-9.258027090824198
2010-07-26,-9.258032261582741
2010-07-27,-9.258037525362656
2010-07-28,-9.258042766298843
2010-07-29,-9.258048138557625
2010-07-30,-9.258053571506677
2010-08-02,-9.258058964369054
2010-08-03,-9.258064508914448
2010-08-04,-9.25806992540393
2010-08-05,-9.258075416625816
2010-08-06,-9.25808090514378
2010-08-09,-9.258086474215634
2010-08-10,-9.258092187920303
2010-08-11,-9.258097650180385
2010-08-12,-9.25810321093815
2010-08-13,-9.258108655407348
2010-08-16,-9.25811418941605
2010-08-17,-9.258119858999601
2010-08-18,-9.258125596270228
2010-08-19,-9.258131320341839
2010-08-20,-9.25813707887274
2010-08-23,-9.258142671761657
2010-08-24,-9.258148287823621
2010-08-25,-9.258154029149184
2010-08-26,-9.258159606938314
2010-08-27,-9.258165229461962
2010-08-30,-9.258170871778763
2010-08-31,-9.258176622731618
2010-09-01,-9.258182433786335
2010-09-02,-9.258188139399241
2010-09-03,-9.258193964477782
2010-09-06,-9.258199826897222
2010-09-07,-9.258205695024138
2010-09-08,-9.258211588557403
2010-09-09,-9.258217559892923
2010-09-10,-9.258223424127316
2010-09-13,-9.258229330844106
2010-09-14,-9.258235358932044
2010-09-15,-9.25824144897561
2010-09-16,-9.258247458328213
2010-09-17,-9.258253310953155
2010-09-20,-9.258259185742212
2010-09-21,-9.258264976411375
2010-09-27,-9.258270725457303
2010-09-28,-9.25827664728898
2010-09-29,-9.258282579766929
2010-09-30,-9.258288398326574
2010-10-08,-9.25829428600771
2010-10-11,-9.25830034734043
2010-10-12,-9.25830649380324
2010-10-13,-9.258312674119171
2010-10-14,-9.25831893647451
2010-10-15,-9.25832500927856
2010-10-18,-9.258331123619556
2010-10-19,-9.258337099626882
2010-10-20,-9.258343274428183
2010-10-21,-9.258349489515743
2010-10-22,-9.258355732888216
2010-10-25,-9.258362018494413
2010-10-26,-9.258368506455405
2010-10-27,-9.258375049230242
2010-10-28,-9.25838150946022
2010-10-29,-9.258387963671474
2010-11-01,-9.258394428771943
2010-11-02,-9.258401128551023
2010-11-03,-9.25840786838681
2010-11-04,-9.258414467161273
2010-11-05,-9.25842121646935
2010-11-08,-9.258428086990003
2010-11-09,-9.258435094183843
2010-11-10,-9.258442147692401
2010-11-11,-9.258449236318699
2010-11-12,-9.258456366344797
2010-11-15,-9.258462940911521
2010-11-16,-9.258469718474156
2010-11-17,-9.258476277507569
2010-11-18,-9.258482527881815
2010-11-19,-9.258488866021718
2010-11-22,-9.258495371963695
2010-11-23,-9.258501995070587
2010-11-24,-9.258508430201761
2010-11-25,-9.258515073339916
2010-11-26,-9.258521801139885
2010-11-29,-9.258528495780771
2010-11-30,-9.258535218232844
2010-12-01,-9.25854173813726
2010-12-02,-9.258548260709047
2010-12-03,-9.258554821277869
2010-12-06,-9.258561365214188
2010-12-07,-9.258567818638422
2010-12-08,-9.258574376530234
2010-12-09,-9.258580928670924
2010-12-10,-9.258587329665012
2010-12-13,-9.258593764925228
2010-12-14,-9.258600437917014
2010-12-15,-9.258607197806034
2010-12-16,-9.258613952049894
2010-12-17,-9.258620677742856
2010-12-20,-9.25862742438501
2010-12-21,-9.258634055955453
2010-12-22,-9.258640823836219
2010-12-23,-9.258647530466886
2010-12-24,-9.25865412596278
2010-12-27,-9.25866064873024
2010-12-28,-9.25866698755995
2010-12-29,-9.258673148028704
2010-12-30,-9.258679399986937
2010-12-31,-9.258685645486757
2011-01-04,-9.25869204615932
2011-01-05,-9.258698571087518
2011-01-06,-9.258705129733881
2011-01-07,-9.258711678390089
2011-01-10,-9.258718218075476
2011-01-11,-9.25872456271024
2011-01-12,-9.258730871529044
2011-01-13,-9.25873722096265
2011-01-14,-9.258743586472663
2011-01-17,-9.258749863875925
2011-01-18,-9.258755833571765
2011-01-19,-9.2587618074311
2011-01-20,-9.258768004140078
2011-01-21,-9.258773955947602
2011-01-24,-9.258780002711237
2011-01-25,-9.258785921325934
2011-01-26,-9.25879170223009
2011-01-27,-9.258797578890194
2011-01-28,-9.258803567571675
2011-01-31,-9.258809632651982
2011-02-01,-9.258815805476774
2011-02-09,-9.258821988137736
2011-02-10,-9.258828113464023
2011-02-11,-9.258834427958169
2011-02-14,-9.258840775746455
2011-02-15,-9.258847282543753
2011-02-16,-9.258853757908382
2011-02-17,-9.258860371260765
2011-02-18,-9.258866997835547
2011-02-21,-9.258873545327372
2011-02-22,-9.258880294946707
2011-02-23,-9.258886831274308
2011-02-24,-9.25889344266507
2011-02-25,-9.258900097458048
2011-02-28,-9.25890675735903
2011-03-01,-9.258913525585587
2011-03-02,-9.258920359714237
2011-03-03,-9.258927205299122
2011-03-04,-9.258933890137802
2011-03-07,-9.258940671105824
2011-03-08,-9.258947561248299
2011-03-09,-9.258954478447714
2011-03-10,-9.258961424611444
2011-03-11,-9.258968295969733
2011-03-14,-9.25897509274743
2011-03-15,-9.258981991493323
2011-03-16,-9.258988751795211
2011-03-17,-9.25899565314847
2011-03-18,-9.259002403648015
2011-03-21,-9.259009252528582
2011-03-22,-9.259016043811494
2011-03-23,-9.259022817926676
2011-03-24,-9.259029704223712
2011-03-25,-9.259036578148166
2011-03-28,-9.259043546661783
2011-03-29,-9.259050521638795
2011-03-30,-9.25905735799349
2011-03-31,-9.259064175186158
2011-04-01,-9.259070869544349
2011-04-06,-9.259077674556236
2011-04-07,-9.259084478516032
2011-04-08,-9.259091318819767
2011-04-11,-9.259098268738937
2011-04-12,-9.259105151552768
2011-04-13,-9.259112001819242
2011-04-14,-9.259118934491454
2011-04-15,-9.25912584457215
2011-04-18,-9.259132758536841
2011-04-19,-9.259139716885645
2011-04-20,-9.259146556255304
2011-04-21,-9.259153420051364
2011-04-22,-9.259160341934642
2011-04-25,-9.259167271281505
2011-04-26,-9.25917406064567
2011-04-27,-9.25918071975312
2011-04-28,-9.259187351397854
2011-04-29,-9.259193735108498
2011-05-03,-9.259200222263507
2011-05-04,-9.259206813274044
2011-05-05,-9.259213260319498
2011-05-06,-9.259219722144085
2011-05-09,-9.259226207037269
2011-05-10,-9.259232751712872
2011-05-11,-9.25923933988494
2011-05-12,-9.259245972092154
2011-05-13,-9.25925250290431
2011-05-16,-9.259259103115111
2011-05-17,-9.259265678812486
2011-05-18,-9.259272209176432
2011-05-19,-9.259278792109999
2011-05-20,-9.259285347927719
2011-05-23,-9.259291946100673
2011-05-24,-9.259298266678954
2011-05-25,-9.259304583858794
2011-05-26,-9.259310847438057
2011-05-27,-9.259317081364996
2011-05-30,-9.259323120836793
2011-05-31,-9.25932901891489
2011-06-01,-9.259335072422529
2011-06-02,-9.259341225235074
2011-06-03,-9.259347248748531
2011-06-07,-9.259353392511965
2011-06-08,-9.259359593767549
2011-06-09,-9.259365861410087
2011-06-10,-9.259371955100608
2011-06-13,-9.259378059273528
2011-06-14,-9.259384134270135
2011-06-15,-9.259390292786184
2011-06-16,-9.259396425797636
2011-06-17,-9.259402487744087
2011-06-20,-9.259408435810188
2011-06-21,-9.259414276287929
2011-06-22,-9.25942021118374
2011-06-23,-9.259426112264398
2011-06-24,-9.259432117287119
2011-06-27,-9.259438284503648
2011-06-28,-9.259444540570383
2011-06-29,-9.259450830836675
2011-06-30,-9.259456995979397
2011-07-01,-9.259463260860766
2011-07-04,-9.259469525503848
2011-07-05,-9.25947597703562
2011-07-06,-9.259482476786733
2011-07-07,-9.259488984391966
2011-07-08,-9.259495492707888
2011-07-11,-9.259501974926053
2011-07-12,-9.259508550555514
2011-07-13,-9.25951498750036
2011-07-14,-9.259521556637088
2011-07-15,-9.259528184396093
2011-07-18,-9.259534856087422
2011-07-19,-9.259541574543574
2011-07-20,-9.25954823033624
2011-07-21,-9.25955488994839
2011-07-22,-9.259561455320782
2011-07-25,-9.259568101372386
2011-07-26,-9.259574461029732
2011-07-27,-9.259580830608924
2011-07-28,-9.25958732659468
2011-07-29,-9.259593792841882
2011-08-01,-9.259600170658771
2011-08-02,-9.259606596364327
2011-08-03,-9.259612964010515
2011-08-04,-9.259619354317703
2011-08-05,-9.259625822292172
2011-08-08,-9.259632200559027
2011-08-09,-9.259638248134939
2011-08-10,-9.259644250502797
2011-08-11,-9.259650344657597
2011-08-12,-9.259656555310292
2011-08-15,-9.25966281525078
2011-08-16,-9.259669181274914
2011-08-17,-9.259675505617965
2011-08-18,-9.259681832167113
2011-08-19,-9.259688037609903
2011-08-22,-9.259694192755669
2011-08-23,-9.259700255487589
2011-08-24,-9.259706429139525
2011-08-25,-9.259712547309043
2011-08-26,-9.259718812268241
2011-08-29,-9.259725115391033
2011-08-30,-9.25973136704
2011-08-31,-9.259737566617849
2011-09-01,-9.259743752693414
2011-09-02,-9.259749894905536
2011-09-05,-9.259755979393177
2011-09-06,-9.259761897553803
2011-09-07,-9.2597677182733
2011-09-08,-9.25977370766531
2011-09-09,-9.259779637660744
2011-09-13,-9.259785555832217
2011-09-14,-9.259791351046974
2011-09-15,-9.259797224038014
2011-09-16,-9.259803103668384
2011-09-19,-9.259809019151321
2011-09-20,-9.259814784029532
2011-09-21,-9.259820545031538
2011-09-22,-9.259826560190715
2011-09-23,-9.259832380668106
2011-09-26,-9.259838174624276
2011-09-27,-9.25984382241364
2011-09-28,-9.25984953217618
2011-09-29,-9.259855182340157
2011-09-30,-9.259860615984822
2011-10-10,-9.259866027549062
2011-10-11,-9.259871399835964
2011-10-12,-9.259876690509122
2011-10-13,-9.259882190981937
2011-10-14,-9.259887764025468
2011-10-17,-9.25989329595174
2011-10-18,-9.25989888845728
2011-10-19,-9.259904273543032
2011-10-20,-9.259909655440756
2011-10-21,-9.259914846827618
2011-10-24,-9.259919901538241
2011-10-25,-9.259925035113408
2011-10-26,-9.259930322485683
2011-10-27,-9.25993568673022
2011-10-28,-9.259941023108711
2011-10-31,-9.259946513365392
2011-11-01,-9.25995203201694
2011-11-02,-9.259957530637195
2011-11-03,-9.259963110569567
2011-11-04,-9.25996873470518
2011-11-07,-9.259974419680166
2011-11-08,-9.259980091195047
2011-11-09,-9.259985662478787
2011-11-10,-9.259991344462902
2011-11-11,-9.259996919167827
2011-11-14,-9.260002468517404
2011-11-15,-9.260008166181072
2011-11-16,-9.260013938960451
2011-11-17,-9.260019550614674
2011-11-18,-9.26002520324635
2011-11-21,-9.260030671269737
2011-11-22,-9.260036136166454
2011-11-23,-9.260041588880723
2011-11-24,-9.260047005207085
2011-11-25,-9.26005241281485
2011-11-28,-9.260057784648419
2011-11-29,-9.260063140241414
2011-11-30,-9.260068647814451
2011-12-01,-9.260073845056716
2011-12-02,-9.260079204650395
2011-12-05,-9.260084476495203
2011-12-06,-9.260089545633031
2011-12-07,-9.26009458898207
2011-12-08,-9.260099651743811
2011-12-09,-9.26010472023713
2011-12-12,-9.260109735375472
2011-12-13,-9.260114699927517
2011-12-14,-9.260119479183492
2011-12-15,-9.260124183360093
2011-12-16,-9.260128659215269
2011-12-19,-9.260133294052668
2011-12-20,-9.260137933844296
2011-12-21,-9.260142595044032
2011-12-22,-9.260147124320275
2011-12-23,-9.260151581940178
2011-12-26,-9.260156122105409
2011-12-27,-9.260160663060711
2011-12-28,-9.260165065570567
2011-12-29,-9.260169437682562
2011-12-30,-9.260173791170704
2012-01-04,-9.260178294648098
2012-01-05,-9.26018269284077
2012-01-06,-9.26018688853918
2012-01-09,-9.260191049605954
2012-01-10,-9.260195383782028
2012-01-11,-9.260199968980857
2012-01-12,-9.260204556602767
2012-01-13,-9.260209181405063
2012-01-16,-9.260213657092343
2012-01-17,-9.26021788543022
2012-01-18,-9.260222460995625
2012-01-19,-9.260226904751569
2012-01-20,-9.260231387517782
2012-01-30,-9.260235948113259
2012-01-31,-9.260240465714114
2012-02-01,-9.2602450085206
2012-02-02,-9.26024946970687
2012-02-03,-9.260254027521867
2012-02-06,-9.260258654753622
2012-02-07,-9.260263365416822
2012-02-08,-9.260267928907728
2012-02-09,-9.260272648750174
2012-02-10,-9.26027739361252
2012-02-13,-9.26028216643553
2012-02-14,-9.260286981850717
2012-02-15,-9.260291776503136
2012-02-16,-9.260296666996053
2012-02-17,-9.260301562092874
2012-02-20,-9.260306429682025
2012-02-21,-9.260311298534647
2012-02-22,-9.260316212148645
2012-02-23,-9.260321243845922
2012-02-24,-9.260326266654541
2012-02-27,-9.260331384663875
2012-02-28,-9.260336517916134
2012-02-29,-9.26034164151514
2012-03-01,-9.260346686029745
2012-03-02,-9.260351739052847
2012-03-05,-9.260356928742265
2012-03-06,-9.260362148593481
2012-03-07,-9.260367307394738
2012-03-08,-9.260372412362488
2012-03-09,-9.260377590833441
2012-03-12,-9.26038284698195
2012-03-13,-9.26038812008924
2012-03-14,-9.260393522863657
2012-03-15,-9.26039865392586
2012-03-16,-9.260403669410799
2012-03-19,-9.260408814794545
2012-03-20,-9.260414081611216
2012-03-21,-9.260419211150664
2012-03-22,-9.260424364525809
2012-03-23,-9.26042952314802
2012-03-26,-9.260434542457434
2012-03-27,-9.260439571438246
2012-03-28,-9.26044462645878
2012-03-29,-9.260449434273312
2012-03-30,-9.260454145622775
2012-04-05,-9.260458780212794
2012-04-06,-9.26046361509869
2012-04-09,-9.260468514680358
2012-04-10,-9.260473340830341
2012-04-11,-9.260478225775227
2012-04-12,-9.260483126784017
2012-04-13,-9.260488139453253
2012-04-16,-9.260493206984524
2012-04-17,-9.26049832473371
2012-04-18,-9.26050329580291
2012-04-19,-9.260508418731817
2012-04-20,-9.260513520458668
2012-04-23,-9.260518693365844
2012-04-24,-9.260523817406389
2012-04-25,-9.260528893699187
2012-04-26,-9.260534069213259
2012-04-27,-9.260539233997795
2012-05-02,-9.260544325064398
2012-05-03,-9.260549486623093
2012-05-04,-9.260554674914141
2012-05-07,-9.260559905811098
2012-05-08,-9.260565183351494
2012-05-09,-9.260570473837959
2012-05-10,-9.260575654814694
2012-05-11,-9.26058085418082
2012-05-14,-9.26058601253986
2012-05-15,-9.260591147378788
2012-05-16,-9.26059629139625
2012-05-17,-9.26060132503722
2012-05-18,-9.260606489112234
2012-05-21,-9.260611543746855
2012-05-22,-9.260616552895483
2012-05-23,-9.26062166355595
2012-05-24,-9.260626804897834
2012-05-25,-9.260631902629731
2012-05-28,-9.260636909482537
2012-05-29,-9.2606420068095
2012-05-30,-9.260647203567295
2012-05-31,-9.260652397817365
2012-06-01,-9.260657590300676
2012-06-04,-9.26066281818797
2012-06-05,-9.260667842596389
2012-06-06,-9.260672845458153
2012-06-07,-9.260677828054583
2012-06-08,-9.260682790986134
2012-06-11,-9.26068771743436
2012-06-12,-9.260692765235621
2012-06-13,-9.260697750854552
2012-06-14,-9.26070286760102
2012-06-15,-9.260707950610582
2012-06-18,-9.260713016768545
2012-06-19,-9.260718146821597
2012-06-20,-9.260723241703767
2012-06-21,-9.26072831535129
2012-06-25,-9.260733336937404
2012-06-26,-9.260738190548313
2012-06-27,-9.260743040439786
2012-06-28,-9.260747882924736
2012-06-29,-9.260752624081022
2012-07-02,-9.260757428532823
2012-07-03,-9.260762284382478
2012-07-04,-9.260767158263484
2012-07-05,-9.260772024530453
2012-07-06,-9.2607767304053
2012-07-09,-9.26078159541075
2012-07-10,-9.260786322600106
2012-07-11,-9.26079098537024
2012-07-12,-9.260795695862909
2012-07-13,-9.260800483912396
2012-07-16,-9.26080530943563
2012-07-17,-9.260809896967457
2012-07-18,-9.260814524774917
2012-07-19,-9.26081916758997
2012-07-20,-9.260823890855756
2012-07-23,-9.260828599505038
2012-07-24,-9.26083324190682
2012-07-25,-9.260837931677509
2012-07-26,-9.26084257529404
2012-07-27,-9.260847174435952
2012-07-30,-9.260851756572832
2012-07-31,-9.260856245224636
2012-08-01,-9.2608606213319
2012-08-02,-9.260865101981505
2012-08-03,-9.26086950029076
2012-08-06,-9.2608739884556
2012-08-07,-9.260878604393584
2012-08-08,-9.260883276632107
2012-08-09,-9.260887919210084
2012-08-10,-9.260892643579274
2012-08-13,-9.260897378723268
2012-08-14,-9.260901969938319
2012-08-15,-9.260906623965582
2012-08-16,-9.26091124549171
2012-08-17,-9.260915834238919
2012-08-20,-9.26092041917562
2012-08-21,-9.260924978875146
2012-08-22,-9.260929638606763
2012-08-23,-9.26093424738008
2012-08-24,-9.260938911197025
2012-08-27,-9.26094349693438
2012-08-28,-9.26094794417187
2012-08-29,-9.260952419453098
2012-08-30,-9.260956871365323
2012-08-31,-9.260961222039963
2012-09-03,-9.260965575415717
2012-09-04,-9.260970041032996
2012-09-05,-9.260974439069614
2012-09-06,-9.260978832420339
2012-09-07,-9.26098321344294
2012-09-10,-9.260987807659582
2012-09-11,-9.260992464021461
2012-09-12,-9.260997088771296
2012-09-13,-9.261001787758634
2012-09-14,-9.261006400459744
2012-09-17,-9.261011069955082
2012-09-18,-9.261015555401128
2012-09-19,-9.261019997142446
2012-09-20,-9.261024541667732
2012-09-21,-9.261028908559737
2012-09-24,-9.261033241076941
2012-09-25,-9.261037636263437
2012-09-26,-9.261042028185509
2012-09-27,-9.261046255991767
2012-09-28,-9.261050603107122
2012-10-08,-9.261055075246105
2012-10-09,-9.261059489159624
2012-10-10,-9.261064041446263
2012-10-11,-9.261068656010844
2012-10-12,-9.261073191484774
2012-10-15,-9.261077719919655
2012-10-16,-9.261082220918544
2012-10-17,-9.261086741937211
2012-10-18,-9.261091250313019
2012-10-19,-9.261095867298774
2012-10-22,-9.26110046356381
2012-10-23,-9.261105108194913
2012-10-24,-9.261109678354432
2012-10-25,-9.261114262172669
2012-10-26,-9.261118806554116
2012-10-29,-9.26112322038038
2012-10-30,-9.261127617758754
2012-10-31,-9.26113200970874
2012-11-01,-9.26113639060665
2012-11-02,-9.261140883795889
2012-11-05,-9.26114541953936
2012-11-06,-9.261149946652925
2012-11-07,-9.261154453445673
2012-11-08,-9.261158978067913
2012-11-09,-9.261163371035874
2012-11-12,-9.261167732423806
2012-11-13,-9.261172172948106
2012-11-14,-9.261176477027494
2012-11-15,-9.261180818505759
2012-11-16,-9.261185071657204
2012-11-19,-9.261189276379508
2012-11-20,-9.261193510678515
2012-11-21,-9.261197707890126
2012-11-22,-9.26120198611497
2012-11-23,-9.26120619171799
2012-11-26,-9.261210434608927
2012-11-27,-9.261214666350496
2012-11-28,-9.261218733630857
2012-11-29,-9.26122269323594
2012-11-30,-9.261226567362609
2012-12-03,-9.26123056734311
2012-12-04,-9.261234420429508
2012-12-05,-9.261238278866992
2012-12-06,-9.261242343735034
2012-12-07,-9.261246363869533
2012-12-10,-9.26125048554588
2012-12-11,-9.261254701854154
2012-12-12,-9.261258881815008
2012-12-13,-9.26126309728624
2012-12-14,-9.261267185788359
2012-12-17,-9.261271494786525
2012-12-18,-9.261275845130513
2012-12-19,-9.261280185364615
2012-12-20,-9.261284552104316
2012-12-21,-9.261288943056353
2012-12-24,-9.261293309976791
2012-12-25,-9.261297673807812
2012-12-26,-9.261302157946474
2012-12-27,-9.261306722241487
2012-12-28,-9.261311232701177
2012-12-31,-9.261315806464957
2013-01-04,-9.261320475726558
2013-01-07,-9.261325080745578
2013-01-08,-9.261329728429008
2013-01-09,-9.261334426777198
2013-01-10,-9.261339140317217
2013-01-11,-9.261343930349065
2013-01-14,-9.261348515898383
2013-01-15,-9.261353294954498
2013-01-16,-9.261358180923123
2013-01-17,-9.261363073583825
2013-01-18,-9.261367872005453
2013-01-21,-9.2613727820905
2013-01-22,-9.26137777182952
2013-01-23,-9.261382682087337
2013-01-24,-9.261387647287725
2013-01-25,-9.2613925031321
2013-01-28,-9.261397310697776
2013-01-29,-9.261402273032001
2013-01-30,-9.261407275903007
2013-01-31,-9.261412307533377
2013-02-01,-9.261417309992664
2013-02-04,-9.261422376208465
2013-02-05,-9.261427382980806
2013-02-06,-9.261432460016996
2013-02-07,-9.2614375744788
2013-02-08,-9.261442675517053
2013-02-18,-9.261447859737077
2013-02-19,-9.261453079890849
2013-02-20,-9.261458151102419
2013-02-21,-9.261463370994933
2013-02-22,-9.261468438184812
2013-02-25,-9.26147346284202
2013-02-26,-9.261478563872886
2013-02-27,-9.261483581823121
2013-02-28,-9.261488600824126
2013-03-01,-9.26149374674431
2013-03-04,-9.26149901106214
2013-03-05,-9.261504005085206
2013-03-06,-9.2615091113845
2013-03-07,-9.261514321238376
2013-03-08,-9.261519469980744
2013-03-11,-9.261524551470437
2013-03-12,-9.261529654994934
2013-03-13,-9.261534632461563
2013-03-14,-9.261539541912358
2013-03-15,-9.261544465715085
2013-03-18,-9.261549413289114
2013-03-19,-9.261554276007313
2013-03-20,-9.261559134134231
2013-03-21,-9.261564148242424
2013-03-22,-9.261569224648635
2013-03-25,-9.261574323582495
2013-03-26,-9.261579415100679
2013-03-27,-9.261584459422364
2013-03-28,-9.261589570106114
2013-03-29,-9.261594492078196
2013-04-01,-9.261599382854074
2013-04-02,-9.26160434787548
2013-04-03,-9.261609260036328
2013-04-08,-9.2616140945871
2013-04-09,-9.26161894114508
2013-04-10,-9.261623847156548
2013-04-11,-9.261628731683812
2013-04-12,-9.261633608583942
2013-04-15,-9.261638457423105
2013-04-16,-9.261643229322697
2013-04-17,-9.261648062954249
2013-04-18,-9.261652933565259
2013-04-19,-9.261657779628287
2013-04-22,-9.261662759392493
2013-04-23,-9.261667766778283
2013-04-24,-9.261672572284334
2013-04-25,-9.261677518840223
2013-04-26,-9.261682383139085
2013-05-02,-9.261687136284317
2013-05-03,-9.261691874122073
2013-05-06,-9.261696704317437
2013-05-07,-9.261701627527287
2013-05-08,-9.261706577182336
2013-05-09,-9.261711568608387
2013-05-10,-9.261716524810433
2013-05-13,-9.261721538569603
2013-05-14,-9.261726578427806
2013-05-15,-9.261731522246505
2013-05-16,-9.261736498026764
2013-05-17,-9.261741541704248
2013-05-20,-9.26174664522935
2013-05-21,-9.261751802199562
2013-05-22,-9.261757031579247
2013-05-23,-9.261762263038232
2013-05-24,-9.261767405588023
2013-05-27,-9.261772608320609
2013-05-28,-9.26177785704628
2013-05-29,-9.26178316659105
2013-05-30,-9.261788512757628
2013-05-31,-9.26179387717445
2013-06-03,-9.261799186989421
2013-06-04,-9.26180449476407
2013-06-05,-9.261809686632281
2013-06-06,-9.261814917688438
2013-06-07,-9.261820060223206
2013-06-13,-9.261825111947214
2013-06-14,-9.26182994296654
2013-06-17,-9.261834861808461
2013-06-18,-9.2618397701061
2013-06-19,-9.26184470995864
2013-06-20,-9.261849670720556
2013-06-21,-9.261854445107291
2013-06-24,-9.261859279270285
2013-06-25,-9.261863760134505
2013-06-26,-9.261868177796911
2013-06-27,-9.261872704721217
2013-06-28,-9.261877175235792
2013-07-01,-9.26188162005211
2013-07-02,-9.261886142117229
2013-07-03,-9.261890770299505
2013-07-04,-9.261895362365165
2013-07-05,-9.261900015913074
2013-07-08,-9.261904697718517
2013-07-09,-9.261909169544987
2013-07-10,-9.261913622077431
2013-07-11,-9.261918216525892
2013-07-12,-9.261923004167384
2013-07-15,-9.26192768474239
2013-07-16,-9.261932461886758
2013-07-17,-9.261937320433443
2013-07-18,-9.261942114635163
2013-07-19,-9.261946895628151
2013-07-22,-9.261951499859887
2013-07-23,-9.261956173364794
2013-07-24,-9.261960997453553
2013-07-25,-9.261965869001834
2013-07-26,-9.26197065429521
2013-07-29,-9.26197546730721
2013-07-30,-9.261980151617603
2013-07-31,-9.261984828847345
2013-08-01,-9.261989505054029
2013-08-02,-9.261994329591879
2013-08-05,-9.26199914269949
2013-08-06,-9.262004033464894
2013-08-07,-9.262009007011084
2013-08-08,-9.262013943956777
2013-08-09,-9.262018879933906
2013-08-12,-9.262023813776157
2013-08-13,-9.262028849460153
2013-08-14,-9.262033914405173
2013-08-15,-9.262038975188865
2013-08-16,-9.262043984445002
2013-08-19,-9.262048860638563
2013-08-20,-9.26205382049431
2013-08-21,-9.26205876547734
2013-08-22,-9.262063725615869
2013-08-23,-9.262068685659491
2013-08-26,-9.262073576530838
2013-08-27,-9.262078596791843
2013-08-28,-9.262083673081246
2013-08-29,-9.262088706766251
2013-08-30,-9.262093733909333
2013-09-02,-9.262098728708086
2013-09-03,-9.262103733327281
2013-09-04,-9.26210883423235
2013-09-05,-9.262113944042637
2013-09-06,-9.26211903360836
2013-09-09,-9.262124137108566
2013-09-10,-9.262129293602317
2013-09-11,-9.262134512557566
2013-09-12,-9.262139705643031
2013-09-13,-9.2621449017845
2013-09-16,-9.262150112563495
2013-09-17,-9.262155353204795
2013-09-18,-9.262160462020448
2013-09-23,-9.262165590217867
2013-09-24,-9.26217083407063
2013-09-25,-9.262176054127426
2013-09-26,-9.262181278176747
2013-09-27,-9.262186361924533
2013-09-30,-9.262191457987488
2013-10-08,-9.262196604006867
2013-10-09,-9.262201836774045
2013-10-10,-9.262207134030444
2013-10-11,-9.262212371101281
2013-10-14,-9.262217713782103
2013-10-15,-9.262223103000531
2013-10-16,-9.262228541273386
2013-10-17,-9.26223380340259
2013-10-18,-9.262239065803655
2013-10-21,-9.262244289798439
2013-10-22,-9.262249687537944
2013-10-23,-9.262255086896943
2013-10-24,-9.262260365274846
2013-10-25,-9.262265631560293
2013-10-28,-9.262270777956031
2013-10-29,-9.262275920245068
2013-10-30,-9.26228085776246
2013-10-31,-9.262285926107698
2013-11-01,-9.262290936941007
2013-11-04,-9.262295942107567
2013-11-05,-9.262300965036923
2013-11-06,-9.262306062590444
2013-11-07,-9.262311112144012
2013-11-08,-9.262316104934454
2013-11-11,-9.262321012739095
2013-11-12,-9.26232594112672
2013-11-13,-9.262330972198628
2013-11-14,-9.262335871885593
2013-11-15,-9.262340806600813
2013-11-18,-9.262345839368864
2013-11-19,-9.262351024576944
2013-11-20,-9.26235619570749
2013-11-21,-9.262361434998892
2013-11-22,-9.262366654058244
2013-11-25,-9.2623718394228
2013-11-26,-9.262377026976429
2013-11-27,-9.262382209052605
2013-11-28,-9.262387454218654
2013-11-29,-9.26239274979941
2013-12-02,-9.262398153411144
2013-12-03,-9.262403231061347
2013-12-04,-9.26240841257464
2013-12-05,-9.262413716307766
2013-12-06,-9.262419018776765
2013-12-09,-9.26242430312525
2013-12-10,-9.262429637923931
2013-12-11,-9.262434993814114
2013-12-12,-9.262440288624552
2013-12-13,-9.262445592948334
2013-12-16,-9.262450947376696
2013-12-17,-9.262456185270288
2013-12-18,-9.26246140281383
2013-12-19,-9.262466630692519
2013-12-20,-9.262471809381232
2013-12-23,-9.262476898845787
2013-12-24,-9.26248195773388
2013-12-25,-9.26248705335224
2013-12-26,-9.262492238372884
2013-12-27,-9.262497285839766
2013-12-30,-9.262502415853529
2013-12-31,-9.262507572766182
2014-01-02,-9.262512771072027
2014-01-03,-9.262518007903802
2014-01-06,-9.262523203749216
2014-01-07,-9.262528194581968
2014-01-08,-9.262533215636209
2014-01-09,-9.26253823838491
2014-01-10,-9.262543220581358
2014-01-13,-9.262548113250578
2014-01-14,-9.262552921969647
2014-01-15,-9.262557825544453
2014-01-16,-9.262562788700864
2014-01-17,-9.26256778841657
2014-01-20,-9.262572708290872
2014-01-21,-9.262577558046539
2014-01-22,-9.262582442958271
2014-01-23,-9.26258750266823
2014-01-24,-9.262592559243439
2014-01-27,-9.262597708160213
2014-01-28,-9.262602832005005
2014-01-29,-9.262607940016789
2014-01-30,-9.262613100450602
2014-02-07,-9.26261821417915
2014-02-10,-9.262623394078483
2014-02-11,-9.262628747143486
2014-02-12,-9.262634106922464
2014-02-13,-9.262639568417974
2014-02-14,-9.262644899475886
2014-02-17,-9.262650315214144
2014-02-18,-9.262655844586371
2014-02-19,-9.262661356613926
2014-02-20,-9.262666900272972
2014-02-21,-9.262672343031193
2014-02-24,-9.262677746366982
2014-02-25,-9.262683142975515
2014-02-26,-9.262688314934369
2014-02-27,-9.262693547941325
2014-02-28,-9.262698679134633
2014-03-03,-9.262703854965602
2014-03-04,-9.262709162270493
2014-03-05,-9.262714474535366
2014-03-06,-9.26271976330833
2014-03-07,-9.26272506181474
2014-03-10,-9.2627303809759
2014-03-11,-9.262735472477726
2014-03-12,-9.262740610181957
2014-03-13,-9.262745736488746
2014-03-14,-9.262750928590837
2014-03-17,-9.262756076317967
2014-03-18,-9.262761337854162
2014-03-19,-9.262766614898315
2014-03-20,-9.262771924726673
2014-03-21,-9.262777061861911
2014-03-24,-9.262782317702014
2014-03-25,-9.262787650554843
2014-03-26,-9.262792985328712
2014-03-27,-9.262798327015508
2014-03-28,-9.262803621244993
2014-03-31,-9.262808798955481
2014-04-01,-9.26281392050103
2014-04-02,-9.262819115174127
2014-04-03,-9.26282433664404
2014-04-04,-9.262829504836892
2014-04-08,-9.262834726623241
2014-04-09,-9.26284002053677
2014-04-10,-9.262845362343459
2014-04-11,-9.262850745264275
2014-04-14,-9.262856111863895
2014-04-15,-9.26286154419681
2014-04-16,-9.262866908779543
2014-04-17,-9.262872303340135
2014-04-18,-9.262877674629399
2014-04-21,-9.262883078231495
2014-04-22,-9.262888362499439
2014-04-23,-9.26289362297907
2014-04-24,-9.262898883361334
2014-04-25,-9.262904112371634
2014-04-28,-9.262909264611835
2014-04-29,-9.262914179783309
2014-04-30,-9.262919176859631
2014-05-05,-9.262924199417617
2014-05-06,-9.262929269997464
2014-05-07,-9.26293437424882
2014-05-08,-9.262939388440039
2014-05-09,-9.262944432783264
2014-05-12,-9.262949388606339
2014-05-13,-9.262954485062432
2014-05-14,-9.262959575708908
2014-05-15,-9.262964687913595
2014-05-16,-9.262969680842104
2014-05-19,-9.262974685186133
2014-05-20,-9.26297962177461
2014-05-21,-9.262984567317076
2014-05-22,-9.262989573613844
2014-05-23,-9.262994567152775
2014-05-26,-9.262999607136372
2014-05-27,-9.263004713271624
2014-05-28,-9.263009778657704
2014-05-29,-9.263014925148198
2014-05-30,-9.263020005461083
2014-06-03,-9.26302511464245
2014-06-04,-9.263030212461999
2014-06-05,-9.263035229936428
2014-06-06,-9.263040310580168
2014-06-09,-9.263045378709831
2014-06-10,-9.263050401329464
2014-06-11,-9.263055494330322
2014-06-12,-9.263060618913444
2014-06-13,-9.263065742085653
2014-06-16,-9.263070920456029
2014-06-17,-9.263076129043167
2014-06-18,-9.263081288159832
2014-06-19,-9.26308644138546
2014-06-20,-9.263091417141391
2014-06-23,-9.263096430646662
2014-06-24,-9.26310148158996
2014-06-25,-9.263106596354229
2014-06-26,-9.263111673814178
2014-06-27,-9.263116804626671
2014-06-30,-9.263121971915702
2014-07-01,-9.263127189573336
2014-07-02,-9.263132420138081
2014-07-03,-9.263137682950976
2014-07-04,-9.26314300293223
2014-07-07,-9.26314830857431
2014-07-08,-9.263153598171813
2014-07-09,-9.263158934063243
2014-07-10,-9.263164162959077
2014-07-11,-9.26316937822068
2014-07-14,-9.263174633420071
2014-07-15,-9.263179982835105
2014-07-16,-9.26318536244054
2014-07-17,-9.263190712908125
2014-07-18,-9.263196019313781
2014-07-21,-9.263201362331436
2014-07-22,-9.263206675929682
2014-07-23,-9.263212075677332
2014-07-24,-9.263217444721732
2014-07-25,-9.263222825725599
2014-07-28,-9.263228227342882
2014-07-29,-9.263233740141228
2014-07-30,-9.263239325460418
2014-07-31,-9.263244916052724
2014-08-01,-9.263250579259848
2014-08-04,-9.263256146362979
2014-08-05,-9.263261832178141
2014-08-06,-9.263267542425952
2014-08-07,-9.263273290582907
2014-08-08,-9.263278935606175
2014-08-11,-9.263284613512761
2014-08-12,-9.263290385548586
2014-08-13,-9.263296178068112
2014-08-14,-9.263301982137822
2014-08-15,-9.263307730319465
2014-08-18,-9.263313546300774
2014-08-19,-9.263319455015418
2014-08-20,-9.26332540361012
2014-08-21,-9.263331350541074
2014-08-22,-9.26333728197776
2014-08-25,-9.263343279986502
2014-08-26,-9.263349246124573
2014-08-27,-9.263355087388849
2014-08-28,-9.263360952988487
2014-08-29,-9.263366747144824
2014-09-01,-9.263372603169177
2014-09-02,-9.263378562090795
2014-09-03,-9.263384641999599
2014-09-04,-9.263390747621965
2014-09-05,-9.263396936487311
2014-09-09,-9.263403141498541
2014-09-10,-9.263409385994109
2014-09-11,-9.263415660063982
2014-09-12,-9.263421932907132
2014-09-15,-9.263428281427583
2014-09-16,-9.263434758414572
2014-09-17,-9.26344097411081
2014-09-18,-9.263447251161864
2014-09-19,-9.263453570997031
2014-09-22,-9.263459985834155
2014-09-23,-9.263466266516257
2014-09-24,-9.263472641923595
2014-09-25,-9.263479107985724
2014-09-26,-9.263485579753022
2014-09-29,-9.263492078547023
2014-09-30,-9.263498626986156
2014-10-08,-9.263505229369011
2014-10-09,-9.263511951334646
2014-10-10,-9.263518671932536
2014-10-13,-9.263525355648556
2014-10-14,-9.263532070310218
2014-10-15,-9.263538741997849
2014-10-16,-9.263545469227505
2014-10-17,-9.263552088558171
2014-10-20,-9.26355863381197
2014-10-21,-9.263565285720466
2014-10-22,-9.263571887730283
2014-10-23,-9.263578422031932
2014-10-24,-9.263584846071044
2014-10-27,-9.263591268953778
2014-10-28,-9.263597708420752
2014-10-29,-9.263604304238562
2014-10-30,-9.263611013997762
2014-10-31,-9.263617728782386
2014-11-03,-9.263624421539381
2014-11-04,-9.263631199643719
2014-11-05,-9.263637968798662
2014-11-06,-9.263644729377122
2014-11-07,-9.26365154047523
2014-11-10,-9.263658272601617
2014-11-11,-9.26366513502598
2014-11-12,-9.26367172144621
2014-11-13,-9.26367846832319
2014-11-14,-9.26368516937329
2014-11-17,-9.26369182680637
2014-11-18,-9.26369855731553
2014-11-19,-9.263705326944466
2014-11-20,-9.26371211343068
2014-11-21,-9.263718883079125
2014-11-24,-9.263725705282184
2014-11-25,-9.263732655343425
2014-11-26,-9.263739727672936
2014-11-27,-9.26374686573897
2014-11-28,-9.263754057494177
2014-12-01,-9.263761257775055
2014-12-02,-9.263768398947287
2014-12-03,-9.263775658005564
2014-12-04,-9.263782936768253
2014-12-05,-9.263790431348465
2014-12-08,-9.263797765717458
2014-12-09,-9.263805342024954
2014-12-10,-9.263812482105187
2014-12-11,-9.263819924833191
2014-12-12,-9.263827488032492
2014-12-15,-9.263835096065193
2014-12-16,-9.263842851044064
2014-12-17,-9.263850662114772
2014-12-18,-9.263858399978178
2014-12-19,-9.263866083885638
2014-12-22,-9.263873734231668
2014-12-23,-9.263881075653266
2014-12-24,-9.263888245682079
2014-12-25,-9.263895483054762
2014-12-26,-9.263902874434006
2014-12-29,-9.263910393743847
2014-12-30,-9.26391780668195
2014-12-31,-9.263925029082484
2015-01-05,-9.263932338191205
2015-01-06,-9.263939773785655
2015-01-07,-9.263947305060796
2015-01-08,-9.263954858651188
2015-01-09,-9.263962371954586
2015-01-12,-9.263969829632169
2015-01-13,-9.263977159019015
2015-01-14,-9.263984600508076
2015-01-15,-9.263991973274106
2015-01-16,-9.263999451092323
2015-01-19,-9.264007086013184
2015-01-20,-9.264014267356275
2015-01-21,-9.264021679940443
2015-01-22,-9.264029307427343
2015-01-23,-9.264037072201509
2015-01-26,-9.26404474521126
2015-01-27,-9.264052605341227
2015-01-28,-9.264060513628817
2015-01-29,-9.264068347507438
2015-01-30,-9.264076131678431
2015-02-02,-9.264083843808448
2015-02-03,-9.264091478033865
2015-02-04,-9.264099254550803
2015-02-05,-9.264106991893202
2015-02-06,-9.264114696794536
2015-02-09,-9.264122228987635
2015-02-10,-9.264129728499011
2015-02-11,-9.264137306886225
2015-02-12,-9.264145016235252
2015-02-13,-9.264152756372177
2015-02-16,-9.26416059122575
2015-02-17,-9.264168600063593
2015-02-25,-9.264176725940253
2015-02-26,-9.264184795330655
2015-02-27,-9.264192965781584
2015-03-02,-9.264201173063777
2015-03-03,-9.264209573949248
2015-03-04,-9.264217876305436
2015-03-05,-9.264226289551887
2015-03-06,-9.264234722306908
2015-03-09,-9.2642430575684
2015-03-10,-9.26425147632003
2015-03-11,-9.264259984840248
2015-03-12,-9.264268538744007
2015-03-13,-9.264277114728406
2015-03-16,-9.264285735586416
2015-03-17,-9.2642946489842
2015-03-18,-9.264303666043755
2015-03-19,-9.264312839685683
2015-03-20,-9.264322056465655
2015-03-23,-9.264331377138529
2015-03-24,-9.264340945426058
2015-03-25,-9.264350567208078
2015-03-26,-9.26436024570617
2015-03-27,-9.26436981769446
2015-03-30,-9.264379490412265
2015-03-31,-9.264389326085137
2015-04-01,-9.264399068865925
2015-04-02,-9.264409044090726
2015-04-03,-9.264419159437317
2015-04-07,-9.264429471119609
2015-04-08,-9.264439980928202
2015-04-09,-9.264450405244853
2015-04-10,-9.26446072462007
2015-04-13,-9.264471287247714
2015-04-14,-9.264482154419776
2015-04-15,-9.26449313285929
2015-04-16,-9.264503645852713
2015-04-17,-9.264514315701277
2015-04-20,-9.264525128979423
2015-04-21,-9.264535608305389
2015-04-22,-9.264546450409037
2015-04-23,-9.264557628215828
2015-04-24,-9.264568857842201
2015-04-27,-9.26458006117355
2015-04-28,-9.26459140781661
2015-04-29,-9.264602290348467
2015-04-30,-9.264613467499265
2015-05-04,-9.26462468226312
2015-05-05,-9.264636035563926
2015-05-06,-9.264646916171003
2015-05-07,-9.26465762854819
2015-05-08,-9.264668091311298
2015-05-11,-9.264678926289843
2015-05-12,-9.264690237069443
2015-05-13,-9.26470181584469
2015-05-14,-9.264713479017747
2015-05-15,-9.264725129007498
2015-05-18,-9.264736641061424
2015-05-19,-9.264748343909426
2015-05-20,-9.264760372956456
2015-05-21,-9.26477255574283
2015-05-22,-9.264785128368532
2015-05-25,-9.26479799433267
2015-05-26,-9.264811211439199
2015-05-27,-9.264824881678937
2015-05-28,-9.264838773178237
2015-05-29,-9.26485175795014
2015-06-01,-9.264864864621378
2015-06-02,-9.264878665696687
2015-06-03,-9.264893023544893
2015-06-04,-9.264907507206388
2015-06-05,-9.264921981753792
2015-06-08,-9.264936694187249
2015-06-09,-9.264951327905726
2015-06-10,-9.26496594074451
2015-06-11,-9.264980838028663
2015-06-12,-9.26499610416924
2015-06-15,-9.265011612760038
2015-06-16,-9.265026918750076
2015-06-17,-9.265041540702898
2015-06-18,-9.265056512691352
2015-06-19,-9.265071103420187
2015-06-23,-9.265084708868606
2015-06-24,-9.265098351907474
2015-06-25,-9.265112374993999
2015-06-26,-9.265125937844662
2015-06-29,-9.265138317750106
2015-06-30,-9.265149676846004
2015-07-01,-9.265161764437742
2015-07-02,-9.265173175597106
2015-07-03,-9.265183786006475
2015-07-06,-9.265193601863324
2015-07-07,-9.265203030069648
2015-07-08,-9.26521181686535
2015-07-09,-9.265220034826843
2015-07-10,-9.265228646858416
2015-07-13,-9.265237702884319
2015-07-14,-9.265247440508729
2015-07-15,-9.265257525363989
2015-07-16,-9.265266852075001
2015-07-17,-9.265276166319781
2015-07-20,-9.265286109205231
2015-07-21,-9.26529629987794
2015-07-22,-9.265306647626144
2015-07-23,-9.265317148710073
2015-07-24,-9.265328075792928
2015-07-27,-9.265338932379603
2015-07-28,-9.265348829190307
2015-07-29,-9.265358275068639
2015-07-30,-9.265368368554574
2015-07-31,-9.265378193836973
2015-08-03,-9.26538789540442
2015-08-04,-9.265397092682559
2015-08-05,-9.265406944871634
2015-08-06,-9.265416640778376
2015-08-07,-9.265426211498136
2015-08-10,-9.265436105093528
2015-08-11,-9.26544660618242
2015-08-12,-9.265457222735005
2015-08-13,-9.265467671196182
2015-08-14,-9.265478447593129
2015-08-17,-9.265489360209846
2015-08-18,-9.265500676844361
2015-08-19,-9.265510976155381
2015-08-20,-9.265521635323946
2015-08-21,-9.265531898105127
2015-08-24,-9.265541624422566
2015-08-25,-9.265550528662285
2015-08-26,-9.265558697901536
2015-08-27,-9.265566405459282
2015-08-28,-9.265574370685234
2015-08-31,-9.265582984447605
2015-09-01,-9.265591363561658
2015-09-02,-9.265599234652756
2015-09-07,-9.26560682037696
2015-09-08,-9.265614355575453
2015-09-09,-9.265622226202986
2015-09-10,-9.265630476586018
2015-09-11,-9.265638571520526
2015-09-14,-9.265646848977138
2015-09-15,-9.265654605337259
2015-09-16,-9.265661742230705
2015-09-17,-9.265669542441263
2015-09-18,-9.265677105545468
2015-09-21,-9.265684734818638
2015-09-22,-9.265692680123228
2015-09-23,-9.26570072342727
2015-09-24,-9.265708609581553
2015-09-25,-9.265716675196211
2015-09-28,-9.265724402207917
2015-09-29,-9.265732293676784
2015-09-30,-9.26573998057178
2015-10-08,-9.26574765249782
2015-10-09,-9.265755664936044
2015-10-12,-9.265763777780231
2015-10-13,-9.265772281940588
2015-10-14,-9.265780927794774
2015-10-15,-9.26578941234992
2015-10-16,-9.265798199113231
2015-10-19,-9.265807211603502
2015-10-20,-9.265816216983012
2015-10-21,-9.265825518712273
2015-10-22,-9.265834149918627
2015-10-23,-9.26584313202356
2015-10-26,-9.265852410623872
2015-10-27,-9.265861715734824
2015-10-28,-9.265871104932224
2015-10-29,-9.26588023468604
2015-10-30,-9.265889492562152
2015-11-02,-9.265898782667133
2015-11-03,-9.265907805455678
2015-11-04,-9.265916759364224
2015-11-05,-9.265926243877775
2015-11-06,-9.26593572724503
2015-11-09,-9.265945453019029
2015-11-10,-9.265955321952775
2015-11-11,-9.265965246591293
2015-11-12,-9.265975339474075
2015-11-13,-9.26598542832064
2015-11-16,-9.265995357765489
2015-11-17,-9.266005505212645
2015-11-18,-9.266015623455916
2015-11-19,-9.266025500662595
2015-11-20,-9.266035608598372
2015-11-23,-9.26604584645354
2015-11-24,-9.26605598374375
2015-11-25,-9.266066175834938
2015-11-26,-9.266076594548453
2015-11-27,-9.26608708356076
2015-11-30,-9.266096887298062
2015-12-01,-9.266106727987468
2015-12-02,-9.266116619490784
2015-12-03,-9.266126444361177
2015-12-04,-9.266136527891339
2015-12-07,-9.266146544806183
2015-12-08,-9.266156754547541
2015-12-09,-9.266166760176347
2015-12-10,-9.266176758106356
2015-12-11,-9.266186720643654
2015-12-14,-9.266196577296643
2015-12-15,-9.26620665113487
2015-12-16,-9.266216789083938
2015-12-17,-9.266226906059213
2015-12-18,-9.266237325952073
2015-12-21,-9.26624768697833
2015-12-22,-9.266258209940794
2015-12-23,-9.266268866499463
2015-12-24,-9.26627944140176
2015-12-25,-9.266289933384057
2015-12-28,-9.266300538631699
2015-12-29,-9.266310854457336
2015-12-30,-9.266321279021524
2015-12-31,-9.266331805392928
2016-01-04,-9.266342304190085
2016-01-05,-9.266351864496183
2016-01-06,-9.266361283125041
2016-01-07,-9.26637107970686
2016-01-08,-9.266379961392365
2016-01-11,-9.266389084878568
2016-01-12,-9.266397532316473
2016-01-13,-9.266406018292379
2016-01-14,-9.266414108483325
2016-01-15,-9.266422520231462
2016-01-18,-9.266430579877248
2016-01-19,-9.266438725488861
2016-01-20,-9.266447251912192
2016-01-21,-9.266455742144245
2016-01-22,-9.266463806108915
2016-01-25,-9.266471985318638
2016-01-26,-9.2664803886926
2016-01-27,-9.266488137977232
2016-01-28,-9.266495817388911
2016-01-29,-9.266503086821624
2016-02-01,-9.26651067664975
2016-02-02,-9.266518092771003
2016-02-03,-9.266525801104002
2016-02-04,-9.266533518444396
2016-02-05,-9.266541434120318
2016-02-15,-9.266549272093815
2016-02-16,-9.266557017304738
2016-02-17,-9.26656513611953
2016-02-18,-9.266573400079288
2016-02-19,-9.266581661495938
2016-02-22,-9.266589912230522
2016-02-23,-9.266598369238709
2016-02-24,-9.266606749791352
2016-02-25,-9.266615300232273
2016-02-26,-9.266623121706221
2016-02-29,-9.266631033380095
2016-03-01,-9.266638421097447
2016-03-02,-9.266645921067408
2016-03-03,-9.266653880617373
2016-03-04,-9.266661923017189
2016-03-07,-9.266669700558282
2016-03-08,-9.266677692196811
2016-03-09,-9.266685735871647
2016-03-10,-9.266693598529809
2016-03-11,-9.266701283285375
2016-03-14,-9.2667088795629
2016-03-15,-9.266716769579073
2016-03-16,-9.266724591537065
2016-03-17,-9.266732295916855
2016-03-18,-9.266740225433825
2016-03-21,-9.266748431215513
2016-03-22,-9.266756947654219
2016-03-23,-9.266765423546351
2016-03-24,-9.266773985704505
2016-03-25,-9.266782421756018
2016-03-28,-9.266790922083722
2016-03-29,-9.266799399633324
2016-03-30,-9.266807635089341
2016-03-31,-9.266816184132997
2016-04-01,-9.266824782903345
2016-04-05,-9.266833300895813
2016-04-06,-9.266842071083088
2016-04-07,-9.266850918204415
2016-04-08,-9.266859622003157
2016-04-11,-9.266868228560993
2016-04-12,-9.266877039639086
2016-04-13,-9.266885761763536
2016-04-14,-9.266894598206097
2016-04-15,-9.266903527716128
2016-04-18,-9.266912490477594
2016-04-19,-9.266921277004952
2016-04-20,-9.266930163337346
2016-04-21,-9.2669386550524
2016-04-22,-9.266947015200113
2016-04-25,-9.26695544157528
2016-04-26,-9.266963790826564
2016-04-27,-9.266972262647355
2016-04-28,-9.266980720571514
2016-04-29,-9.266989138404345
2016-05-03,-9.266997514299844
2016-05-04,-9.267006160407744
2016-05-05,-9.267014794975099
2016-05-06,-9.267023541797625
2016-05-09,-9.2670319565646
2016-05-10,-9.267039960537616
2016-05-11,-9.267047935728923
2016-05-12,-9.267055885641476
2016-05-13,-9.267063816905646
2016-05-16,-9.267071691691978
2016-05-17,-9.267079697408718
2016-05-18,-9.267087733951362
2016-05-19,-9.267095519360057
2016-05-20,-9.267103316934874
2016-05-23,-9.267111216280652
2016-05-24,-9.267119257803895
2016-05-25,-9.267127210954685
2016-05-26,-9.26713511215515
2016-05-27,-9.267143048566481
2016-05-30,-9.267150997490752
2016-05-31,-9.267158834751768
2016-06-01,-9.26716704538376
2016-06-02,-9.267175278557277
2016-06-03,-9.267183571409088
2016-06-06,-9.267191947335206
2016-06-07,-9.26720036120231
2016-06-08,-9.267208791720172
2016-06-13,-9.267217242686364
2016-06-14,-9.267225279346297
2016-06-15,-9.267233309411152
2016-06-16,-9.267241625088868
2016-06-17,-9.267249894399193
2016-06-20,-9.26725820388058
2016-06-21,-9.267266545878671
2016-06-22,-9.267274778901916
2016-06-23,-9.267283164165118
2016-06-24,-9.267291534572879
2016-06-27,-9.267299781802494
2016-06-28,-9.267308223142548
2016-06-29,-9.267316770657276
2016-06-30,-9.267325337503587
2016-07-01,-9.267333911023172
2016-07-04,-9.26734244266048
2016-07-05,-9.267351162815375
2016-07-06,-9.267359909846192
2016-07-07,-9.267368737446196
2016-07-08,-9.267377573914276
2016-07-11,-9.267386379389846
2016-07-12,-9.267395194626694
2016-07-13,-9.26740412394558
2016-07-14,-9.267413116275796
2016-07-15,-9.267422110178792
2016-07-18,-9.267431089155327
2016-07-19,-9.267440018828134
2016-07-20,-9.267448977135949
2016-07-21,-9.267457927690053
2016-07-22,-9.267466940359926
2016-07-25,-9.267475854014846
2016-07-26,-9.26748475635271
2016-07-27,-9.26749386155029
2016-07-28,-9.267502584345474
2016-07-29,-9.267511339638716
2016-08-01,-9.267520039691503
2016-08-02,-9.267528521844367
2016-08-03,-9.267537079930344
2016-08-04,-9.267545700708256
2016-08-05,-9.267554399250223
2016-08-08,-9.26756305491117
2016-08-09,-9.267571827205309
2016-08-10,-9.267580681752843
2016-08-11,-9.267589524515362
2016-08-12,-9.267598233722849
2016-08-15,-9.267607023064425
2016-08-16,-9.267616064971515
2016-08-17,-9.267625145229417
2016-08-18,-9.267634255161227
2016-08-19,-9.26764336342081
2016-08-22,-9.267652482869355
2016-08-23,-9.267661492841308
2016-08-24,-9.267670501225558
2016-08-25,-9.26767953194554
2016-08-26,-9.267688443394652
2016-08-29,-9.267697427504302
2016-08-30,-9.267706441936575
2016-08-31,-9.267715473630227
2016-09-01,-9.267724541315891
2016-09-02,-9.267733533781383
2016-09-05,-9.267742479774387
2016-09-06,-9.267751459301738
2016-09-07,-9.267760590403304
2016-09-08,-9.267769732019303
2016-09-09,-9.267778925753538
2016-09-12,-9.267788056861443
2016-09-13,-9.267796888960893
2016-09-14,-9.2678057952238
2016-09-19,-9.267814632149983
2016-09-20,-9.267823583032309
2016-09-21,-9.267832549105279
2016-09-22,-9.267841524184508
2016-09-23,-9.267850567200538
2016-09-26,-9.267859617963875
2016-09-27,-9.267868420293043
2016-09-28,-9.267877294898025
2016-09-29,-9.2678861370418
2016-09-30,-9.26789502032279
2016-10-10,-9.26790394278079
2016-10-11,-9.267913060703064
2016-10-12,-9.26792225382939
2016-10-13,-9.267931476008673
2016-10-14,-9.267940699270799
2016-10-17,-9.267949916703254
2016-10-18,-9.267959024368354
2016-10-19,-9.267968282756815
2016-10-20,-9.267977553063131
2016-10-21,-9.267986838273675
2016-10-24,-9.267996071505268
2016-10-25,-9.268005396341062
2016-10-26,-9.268014784360528
2016-10-27,-9.26802412679857
2016-10-28,-9.26803350618356
2016-10-31,-9.268042798986645
2016-11-01,-9.268052073507318
2016-11-02,-9.268061476892909
2016-11-03,-9.268070827656386
2016-11-04,-9.268080266181817
2016-11-07,-9.268089637102149
2016-11-08,-9.268099001865581
2016-11-09,-9.268108443289362
2016-11-10,-9.268117819449346
2016-11-11,-9.268127331519624
2016-11-14,-9.268136883614273
2016-11-15,-9.268146453279078
2016-11-16,-9.268156064180614
2016-11-17,-9.26816566949835
2016-11-18,-9.26817527153254
2016-11-21,-9.268184811920198
2016-11-22,-9.268194339318933
2016-11-23,-9.268203952562642
2016-11-24,-9.268213535874315
2016-11-25,-9.2682230864745
2016-11-28,-9.268232657387601
2016-11-29,-9.268242256639027
2016-11-30,-9.268251756379936
2016-12-01,-9.26826118171747
2016-12-02,-9.268270709911775
2016-12-05,-9.268280082979613
2016-12-06,-9.268289355437531
2016-12-07,-9.2682986537844
2016-12-08,-9.268308081652867
2016-12-09,-9.268317483671455
2016-12-12,-9.268326920990622
2016-12-13,-9.268335851680218
2016-12-14,-9.268344846462458
2016-12-15,-9.268353804141933
2016-12-16,-9.2683628238522
2016-12-19,-9.268371936683144
2016-12-20,-9.26838105756568
2016-12-21,-9.26839013455893
2016-12-22,-9.268399285800092
2016-12-23,-9.268408468620903
2016-12-26,-9.268417527799233
2016-12-27,-9.268426602631854
2016-12-28,-9.268435725879907
2016-12-29,-9.268444814344596
2016-12-30,-9.268453877271943
2017-01-03,-9.268462941931146
2017-01-04,-9.268472100256265
2017-01-05,-9.268481368856342
2017-01-06,-9.268490670473225
2017-01-09,-9.26849990513299
2017-01-10,-9.268509235790988
2017-01-11,-9.268518555165384
2017-01-12,-9.268527761294548
2017-01-13,-9.268536909807816
2017-01-16,-9.268545934214595
2017-01-17,-9.268554675018182
2017-01-18,-9.268563487909075
2017-01-19,-9.268572303223566
2017-01-20,-9.268581057685735
2017-01-23,-9.268589922638368
2017-01-24,-9.268598881011682
2017-01-25,-9.268607806744761
2017-01-26,-9.268616749718156
2017-02-03,-9.268625758817912
2017-02-06,-9.268634742856754
2017-02-07,-9.268643820986371
2017-02-08,-9.268652923584305
2017-02-09,-9.268662086963221
2017-02-10,-9.26867130276846
2017-02-13,-9.268680537429251
2017-02-14,-9.268689830545554
2017-02-15,-9.268699134386386
2017-02-16,-9.268708309991581
2017-02-17,-9.268717578331737
2017-02-20,-9.26872676987579
2017-02-21,-9.268736054590407
2017-02-22,-9.268745379486296
2017-02-23,-9.268754759220712
2017-02-24,-9.268764087881333
2017-02-27,-9.268773438187308
2017-02-28,-9.268782689420263
2017-03-01,-9.26879197550694
2017-03-02,-9.268801328030738
2017-03-03,-9.268810596400046
2017-03-06,-9.268819846373592
2017-03-07,-9.268829187192527
2017-03-08,-9.268838552126601
2017-03-09,-9.268847907015173
2017-03-10,-9.268857176730451
2017-03-13,-9.268866453986883
2017-03-14,-9.268875793765307
2017-03-15,-9.268885113097538
2017-03-16,-9.26889443348284
2017-03-17,-9.26890385662297
2017-03-20,-9.268913189150565
2017-03-21,-9.268922541159695
2017-03-22,-9.268931930153096
2017-03-23,-9.268941266660894
2017-03-24,-9.268950580771314
2017-03-27,-9.268959946345234
2017-03-28,-9.268969289792475
2017-03-29,-9.268978598195334
2017-03-30,-9.268987880210592
2017-03-31,-9.26899697040195
2017-04-05,-9.269006041227398
2017-04-06,-9.26901533843309
2017-04-07,-9.269024675136272
2017-04-10,-9.269034071891394
2017-04-11,-9.26904340484929
2017-04-12,-9.269052887071993
2017-04-13,-9.269062335859074
2017-04-14,-9.269071835764867
2017-04-17,-9.269081196118714
2017-04-18,-9.269090373201646
2017-04-19,-9.269099484763283
2017-04-20,-9.26910847263616
2017-04-21,-9.26911745406511
2017-04-24,-9.269126404205359
2017-04-25,-9.26913505303094
2017-04-26,-9.269143752679275
2017-04-27,-9.269152476991097
2017-04-28,-9.269161227889892
2017-05-02,-9.269170039697785
2017-05-03,-9.269178845984179
2017-05-04,-9.269187610353827
2017-05-05,-9.26919633705653
2017-05-08,-9.269204947381386
2017-05-09,-9.269213307252866
2017-05-10,-9.269221732065986
2017-05-11,-9.269229945911254
2017-05-12,-9.269238137091737
2017-05-15,-9.269246336905375
2017-05-16,-9.269254574650367
2017-05-17,-9.269262990970109
2017-05-18,-9.269271453945263
2017-05-19,-9.26927983400467
2017-05-22,-9.269288238315484
2017-05-23,-9.269296514663592
2017-05-24,-9.269304565050911
2017-05-25,-9.269312645270087
2017-05-26,-9.269320822581102
2017-05-31,-9.269329012348287
2017-06-01,-9.269337232746816
2017-06-02,-9.26934525741574
2017-06-05,-9.269353357327482
2017-06-06,-9.269361498440977
2017-06-07,-9.269369677557192
2017-06-08,-9.2693780393054
2017-06-09,-9.269386438723997
2017-06-12,-9.26939488379978
2017-06-13,-9.269403234545068
2017-06-14,-9.269411670689845
2017-06-15,-9.269420063801203
2017-06-16,-9.269428550325554
2017-06-19,-9.269437037638427
2017-06-20,-9.269445563975788
2017-06-21,-9.26945411764938
2017-06-22,-9.269462748100107
2017-06-23,-9.2694712258236
2017-06-26,-9.269479688035075
2017-06-27,-9.269488312714309
2017-06-28,-9.26949697716181
2017-06-29,-9.269505570217367
2017-06-30,-9.26951421571471
2017-07-03,-9.26952285494842
2017-07-04,-9.269531537353664
2017-07-05,-9.26954014204028
2017-07-06,-9.26954881143824
2017-07-07,-9.269557459401613
2017-07-10,-9.269566127653615
2017-07-11,-9.26957480246432
2017-07-12,-9.269583425020937
2017-07-13,-9.269592008435467
2017-07-14,-9.269600648288272
2017-07-17,-9.269609295175576
2017-07-18,-9.269617456378889
2017-07-19,-9.269625656430321
2017-07-20,-9.269634022923546
2017-07-21,-9.26964246026445
2017-07-24,-9.269650898603556
2017-07-25,-9.269659425044217
2017-07-26,-9.269667894462964
2017-07-27,-9.269676344753847
2017-07-28,-9.269684856396283
2017-07-31,-9.269693384082478
2017-08-01,-9.269701993162483
2017-08-02,-9.269710631048573
2017-08-03,-9.269719197125985
2017-08-04,-9.26972777757205
2017-08-07,-9.269736323237366
2017-08-08,-9.269744931089605
2017-08-09,-9.269753568880624
2017-08-10,-9.26976226130419
2017-08-11,-9.269770932719897
2017-08-14,-9.2697793735975
2017-08-15,-9.269787992509473
2017-08-16,-9.269796631488719
2017-08-17,-9.269805269759026
2017-08-18,-9.269814004104889
2017-08-21,-9.26982273938698
2017-08-22,-9.26983155549683
2017-08-23,-9.269840329323182
2017-08-24,-9.269849043374661
2017-08-25,-9.269857655744024
2017-08-28,-9.269866344337245
2017-08-29,-9.269875147296311
2017-08-30,-9.269883916163616
2017-08-31,-9.269892735732514
2017-09-01,-9.269901553610708
2017-09-04,-9.269910425540255
2017-09-05,-9.269919362579563
2017-09-06,-9.269928289035354
2017-09-07,-9.26993726753144
2017-09-08,-9.26994619462569
2017-09-11,-9.26995511139797
2017-09-12,-9.26996408264605
2017-09-13,-9.269973050156153
2017-09-14,-9.269982056070386
2017-09-15,-9.269991059447309
2017-09-18,-9.270000028620675
2017-09-19,-9.270009082049349
2017-09-20,-9.270018085806885
2017-09-21,-9.2700271816166
2017-09-22,-9.270036179129576
2017-09-25,-9.270045129734532
2017-09-26,-9.270053942363557
2017-09-27,-9.27006278381424
2017-09-28,-9.270071704022923
2017-09-29,-9.270080584109971
2017-10-09,-9.270089503835601
2017-10-10,-9.270098556488822
2017-10-11,-9.270107683605305
2017-10-12,-9.270116803552527
2017-10-13,-9.27012591560061
2017-10-16,-9.270135078261047
2017-10-17,-9.270144086316312
2017-10-18,-9.27015311448298
2017-10-19,-9.270162101237345
2017-10-20,-9.27017096068105
2017-10-23,-9.270179893647876
2017-10-24,-9.270188884595878
2017-10-25,-9.2701978414982
2017-10-26,-9.270206874165146
2017-10-27,-9.270215960310601
2017-10-30,-9.270225006242628
2017-10-31,-9.270233839803822
2017-11-01,-9.270242724993576
2017-11-02,-9.270251602144958
2017-11-03,-9.270260416148002
2017-11-06,-9.270269125987307
2017-11-07,-9.270277943627889
2017-11-08,-9.270286823939216
2017-11-09,-9.270295713444446
2017-11-10,-9.27030463262434
