,NAV
2006-02-28,1.0
2006-03-01,1.00826936218641
2006-03-02,1.0079886320414464
2006-03-03,1.01965329581992
2006-03-06,1.011511284748576
2006-03-07,1.0175146954220655
2006-03-08,1.0282976488473612
2006-03-09,1.0378330408768657
2006-03-10,1.045531684141638
2006-03-13,1.0513141938332595
2006-03-14,1.0618392165142871
2006-03-15,1.0676500314365625
2006-03-16,1.0634179803397625
2006-03-17,1.060341325194849
2006-03-20,1.0624163435782763
2006-03-21,1.0724148103112383
2006-03-22,1.0806970324590819
2006-03-23,1.086536546060621
2006-03-24,1.0952497032623856
2006-03-27,1.1008584510221573
2006-03-28,1.1078350958254877
2006-03-29,1.1116789226642578
2006-03-30,1.1201632900205
2006-03-31,1.1355661127395953
2006-04-03,1.1405023911320782
2006-04-04,1.160557400778896
2006-04-05,1.178054191384276
2006-04-06,1.192662668564397
2006-04-07,1.1661775466940565
2006-04-10,1.1923004223085731
2006-04-11,1.2135277767126844
2006-04-12,1.2149664307649044
2006-04-13,1.2150234000770845
2006-04-14,1.226169646455264
2006-04-17,1.223129315853441
2006-04-18,1.2366084026311568
2006-04-19,1.2356785984464576
2006-04-20,1.2347494933802665
2006-04-21,1.2581047965656091
2006-04-24,1.262497037712088
2006-04-25,1.2714319690396316
2006-04-26,1.272537145148465
2006-04-27,1.2785091869626202
2006-04-28,1.2667354684603107
2006-05-08,1.2832943755360584
2006-05-09,1.2998232462398875
2006-05-10,1.3035002574485586
2006-05-11,1.3183121287312451
2006-05-12,1.3302929726862456
2006-05-15,1.3448002395413199
2006-05-16,1.3420318329635506
2006-05-17,1.3481402762052614
2006-05-18,1.3590812236170384
2006-05-19,1.3667986216690664
2006-05-22,1.3249505778937212
2006-05-23,1.3061585043775512
2006-05-24,1.2749608926590688
2006-05-25,1.2288776257349945
2006-05-26,1.2312474568168121
2006-05-29,1.235313684726406
2006-05-30,1.2549595984263942
2006-05-31,1.2675449412635502
2006-06-01,1.277284081215676
2006-06-02,1.2863696624060919
2006-06-05,1.305872284304096
2006-06-06,1.2972716920424465
2006-06-07,1.2929689644495583
2006-06-08,1.3072638709740545
2006-06-09,1.3134538627435086
2006-06-12,1.2989671240630873
2006-06-13,1.296917838378187
2006-06-14,1.2730470658868196
2006-06-15,1.2468091169509694
2006-06-16,1.2519759646665045
2006-06-19,1.2596843990146636
2006-06-20,1.2350802738720457
2006-06-21,1.2241047273929202
2006-06-22,1.222847283335728
2006-06-23,1.2248040548863324
2006-06-26,1.2139200810670077
2006-06-27,1.1941891643119344
2006-06-28,1.2213622992462576
2006-06-29,1.236695162299287
2006-06-30,1.2217041280452716
2006-07-03,1.2252038314455658
2006-07-04,1.2282277184490382
2006-07-05,1.2270287018241794
2006-07-06,1.213157529160294
2006-07-07,1.2220457125577389
2006-07-10,1.2225825173215503
2006-07-11,1.2248888686450699
2006-07-12,1.2401504286245084
2006-07-13,1.2649934813551729
2006-07-14,1.2631354330493059
2006-07-17,1.2753026801544276
2006-07-18,1.2835912303512738
2006-07-19,1.2916578985194493
2006-07-20,1.3020123384576054
2006-07-21,1.3084299917338533
2006-07-24,1.2851726817035218
2006-07-25,1.2998371814117102
2006-07-26,1.3076478682080435
2006-07-27,1.3169243152276442
2006-07-28,1.3174085177792774
2006-07-31,1.3102930170719034
2006-08-01,1.315572236946487
2006-08-02,1.3052787029306487
2006-08-03,1.306120906903381
2006-08-04,1.3186885978380698
2006-08-07,1.3185062044165548
2006-08-08,1.3187649046869172
2006-08-09,1.3136031127082273
2006-08-10,1.3353917624442122
2006-08-11,1.3425779630071963
2006-08-14,1.3522224248963306
2006-08-15,1.3613900641594139
2006-08-16,1.366210092698104
2006-08-17,1.3717503829461448
2006-08-18,1.3748280515848619
2006-08-21,1.3720236131294796
2006-08-22,1.3924088235857672
2006-08-23,1.3976704004862435
2006-08-24,1.4106147652633918
2006-08-25,1.4045218822838696
2006-08-28,1.41211432922539
2006-08-29,1.419073911609666
2006-08-30,1.4080327373039712
2006-08-31,1.4177767515840896
2006-09-01,1.3857157486450646
2006-09-04,1.3893318046273744
2006-09-05,1.3985722088268113
2006-09-06,1.4068472451137863
2006-09-07,1.4153445704407843
2006-09-08,1.414157936152115
2006-09-11,1.4048214250956992
2006-09-12,1.4106281342045082
2006-09-13,1.403914587824951
2006-09-14,1.4008926908281678
2006-09-15,1.3967997383338007
2006-09-18,1.3895327050627222
2006-09-19,1.3937106680665066
2006-09-20,1.402625456387285
2006-09-21,1.397826751115765
2006-09-22,1.4004380751643555
2006-09-25,1.3981941625324557
2006-09-26,1.3912324693064608
2006-09-27,1.3771644158676641
2006-09-28,1.3791121981801648
2006-09-29,1.3884008122866516
2006-10-09,1.3914365666848856
2006-10-10,1.3818717646669423
2006-10-11,1.3794134898101988
2006-10-12,1.3623370699693025
2006-10-13,1.3624206887298547
2006-10-16,1.3517411497419782
2006-10-17,1.3106795634013324
2006-10-18,1.3216937784312859
2006-10-19,1.322196305781586
2006-10-20,1.3375762570441758
2006-10-23,1.3593417554954745
2006-10-24,1.3415677992330235
2006-10-25,1.330523357649502
2006-10-26,1.3360782266562057
2006-10-27,1.3389812525910898
2006-10-30,1.338011463305577
2006-10-31,1.3191814466221123
2006-11-01,1.3125804988712122
2006-11-02,1.300706602719364
2006-11-03,1.3021785577326477
2006-11-06,1.3183408616179708
2006-11-07,1.3102754907259677
2006-11-08,1.313143865912661
2006-11-09,1.3265445872485582
2006-11-10,1.3325649386085898
2006-11-13,1.3284571966285814
2006-11-14,1.3093304340528715
2006-11-15,1.3167298942722243
2006-11-16,1.3161478545783212
2006-11-17,1.31461585669406
2006-11-20,1.3145698805960433
2006-11-21,1.3243856361188853
2006-11-22,1.3283222851847776
2006-11-23,1.3343908713252168
2006-11-24,1.3362538432901867
2006-11-27,1.3454929410553624
2006-11-28,1.3480083868533375
2006-11-29,1.3562661685958497
2006-11-30,1.3695077521233623
2006-12-01,1.377722702896864
2006-12-04,1.380617574731446
2006-12-05,1.3670341937524362
2006-12-06,1.377391204011347
2006-12-07,1.3777100308735597
2006-12-08,1.3744811743083518
2006-12-11,1.3857734357888445
2006-12-12,1.3921420766187442
2006-12-13,1.3998394692220915
2006-12-14,1.4086920419300886
2006-12-15,1.4139118228099639
2006-12-18,1.4248749860177663
2006-12-19,1.442491321220271
2006-12-20,1.445322242882097
2006-12-21,1.4625086743345783
2006-12-22,1.4738644606024156
2006-12-25,1.4788322517357309
2006-12-26,1.491727496426444
2006-12-27,1.4838073259948585
2006-12-28,1.4973448232419824
2006-12-29,1.5017235513007174
2007-01-04,1.5053590448336596
2007-01-05,1.5125569743385479
2007-01-08,1.5180871649914593
2007-01-09,1.5138841771583174
2007-01-10,1.5063512724895463
2007-01-11,1.5127659760670271
2007-01-12,1.4940348704707709
2007-01-15,1.4600503979436608
2007-01-16,1.4750474358911176
2007-01-17,1.4861907834348589
2007-01-18,1.4876224316071378
2007-01-19,1.4570231967927638
2007-01-22,1.4609728140444007
2007-01-23,1.4613344900594627
2007-01-24,1.4428633069491679
2007-01-25,1.4184293773309424
2007-01-26,1.4571180396988161
2007-01-29,1.458553816316293
2007-01-30,1.4555644331932687
2007-01-31,1.4639507133210246
2007-02-01,1.4618349492081242
2007-02-02,1.4727394008222823
2007-02-05,1.4813347243177968
2007-02-06,1.4771135862673694
2007-02-07,1.481514335899564
2007-02-08,1.470194126166857
2007-02-09,1.4497925958789328
2007-02-12,1.4481169216810272
2007-02-13,1.4595845817565265
2007-02-14,1.4602976313510014
2007-02-15,1.46718525798008
2007-02-16,1.4805998380532766
2007-02-26,1.4747978721357091
2007-02-27,1.4735937937098391
2007-02-28,1.4760699905780006
2007-03-01,1.4684708019707364
2007-03-02,1.4538053095933643
2007-03-05,1.4556222451810623
2007-03-06,1.4445035462569191
2007-03-07,1.4265848417493503
2007-03-08,1.4212376840906038
2007-03-09,1.3884089118306704
2007-03-12,1.3575668005223118
2007-03-13,1.368737662248823
2007-03-14,1.3817356823704778
2007-03-15,1.38630142430342
2007-03-16,1.3763628781611952
2007-03-19,1.3805319249764518
2007-03-20,1.3768832954844805
2007-03-21,1.35012479673397
2007-03-22,1.3616110017141685
2007-03-23,1.3383015983553814
2007-03-26,1.3064368842620049
2007-03-27,1.2849883015746109
2007-03-28,1.288041921040936
2007-03-29,1.3099957232709554
2007-03-30,1.317335524279127
2007-04-02,1.2982709208558143
2007-04-03,1.3039138622134958
2007-04-04,1.310742520975001
2007-04-05,1.297103519856953
2007-04-06,1.3004764297362152
2007-04-09,1.2897247702784542
2007-04-10,1.272149806458945
2007-04-11,1.2514074135564766
2007-04-12,1.2432807861734654
2007-04-13,1.2343389017320145
2007-04-16,1.249171218550332
2007-04-17,1.281121397337328
2007-04-18,1.2843441293357392
2007-04-19,1.2808910168193075
2007-04-20,1.2898101919851666
2007-04-23,1.3029619894912163
2007-04-24,1.3135716435235383
2007-04-25,1.3133971996441098
2007-04-26,1.2973401661199357
2007-04-27,1.3075636882147061
2007-04-30,1.3064463726712798
2007-05-03,1.3105171647320621
2007-05-04,1.3085159959873076
2007-05-08,1.314678858363395
2007-05-09,1.3124090023562252
2007-05-10,1.3089387208867502
2007-05-11,1.307575678715246
2007-05-14,1.2928746235937176
2007-05-15,1.2954818435336906
2007-05-16,1.2926764846432144
2007-05-17,1.2892346221697149
2007-05-18,1.2775410841589545
2007-05-21,1.2779509699911207
2007-05-22,1.2861521964466653
2007-05-23,1.2760435523521225
2007-05-24,1.2753144188319432
2007-05-25,1.276236313386585
2007-05-28,1.2747722253897635
2007-05-29,1.270619625190852
2007-05-30,1.2684607722834749
2007-05-31,1.2645850340367892
2007-06-01,1.2425752078270527
2007-06-04,1.2309475992236087
2007-06-05,1.2231892693044306
2007-06-06,1.209049339115674
2007-06-07,1.1995880970686759
2007-06-08,1.1833961188462994
2007-06-11,1.1909809523475132
2007-06-12,1.1694121702131417
2007-06-13,1.1681552619075113
2007-06-14,1.1614256344102358
2007-06-15,1.1657558324925124
2007-06-18,1.1792536067445254
2007-06-19,1.1805880626949576
2007-06-20,1.1629273782367762
2007-06-21,1.160494135622477
2007-06-22,1.1545031431935033
2007-06-25,1.1548790168589498
2007-06-26,1.162930690863422
2007-06-27,1.1619848032010884
2007-06-28,1.1742677865609243
2007-06-29,1.2138408702828165
2007-07-02,1.2242597986023256
2007-07-03,1.2174163529410957
2007-07-04,1.2158417688591805
2007-07-05,1.221040198523295
2007-07-06,1.208565592804734
2007-07-09,1.1885903862973164
2007-07-10,1.180998817645826
2007-07-11,1.1913899369891505
2007-07-12,1.2037969881235577
2007-07-13,1.20334379256939
2007-07-16,1.2019869518787891
2007-07-17,1.2092451776445439
2007-07-18,1.2054853272581336
2007-07-19,1.2090843302417875
2007-07-20,1.2052538906294736
2007-07-23,1.2029666763771734
2007-07-24,1.1923567873424679
2007-07-25,1.1932901918230154
2007-07-26,1.187855878154434
2007-07-27,1.1798489908170526
2007-07-30,1.1777018763862812
2007-07-31,1.1774941536939285
2007-08-01,1.1600342471547787
2007-08-02,1.1397506646789746
2007-08-03,1.1336354448283603
2007-08-06,1.1307145077552574
2007-08-07,1.1326563548569695
2007-08-08,1.132555132716691
2007-08-09,1.114991178065869
2007-08-10,1.1168420985111867
2007-08-13,1.135245626222237
2007-08-14,1.125179269258996
2007-08-15,1.1189907482367532
2007-08-16,1.118401091928745
2007-08-17,1.1037142558237896
2007-08-20,1.1006932948067063
2007-08-21,1.094886320654728
2007-08-22,1.1012050846687598
2007-08-23,1.0948670844453408
2007-08-24,1.0930935697426671
2007-08-27,1.0900775865685293
2007-08-28,1.0893591039624753
2007-08-29,1.0780223148112802
2007-08-30,1.0686549329541493
2007-08-31,1.068186710261859
2007-09-03,1.0685718676874993
2007-09-04,1.062093494078237
2007-09-05,1.0596670061521658
2007-09-06,1.0529099842267535
2007-09-07,1.0476748884531806
2007-09-10,1.0392977473610825
2007-09-11,1.0607595359008828
2007-09-12,1.069131735923865
2007-09-13,1.0546437546449754
2007-09-14,1.0577445702564956
2007-09-17,1.0637428433595635
2007-09-18,1.0649283980134672
2007-09-19,1.0554559451949044
2007-09-20,1.0537169429352555
2007-09-21,1.046169679710794
2007-09-24,1.0422336418306921
2007-09-25,1.0250231440433901
2007-09-26,1.0269311742701601
2007-09-27,1.0216278065179698
2007-09-28,1.0188760716559198
2007-10-08,1.005948932460764
2007-10-09,1.0057602589836694
2007-10-10,1.0097975878370333
2007-10-11,1.0081868027388952
2007-10-12,1.0043400192479135
2007-10-15,1.0049986560434323
2007-10-16,1.0016848989006235
2007-10-17,0.9881852243292615
2007-10-18,0.9901848985111009
2007-10-19,0.9795316144472894
2007-10-22,0.978531714265396
2007-10-23,0.9730308233372273
2007-10-24,0.9681453168654629
2007-10-25,0.9636013545495765
2007-10-26,0.9703978286614978
2007-10-29,0.964157713607402
2007-10-30,0.9670469755132751
2007-10-31,0.9840437290627381
2007-11-01,0.981965381923113
2007-11-02,0.9878260881326462
2007-11-05,0.9993730795379933
2007-11-06,1.0115276493156509
2007-11-07,1.023799888723016
2007-11-08,1.0048212356230306
2007-11-09,1.0264687147132168
2007-11-12,0.9754759006095631
2007-11-13,0.9861515772942162
2007-11-14,0.9756678603037887
2007-11-15,0.9732233873836904
2007-11-16,0.9740894455729644
2007-11-19,0.9768540202192296
2007-11-20,0.972504010432303
2007-11-21,0.9793767650033397
2007-11-22,0.9837336480366669
2007-11-23,0.9958363334625076
2007-11-26,0.9964649358889857
2007-11-27,1.0016460221227192
2007-11-28,1.0170079267180554
2007-11-29,1.0115881556842006
2007-11-30,1.0228679454487117
2007-12-03,1.0183046470114303
2007-12-04,1.0054054597767625
2007-12-05,1.0056594274464452
2007-12-06,1.0098434562708734
2007-12-07,1.0142097188501382
2007-12-10,1.019690656381958
2007-12-11,1.0221684507380941
2007-12-12,1.0208715797619392
2007-12-13,1.0004940358409784
2007-12-14,0.9909961290690882
2007-12-17,0.9892404467222352
2007-12-18,0.9889485659482586
2007-12-19,0.9843927307031368
2007-12-20,0.9803281796498912
2007-12-21,0.9728424994228723
2007-12-24,0.9825326052826963
2007-12-25,0.9909015909690112
2007-12-26,0.9939713752996209
2007-12-27,0.9849393224518544
2007-12-28,0.9915179777106455
2008-01-02,0.9941369722908895
2008-01-03,0.9865690180911701
2008-01-04,0.9981239850188233
2008-01-07,0.9990518460018093
2008-01-08,1.0047547175511637
2008-01-09,1.0048975661161914
2008-01-10,1.0107896515229313
2008-01-11,1.0121342610397142
2008-01-14,1.020857407444165
2008-01-15,1.02221709999088
2008-01-16,1.0341001534025425
2008-01-17,1.042953427646447
2008-01-18,1.0530630931199887
2008-01-21,1.0532070095280686
2008-01-22,1.0705034084149458
2008-01-23,1.0840156365809144
2008-01-24,1.0945886349195657
2008-01-25,1.0982063439948575
2008-01-28,1.1028784785882957
2008-01-29,1.1170486620562945
2008-01-30,1.12659093660892
2008-01-31,1.1148388612962503
2008-02-01,1.0985215881120822
2008-02-04,1.1028502258436748
2008-02-05,1.110968762277562
2008-02-13,1.1233319626769847
2008-02-14,1.109343850486335
2008-02-15,1.109211195657211
2008-02-18,1.0815565596467087
2008-02-19,1.0621506166187864
2008-02-20,1.0682875086211372
2008-02-21,1.0684084310475341
2008-02-22,1.0914858523998863
2008-02-25,1.0949921571232675
2008-02-26,1.0920984806190457
2008-02-27,1.076838228130273
2008-02-28,1.0857776382341706
2008-02-29,1.0851553383915415
2008-03-03,1.086315463396986
2008-03-04,1.0850041799262649
2008-03-05,1.0901458580670655
2008-03-06,1.101487182035497
2008-03-07,1.1031496128457066
2008-03-10,1.1094861180057551
2008-03-11,1.110051632035535
2008-03-12,1.1159085801577642
2008-03-13,1.11850582861245
2008-03-14,1.1149777531094711
2008-03-17,1.1234934119306472
2008-03-18,1.1284354863009374
2008-03-19,1.1296535417916138
2008-03-20,1.1309384356102985
2008-03-21,1.1358409645370209
2008-03-24,1.1350271125818319
2008-03-25,1.131357304015164
2008-03-26,1.1362813440215656
2008-03-27,1.1297853550899029
2008-03-28,1.1363672339987054
2008-03-31,1.1459380182506738
2008-04-01,1.1511568407943435
2008-04-02,1.1571734529055817
2008-04-03,1.1613972182542276
2008-04-07,1.1625426978891698
2008-04-08,1.1663552488572806
2008-04-09,1.1744310056632565
2008-04-10,1.1711681386890136
2008-04-11,1.1550600017205122
2008-04-14,1.154460094656696
2008-04-15,1.1510306787397555
2008-04-16,1.138077450455714
2008-04-17,1.1398654287450016
2008-04-18,1.1475875946571539
2008-04-21,1.1485714408352956
2008-04-22,1.1578770918585026
2008-04-23,1.1617717438527724
2008-04-24,1.1668608970351568
2008-04-25,1.1652551687287376
2008-04-28,1.1672736239498016
2008-04-29,1.1560220181623957
2008-04-30,1.1630106005880023
2008-05-05,1.1660897248951114
2008-05-06,1.165899178156893
2008-05-07,1.1691557535723471
2008-05-08,1.1739547584789574
2008-05-09,1.173242013786024
2008-05-12,1.1681452193442061
2008-05-13,1.1596112871296687
2008-05-14,1.1584023171470257
2008-05-15,1.152962056447044
2008-05-16,1.1506318069795751
2008-05-19,1.1483657178577227
2008-05-20,1.1583938456335185
2008-05-21,1.1588389700832051
2008-05-22,1.162016194116887
2008-05-23,1.1624250469047495
2008-05-26,1.189421169040806
2008-05-27,1.1899720508119898
2008-05-28,1.194300326685898
2008-05-29,1.1999918080369993
2008-05-30,1.1970415354598911
2008-06-02,1.1878171757248916
2008-06-03,1.1919590704626597
2008-06-04,1.1912921195449775
2008-06-05,1.1995002190032664
2008-06-06,1.2020018352936672
2008-06-10,1.2046515815112626
2008-06-11,1.2025671829332982
2008-06-12,1.2028398801823355
2008-06-13,1.2072665399038793
2008-06-16,1.2058737771114751
2008-06-17,1.207371001382439
2008-06-18,1.2103699913063433
2008-06-19,1.20719161267569
2008-06-20,1.2106232813202176
2008-06-23,1.2143647680904992
2008-06-24,1.2172250281963692
2008-06-25,1.2220182309261032
2008-06-26,1.2241591871888056
2008-06-27,1.2258595717523415
2008-06-30,1.2321768466644476
2008-07-01,1.232797136523015
2008-07-02,1.2356568126619571
2008-07-03,1.2418221343302194
2008-07-04,1.244703435221867
2008-07-07,1.2414315910544103
2008-07-08,1.2422279304811892
2008-07-09,1.2498877983453742
2008-07-10,1.2354075812888772
2008-07-11,1.2385559670381603
2008-07-14,1.242332102999006
2008-07-15,1.2394708018939262
2008-07-16,1.2433295727417768
2008-07-17,1.2434991607506525
2008-07-18,1.2171848709602122
2008-07-21,1.2158666009246402
2008-07-22,1.2283916195223226
2008-07-23,1.2362276676533077
2008-07-24,1.2394310469639773
2008-07-25,1.2410332644608095
2008-07-28,1.2354744023935658
2008-07-29,1.2235319488521512
2008-07-30,1.2256435263076015
2008-07-31,1.228385251605264
2008-08-01,1.20843524096248
2008-08-04,1.2070041366883637
2008-08-05,1.1869577336710684
2008-08-06,1.1610825485833856
2008-08-07,1.1645375442329227
2008-08-08,1.1521548660709826
2008-08-11,1.1641780857172632
2008-08-12,1.1716101274236934
2008-08-13,1.1790122944361376
2008-08-14,1.1744047870985943
2008-08-15,1.183939972069339
2008-08-18,1.1873808814435567
2008-08-19,1.178684343734398
2008-08-20,1.1590213790196142
2008-08-21,1.1529006338380225
2008-08-22,1.1539563942305127
2008-08-25,1.1717228806315458
2008-08-26,1.1780691142421074
2008-08-27,1.1829371652462457
2008-08-28,1.1880686202793147
2008-08-29,1.189092716618655
2008-09-01,1.1852790253581669
2008-09-02,1.205343583757831
2008-09-03,1.215806337488564
2008-09-04,1.2172567315225367
2008-09-05,1.2146631424889207
2008-09-08,1.2213897161412428
2008-09-09,1.2106854316079858
2008-09-10,1.2142782594183825
2008-09-11,1.205269228091055
2008-09-12,1.195012737388341
2008-09-16,1.1903573561108542
2008-09-17,1.1872167804297933
2008-09-18,1.1786072342521245
2008-09-19,1.1710326383154495
2008-09-22,1.173237690091832
2008-09-23,1.1830405261726935
2008-09-24,1.1833855439144796
2008-09-25,1.186052292066658
2008-09-26,1.1872543726303029
2008-10-06,1.1863716011348011
2008-10-07,1.1857275481096565
2008-10-08,1.1952658206289848
2008-10-09,1.2001720075910487
2008-10-10,1.195876895956031
2008-10-13,1.194344392070618
2008-10-14,1.199249750410191
2008-10-15,1.1999393284146798
2008-10-16,1.1941370077403575
2008-10-17,1.2064687130052227
2008-10-20,1.1982243207753864
2008-10-21,1.2019289683767251
2008-10-22,1.2116804897561615
2008-10-23,1.2176989272818333
2008-10-24,1.2191866820418853
2008-10-27,1.220791823247343
2008-10-28,1.2205983293990523
2008-10-29,1.2228166800335576
2008-10-30,1.2229766003585054
2008-10-31,1.2241089878664027
2008-11-03,1.2261793607143963
2008-11-04,1.2463485078764152
2008-11-05,1.2545941376185972
2008-11-06,1.2559066281507711
2008-11-07,1.2576744440706658
2008-11-10,1.2634434775638124
2008-11-11,1.2647365080527684
2008-11-12,1.271751275682851
2008-11-13,1.2490700189906934
2008-11-14,1.2618792334129587
2008-11-17,1.2429794109795649
2008-11-18,1.2299647263284916
2008-11-19,1.2461068381342424
2008-11-20,1.2567686854337414
2008-11-21,1.261461885458543
2008-11-24,1.2609360230363769
2008-11-25,1.250440767044962
2008-11-26,1.2568567448917292
2008-11-27,1.2552137312225577
2008-11-28,1.2455458794185896
2008-12-01,1.2476463184431341
2008-12-02,1.2465180402347937
2008-12-03,1.2445896003156451
2008-12-04,1.2438432018053622
2008-12-05,1.2409220356586732
2008-12-08,1.2255989519096826
2008-12-09,1.209522853770191
2008-12-10,1.2124150184679416
2008-12-11,1.2008529128491252
2008-12-12,1.2063626636044629
2008-12-15,1.217470169957401
2008-12-16,1.2188154216799565
2008-12-17,1.2233975707117046
2008-12-18,1.2241106012439564
2008-12-19,1.2234943485446108
2008-12-22,1.2254547969206533
2008-12-23,1.2239194870054846
2008-12-24,1.2267214090059706
2008-12-25,1.2237322722133759
2008-12-26,1.213073971095289
2008-12-29,1.2155730507033797
2008-12-30,1.2157756588989173
2008-12-31,1.222334276700917
2009-01-05,1.2171741223547539
2009-01-06,1.2241324862155087
2009-01-07,1.227313262361621
2009-01-08,1.2328586825517853
2009-01-09,1.2328031155181831
2009-01-12,1.221058934944568
2009-01-13,1.2215373566934578
2009-01-14,1.2092639223787482
2009-01-15,1.2018077298933183
2009-01-16,1.1849773724680077
2009-01-19,1.1793304744213902
2009-01-20,1.1836421042146263
2009-01-21,1.1846530530867856
2009-01-22,1.1812676590211009
2009-01-23,1.178549525188579
2009-02-02,1.183475600833235
2009-02-03,1.1856128718372594
2009-02-04,1.1758362484942673
2009-02-05,1.1740329108568976
2009-02-06,1.173983338610534
2009-02-09,1.1788396198805027
2009-02-10,1.1768143704859924
2009-02-11,1.1907063957027275
2009-02-12,1.1917668345482082
2009-02-13,1.1925130851141583
2009-02-16,1.2034883504245166
2009-02-17,1.2116020657276578
2009-02-18,1.2116000548669352
2009-02-19,1.2166670113489484
2009-02-20,1.2165382769343007
2009-02-23,1.221847895720104
2009-02-24,1.204935380577089
2009-02-25,1.204671499848276
2009-02-26,1.2077964806641925
2009-02-27,1.2078806060752396
2009-03-02,1.202467212726681
2009-03-03,1.2005723016430785
2009-03-04,1.1929858847489094
2009-03-05,1.1887877081217746
2009-03-06,1.1903069065441523
2009-03-09,1.198686931350139
2009-03-10,1.2061981366920882
2009-03-11,1.2183121984951115
2009-03-12,1.219110347766083
2009-03-13,1.2241415701745693
2009-03-16,1.2324825842258322
2009-03-17,1.233117019008455
2009-03-18,1.2367547364650864
2009-03-19,1.2389506029297108
2009-03-20,1.238857738891181
2009-03-23,1.2386474677456558
2009-03-24,1.243688042826966
2009-03-25,1.2452170531756521
2009-03-26,1.2480029349898132
2009-03-27,1.2478522113475625
2009-03-30,1.2458068367382702
2009-03-31,1.2515579992124164
2009-04-01,1.254349745054893
2009-04-02,1.250239736833418
2009-04-03,1.2529726865690383
2009-04-07,1.2472564683481442
2009-04-08,1.2457884689058134
2009-04-09,1.2223838843432417
2009-04-10,1.2260247452514432
2009-04-13,1.2380926889556545
2009-04-14,1.236533572529075
2009-04-15,1.2310883214084698
2009-04-16,1.2286812119342192
2009-04-17,1.2177031039039805
2009-04-20,1.214616436881604
2009-04-21,1.200374213272979
2009-04-22,1.1883874386290667
2009-04-23,1.184197710890244
2009-04-24,1.198720651852666
2009-04-27,1.182321451283696
2009-04-28,1.171925242982765
2009-04-29,1.1675878464615472
2009-04-30,1.1562052031771386
2009-05-04,1.1482685077312214
2009-05-05,1.160485197596506
2009-05-06,1.1638362258936017
2009-05-07,1.1363383184948994
2009-05-08,1.1366565432038558
2009-05-11,1.1340887973274913
2009-05-12,1.1271848803473392
2009-05-13,1.129993887856532
2009-05-14,1.14179131765195
2009-05-15,1.1355443256312383
2009-05-18,1.1357229241077822
2009-05-19,1.143390452680654
2009-05-20,1.1441786780653587
2009-05-21,1.1292433392059005
2009-05-22,1.1219182222119992
2009-05-25,1.1243448522809127
2009-05-26,1.1219022996969379
2009-05-27,1.1237371864297825
2009-06-01,1.119653810715863
2009-06-02,1.1217088347363366
2009-06-03,1.1275090570098545
2009-06-04,1.1265995925532548
2009-06-05,1.1255928740625647
2009-06-08,1.1252069893561172
2009-06-09,1.1206511995310269
2009-06-10,1.1095883763755896
2009-06-11,1.116414085188974
2009-06-12,1.1175656995861554
2009-06-15,1.1152017150713123
2009-06-16,1.1150742514008778
2009-06-17,1.1098873874095951
2009-06-18,1.1046011546128873
2009-06-19,1.0875429138668908
2009-06-22,1.080765226116291
2009-06-23,1.074116350079645
2009-06-24,1.0718862117954941
2009-06-25,1.0673364163042978
2009-06-26,1.0745755315056997
2009-06-29,1.0776373516309143
2009-06-30,1.0755318853502562
2009-07-01,1.084260142554261
2009-07-02,1.0866898899700346
2009-07-03,1.0806625501291365
2009-07-06,1.083229713852528
2009-07-07,1.076199998949524
2009-07-08,1.0771834984981614
2009-07-09,1.0823492587907058
2009-07-10,1.0893222214542195
2009-07-13,1.0899696512351071
2009-07-14,1.0920117982515014
2009-07-15,1.0918252746228776
2009-07-16,1.094121179202127
2009-07-17,1.093055022046126
2009-07-20,1.0980771938116487
2009-07-21,1.0987476368768194
2009-07-22,1.097078992522745
2009-07-23,1.1008899540674102
2009-07-24,1.0948062093265825
2009-07-27,1.096016648648368
2009-07-28,1.0968255075431836
2009-07-29,1.1027427608723481
2009-07-30,1.1064392205622078
2009-07-31,1.0936565022402776
2009-08-03,1.096648388368938
2009-08-04,1.0913584380693473
2009-08-05,1.0966365899157016
2009-08-06,1.1034396971012406
2009-08-07,1.105702027182389
2009-08-10,1.104664167582506
2009-08-11,1.104393408130235
2009-08-12,1.0960305561809407
2009-08-13,1.098117741805336
2009-08-14,1.1024357197435584
2009-08-17,1.0944082552479737
2009-08-18,1.0974573658425446
2009-08-19,1.098689813397792
2009-08-20,1.1069294512826007
2009-08-21,1.1080683357623822
2009-08-24,1.1014915891574986
2009-08-25,1.1055425785259616
2009-08-26,1.10545747011634
2009-08-27,1.1059210789825213
2009-08-28,1.1061051885276931
2009-08-31,1.1065535537378353
2009-09-01,1.099882999124617
2009-09-02,1.103784377062375
2009-09-03,1.1087036457953583
2009-09-04,1.109005217865398
2009-09-07,1.1025275772500993
2009-09-08,1.0907160199737125
2009-09-09,1.0904871573932344
2009-09-10,1.0948260157669274
2009-09-11,1.0961102937661713
2009-09-14,1.105381528413166
2009-09-15,1.1026265837530367
2009-09-16,1.096712735035036
2009-09-17,1.103909574677163
2009-09-18,1.1136788422638502
2009-09-21,1.118560200748732
2009-09-22,1.1182940861599602
2009-09-23,1.117722101685856
2009-09-24,1.110356255121764
2009-09-25,1.1112553191896222
2009-09-28,1.1077225518645897
2009-09-29,1.1173054648661058
2009-09-30,1.1151982614029683
2009-10-09,1.1148322028918018
2009-10-12,1.1157616090019242
2009-10-13,1.1259694048978939
2009-10-14,1.1257318464821733
2009-10-15,1.1209719729901977
2009-10-16,1.1192089471545723
2009-10-19,1.1195964799556943
2009-10-20,1.1271926660411138
2009-10-21,1.1260554707539847
2009-10-22,1.1191661003038853
2009-10-23,1.1281121354702808
2009-10-26,1.1338174125225613
2009-10-27,1.1422304289159966
2009-10-28,1.1442525564474555
2009-10-29,1.1441623529770883
2009-10-30,1.140364995625895
2009-11-02,1.1162725083996357
2009-11-03,1.124547419231587
2009-11-04,1.1118021297606668
2009-11-05,1.1002175698828423
2009-11-06,1.102338605789803
2009-11-09,1.1079103427583177
2009-11-10,1.1098692931650074
2009-11-11,1.1003990286149046
2009-11-12,1.108714012183103
2009-11-13,1.1140931720696805
2009-11-16,1.1106385926656446
2009-11-17,1.110485928895593
2009-11-18,1.100625692852338
2009-11-19,1.1017422473530174
2009-11-20,1.1029105483839563
2009-11-23,1.1017941502004538
2009-11-24,1.0981397701482205
2009-11-25,1.101470589717597
2009-11-26,1.0975815764330892
2009-11-27,1.0888730153225497
2009-11-30,1.092538745600013
2009-12-01,1.1044602702533401
2009-12-02,1.1058720077707136
2009-12-03,1.103843299951254
2009-12-04,1.102629309304898
2009-12-07,1.1024959270182633
2009-12-08,1.0966583024096588
2009-12-09,1.0999934612550537
2009-12-10,1.097106518289155
2009-12-11,1.0924614625000901
2009-12-14,1.0882131687447307
2009-12-15,1.07960319563734
2009-12-16,1.0687884997246089
2009-12-17,1.0730258541964355
2009-12-18,1.0723151625312464
2009-12-21,1.0787610769702378
2009-12-22,1.0836850813442298
2009-12-23,1.0840015482139296
2009-12-24,1.0835775585704235
2009-12-25,1.0829543185312558
2009-12-28,1.0746078823635286
2009-12-29,1.0732566751303207
2009-12-30,1.0765913805271587
2009-12-31,1.0750986719685738
2010-01-04,1.0679367150543655
2010-01-05,1.0529566797829482
2010-01-06,1.0537543224617072
2010-01-07,1.0609909402682915
2010-01-08,1.047489183013025
2010-01-11,1.0495992015592424
2010-01-12,1.0425113634768377
2010-01-13,1.036262311704963
2010-01-14,1.0402811974864066
2010-01-15,1.0436698493428824
2010-01-18,1.0455550249929253
2010-01-19,1.04904457981577
2010-01-20,1.048931241753902
2010-01-21,1.0471079322515264
2010-01-22,1.0547295580937983
2010-01-25,1.056833291327251
2010-01-26,1.063074814515113
2010-01-27,1.0617171331549
2010-01-28,1.0670165342296944
2010-01-29,1.0671604844028888
2010-02-01,1.0633706348787808
2010-02-02,1.0707426188615283
2010-02-03,1.0577381374666806
2010-02-04,1.0601478902140953
2010-02-05,1.061626664831505
2010-02-08,1.0608063769882898
2010-02-09,1.0642612888633827
2010-02-10,1.0664612938771156
2010-02-11,1.0659078224784155
2010-02-12,1.0606207066792528
2010-02-22,1.0637878463646677
2010-02-23,1.0670530313876783
2010-02-24,1.0670833237856048
2010-02-25,1.066126519870362
2010-02-26,1.0617324783428426
2010-03-01,1.0577555109424503
2010-03-02,1.0604188420905698
2010-03-03,1.053471831041701
2010-03-04,1.057129445324457
2010-03-05,1.0513376165093897
2010-03-08,1.05241668936193
2010-03-09,1.0494496621442524
2010-03-10,1.0493386656772266
2010-03-11,1.0533612234380358
2010-03-12,1.0530289639714128
2010-03-15,1.0556536430868357
2010-03-16,1.0552526295386926
2010-03-17,1.0502729542323372
2010-03-18,1.0468876362019186
2010-03-19,1.0415102527264488
2010-03-22,1.043990418151497
2010-03-23,1.0436541067255625
2010-03-24,1.0450665582207221
2010-03-25,1.0483290907417144
2010-03-26,1.045410702999184
2010-03-29,1.0469385348460332
2010-03-30,1.0505606803117147
2010-03-31,1.0501536152600521
2010-04-01,1.0497567157617158
2010-04-02,1.0520274540036976
2010-04-06,1.0471426999531503
2010-04-07,1.0477895375670583
2010-04-08,1.0491718758930362
2010-04-09,1.0465441782127634
2010-04-12,1.0392180889731903
2010-04-13,1.0334273902393902
2010-04-14,1.0309595980184094
2010-04-15,1.0215741863238594
2010-04-16,1.0264188531584948
2010-04-19,1.029196564045483
2010-04-20,1.0248052429477539
2010-04-21,1.0255287143547704
2010-04-22,1.0263876356991144
2010-04-23,1.0284299532055778
2010-04-26,1.0296031493414322
2010-04-27,1.0284716785660555
2010-04-28,1.0240043915224486
2010-04-29,1.0259943104038776
2010-04-30,1.0228776091993244
2010-05-04,1.01900106693348
2010-05-05,1.020696716231414
2010-05-06,1.0178000596235606
2010-05-07,1.0158530338418974
2010-05-10,1.0021990067399222
2010-05-11,1.0009233247928577
2010-05-12,0.9973433436044267
2010-05-13,0.9935710932512521
2010-05-14,0.9843276372168491
2010-05-17,0.9767550903792769
2010-05-18,0.9828466478844362
2010-05-19,0.9844602712513257
2010-05-20,0.977723979937779
2010-05-21,0.9819012478295327
2010-05-24,0.9833942253278194
2010-05-25,0.9838456977421683
2010-05-26,0.9736000633509759
2010-05-27,0.9733950626319215
2010-05-28,0.9698153416401727
2010-05-31,0.9712053670969056
2010-06-01,0.9679178721148614
2010-06-02,0.962538670899791
2010-06-03,0.9557898904725914
2010-06-04,0.9513563160261308
2010-06-07,0.9539403791310433
2010-06-08,0.9526679502856412
2010-06-09,0.9561926516330365
2010-06-10,0.9616058346293381
2010-06-11,0.9636028112806996
2010-06-15,0.9625493752420645
2010-06-17,0.9562909315497159
2010-06-18,0.960188936183222
2010-06-21,0.9608976631971622
2010-06-22,0.9694717236698782
2010-06-23,0.9695762766550324
2010-06-24,0.9689167849946386
2010-06-25,0.967823593965267
2010-06-28,0.9700847103977206
2010-06-29,0.9718345959206421
2010-06-30,0.9656473634726569
2010-07-01,0.9705532195573982
2010-07-02,0.9720710680651884
2010-07-05,0.9730543958779427
2010-07-06,0.9725603148544022
2010-07-07,0.9685118197382188
2010-07-08,0.9676303580169049
2010-07-09,0.962994209248655
2010-07-12,0.9637123226455573
2010-07-13,0.9567844883510537
2010-07-14,0.9576975527596764
2010-07-15,0.9606979744532895
2010-07-16,0.9576825188070713
2010-07-19,0.9555408363521903
2010-07-20,0.9556600195811998
2010-07-21,0.9511886644174067
2010-07-22,0.9504943620487436
2010-07-23,0.9505599895669867
2010-07-26,0.9395530520860647
2010-07-27,0.9184780940109389
2010-07-28,0.9175289751115399
2010-07-29,0.9209903507469255
2010-07-30,0.9266561747230478
2010-08-02,0.9295900018325539
2010-08-03,0.9335076678178207
2010-08-04,0.929813732345389
2010-08-05,0.9289855235529818
2010-08-06,0.9441198601193543
2010-08-09,0.9362625387125384
2010-08-10,0.9297555879882637
2010-08-11,0.9351406617001219
2010-08-12,0.9337524883342272
2010-08-13,0.9403414571992584
2010-08-16,0.9406557012351932
2010-08-17,0.9500095637181729
2010-08-18,0.9476740387286319
2010-08-19,0.946531972410917
2010-08-20,0.9451473708839744
2010-08-23,0.9406714684415207
2010-08-24,0.9336844412891164
2010-08-25,0.9306091035358128
2010-08-26,0.9372806971651835
2010-08-27,0.9483207036310151
2010-08-30,0.9434714470256187
2010-08-31,0.9346151005277071
2010-09-01,0.9386425213458875
2010-09-02,0.9378189374141037
2010-09-03,0.9392041981784294
2010-09-06,0.9299936940143826
2010-09-07,0.9313329115039398
2010-09-08,0.9418948978811519
2010-09-09,0.9310792072257552
2010-09-10,0.9268697779306145
2010-09-13,0.9189273681628998
2010-09-14,0.9196876466357942
2010-09-15,0.9128861118172498
2010-09-16,0.9039306839487672
2010-09-17,0.9040026709586093
2010-09-20,0.9025421974702872
2010-09-21,0.9049346582085602
2010-09-27,0.9168008225548397
2010-09-28,0.9200570528083417
2010-09-29,0.9172877243190346
2010-09-30,0.9169798179813177
2010-10-08,0.9040065588683739
2010-10-11,0.9145677384442662
2010-10-12,0.9020454374865156
2010-10-13,0.8935327637255058
2010-10-14,0.8943109815832959
2010-10-15,0.9002948353545877
2010-10-18,0.9036207789240376
2010-10-19,0.9027852548915403
2010-10-20,0.9099428265441716
2010-10-21,0.9103309984429877
2010-10-22,0.9102492333143196
2010-10-25,0.9153939120535979
2010-10-26,0.9166428236023231
2010-10-27,0.9188092989392823
2010-10-28,0.9165417555589549
2010-10-29,0.9132572071151475
2010-11-01,0.9163788291988522
2010-11-02,0.9160912183300445
2010-11-03,0.9158331952298088
2010-11-04,0.9231586578662989
2010-11-05,0.9256334168722963
2010-11-08,0.9164645816459751
2010-11-09,0.9081484245696803
2010-11-10,0.8997015783310578
2010-11-11,0.8946523003419272
2010-11-12,0.8910476229602651
2010-11-15,0.8885869486944415
2010-11-16,0.8870712053516128
2010-11-17,0.8838126868215702
2010-11-18,0.8828191693962756
2010-11-19,0.8866275383654695
2010-11-22,0.8715441289994063
2010-11-23,0.8776787672738049
2010-11-24,0.875189730045687
2010-11-25,0.8658041378141905
2010-11-26,0.8641079934900876
2010-11-29,0.8638204700261813
2010-11-30,0.86206254065804
2010-12-01,0.8554634526625158
2010-12-02,0.8475116519503435
2010-12-03,0.832220348029735
2010-12-06,0.8238335287748293
2010-12-07,0.8123499241598185
2010-12-08,0.8185542579159164
2010-12-09,0.8161981150625462
2010-12-10,0.8146103953853326
2010-12-13,0.8073684039746083
2010-12-14,0.8006787851648558
2010-12-15,0.8018484503465887
2010-12-16,0.7992730341775637
2010-12-17,0.7909867713393234
2010-12-20,0.7884958082156646
2010-12-21,0.788127022303385
2010-12-22,0.7928209771805281
2010-12-23,0.78374900521151
2010-12-24,0.7715081713853851
2010-12-27,0.7737552801068752
2010-12-28,0.7914020930338068
2010-12-29,0.8097063411509161
2010-12-30,0.8083502397107254
2010-12-31,0.8065655381992062
2011-01-04,0.7959563009483885
2011-01-05,0.7866979051773763
2011-01-06,0.8009843249511658
2011-01-07,0.7935016879366389
2011-01-10,0.7957612839139794
2011-01-11,0.7982976306537206
2011-01-12,0.794997481160262
2011-01-13,0.7945077976778402
2011-01-14,0.7923676094998974
2011-01-17,0.7962959332201971
2011-01-18,0.8011844227055758
2011-01-19,0.8041536042779892
2011-01-20,0.7962088976551637
2011-01-21,0.8040160808208305
2011-01-24,0.8046790856044951
2011-01-25,0.8055108325844208
2011-01-26,0.8068576557994068
2011-01-27,0.8066742615637057
2011-01-28,0.8114926168669185
2011-01-31,0.8100786030680124
2011-02-01,0.808035593121804
2011-02-09,0.807225661994617
2011-02-10,0.8099839026593916
2011-02-11,0.8149836848323373
2011-02-14,0.8147630621293386
2011-02-15,0.8193413348700798
2011-02-16,0.8204436014723447
2011-02-17,0.8191760710023978
2011-02-18,0.8140633377063711
2011-02-21,0.8140254137470837
2011-02-22,0.8188932122993613
2011-02-23,0.8179386763231941
2011-02-24,0.813938261077732
2011-02-25,0.8113661672820103
2011-02-28,0.8147199287812098
2011-03-01,0.8181830260598456
2011-03-02,0.819197097359847
2011-03-03,0.8213567160150441
2011-03-04,0.8071713164164088
2011-03-07,0.8032066861337461
2011-03-08,0.8102961613764613
2011-03-09,0.8123305133681427
2011-03-10,0.8041703353746192
2011-03-11,0.8024030053111402
2011-03-14,0.8005955273718462
2011-03-15,0.7929323286027246
2011-03-16,0.7909779376196809
2011-03-17,0.7898274364254874
2011-03-18,0.77443170371294
2011-03-21,0.7669064984044432
2011-03-22,0.7657692584525905
2011-03-23,0.7737321943582415
2011-03-24,0.7747537788541085
2011-03-25,0.7725579120002963
2011-03-28,0.7752533426129381
2011-03-29,0.7757198311587892
2011-03-30,0.7809371574926954
2011-03-31,0.7828444268086784
2011-04-01,0.7841062287198896
2011-04-06,0.779524969784452
2011-04-07,0.7855008850836064
2011-04-08,0.7837518925504111
2011-04-11,0.7864051223619072
2011-04-12,0.7822618441590253
2011-04-13,0.7781013006663259
2011-04-14,0.7823071425293285
2011-04-15,0.7801458733829127
2011-04-18,0.777173705239236
2011-04-19,0.7795054561077538
2011-04-20,0.7783705165189743
2011-04-21,0.7808920463843896
2011-04-22,0.782929522010271
2011-04-25,0.7826382385037977
2011-04-26,0.7761552461144156
2011-04-27,0.7767781592392635
2011-04-28,0.7741319562124237
2011-04-29,0.7725029871997996
2011-05-03,0.7710813393202618
2011-05-04,0.7667987885942572
2011-05-05,0.7696359477312326
2011-05-06,0.7648981033197203
2011-05-09,0.7623679326184535
2011-05-10,0.7649474687494537
2011-05-11,0.7626918932153403
2011-05-12,0.7586094846782121
2011-05-13,0.7548323280830648
2011-05-16,0.7572068021058961
2011-05-17,0.7607938120358256
2011-05-18,0.7601298702551701
2011-05-19,0.7586679941765978
2011-05-20,0.7579191938963472
2011-05-23,0.7493630444951244
2011-05-24,0.7495827465035991
2011-05-25,0.7479362532045422
2011-05-26,0.7462220876156666
2011-05-27,0.7448632506034966
2011-05-30,0.7475198204520853
2011-05-31,0.7447530715586566
2011-06-01,0.7495085171036834
2011-06-02,0.7480964339925904
2011-06-03,0.751894631721241
2011-06-07,0.7540896261282679
2011-06-08,0.7508121850981221
2011-06-09,0.7487170559917673
2011-06-10,0.743819335462226
2011-06-13,0.7349492272301326
2011-06-14,0.733263671163235
2011-06-15,0.7312508583121785
2011-06-16,0.726897675874166
2011-06-17,0.7294060770601268
2011-06-20,0.7299403133221357
2011-06-21,0.7249344048558011
2011-06-22,0.7220568336882598
2011-06-23,0.7150241044380586
2011-06-24,0.7195057523625835
2011-06-27,0.7125208692459669
2011-06-28,0.7092012089608937
2011-06-29,0.7103806958267495
2011-06-30,0.7124357427237759
2011-07-01,0.711817033028455
2011-07-04,0.7002287727244066
2011-07-05,0.7012653626391271
2011-07-06,0.7029474239986124
2011-07-07,0.7060769059109379
2011-07-08,0.7041160400111396
2011-07-11,0.6988872191088006
2011-07-12,0.7001343773993259
2011-07-13,0.6967399227655955
2011-07-14,0.6938993339092887
2011-07-15,0.6918153558402949
2011-07-18,0.681524328521916
2011-07-19,0.6725057709954476
2011-07-20,0.6755138854036067
2011-07-21,0.6727258544507222
2011-07-22,0.6819408576296803
2011-07-25,0.6866729076019602
2011-07-26,0.6882061647840824
2011-07-27,0.6868953163538936
2011-07-28,0.6891701849905424
2011-07-29,0.6871462968986554
2011-08-01,0.6782165999880008
2011-08-02,0.6786828669148244
2011-08-03,0.674590120128423
2011-08-04,0.6710947118766736
2011-08-05,0.6706413960735281
2011-08-08,0.66902672059062
2011-08-09,0.6727596497154371
2011-08-10,0.6701052938313333
2011-08-11,0.6718076117147758
2011-08-12,0.6654209284895013
2011-08-15,0.6582479242519752
2011-08-16,0.6594862423621033
2011-08-17,0.6564422492783266
2011-08-18,0.663126278173145
2011-08-19,0.6618593497018274
2011-08-22,0.6642986690296186
2011-08-23,0.6606854545309491
2011-08-24,0.6608684550215695
2011-08-25,0.6627793214077969
2011-08-26,0.673381912282308
2011-08-29,0.6746132548790603
2011-08-30,0.6727463353359502
2011-08-31,0.6746374409715402
2011-09-01,0.6707046544477063
2011-09-02,0.6710940309473746
2011-09-05,0.6611994270526727
2011-09-06,0.6584761919822576
2011-09-07,0.66100344781742
2011-09-08,0.6513487585977618
2011-09-09,0.6499817629222007
2011-09-13,0.6502561782313618
2011-09-14,0.6480152063584377
2011-09-15,0.641018298060548
2011-09-16,0.646981891328244
2011-09-19,0.6515470191579835
2011-09-20,0.6501562255498272
2011-09-21,0.6563530761077944
2011-09-22,0.658558425700948
2011-09-23,0.6542920865060508
2011-09-26,0.6539053925177253
2011-09-27,0.6523998305811595
2011-09-28,0.6519439397608501
2011-09-29,0.6516524466944952
2011-09-30,0.6552018372615105
2011-10-10,0.6553841456052233
2011-10-11,0.65634620620451
2011-10-12,0.6538404417728723
2011-10-13,0.6551446758982367
2011-10-14,0.6521674552698076
2011-10-17,0.6450465217631945
2011-10-18,0.6433837524914564
2011-10-19,0.6429907710249039
2011-10-20,0.6438032210601103
2011-10-21,0.6486630751064028
2011-10-24,0.6503895260965403
2011-10-25,0.649717736040567
2011-10-26,0.6473882696346877
2011-10-27,0.6467316968586669
2011-10-28,0.6399983694395202
2011-10-31,0.6392116501636828
2011-11-01,0.6402872188386084
2011-11-02,0.6340706310591795
2011-11-03,0.6338934801607237
2011-11-04,0.6288062638956124
2011-11-07,0.6266060745816584
2011-11-08,0.6252037263459184
2011-11-09,0.6218584539181721
2011-11-10,0.6226744838292919
2011-11-11,0.617821692306921
2011-11-14,0.6162809294064611
2011-11-15,0.6133311815762675
2011-11-16,0.6023972886246043
2011-11-17,0.5951789294780527
2011-11-18,0.5919196288341521
2011-11-21,0.5955721665109842
2011-11-22,0.5887596486747566
2011-11-23,0.5902710292524012
2011-11-24,0.5991206674065046
2011-11-25,0.5982918725498779
2011-11-28,0.603068637770184
2011-11-29,0.6070428866754255
2011-11-30,0.6043065520244114
2011-12-01,0.60314471091718
2011-12-02,0.5994782631203676
2011-12-05,0.6118200436619644
2011-12-06,0.6127820791810473
2011-12-07,0.6114365174620467
2011-12-08,0.6111785535791406
2011-12-09,0.6109006101650202
2011-12-12,0.6103421414331888
2011-12-13,0.6107820546172249
2011-12-14,0.6163321702639083
2011-12-15,0.6190803760899944
2011-12-16,0.6181918444782815
2011-12-19,0.6210880826325377
2011-12-20,0.6245014247183693
2011-12-21,0.6228415146724197
2011-12-22,0.6257860639819441
2011-12-23,0.6279761427923315
2011-12-26,0.6281618047945475
2011-12-27,0.6292648272610859
2011-12-28,0.6229332163570361
2011-12-29,0.631904352791635
2011-12-30,0.6358525301296988
2012-01-04,0.6343571991913173
2012-01-05,0.6324439526840493
2012-01-06,0.6371350456399792
2012-01-09,0.6399383119224501
2012-01-10,0.6364659857004272
2012-01-11,0.6368283611815466
2012-01-12,0.6318424752636592
2012-01-13,0.6314093283976716
2012-01-16,0.6362403864631753
2012-01-17,0.6367795540774137
2012-01-18,0.6389372033190024
2012-01-19,0.6388787588619417
2012-01-20,0.6399946796560851
2012-01-30,0.6384896288361676
2012-01-31,0.6404305416292829
2012-02-01,0.6407142067294097
2012-02-02,0.6413432732504064
2012-02-03,0.6801700528956102
2012-02-06,0.679605627321492
2012-02-07,0.6771748299436519
2012-02-08,0.6804074557892599
2012-02-09,0.6692698086337373
2012-02-10,0.6682692410254011
2012-02-13,0.6696932148266087
2012-02-14,0.6632039786997419
2012-02-15,0.6657308199068914
2012-02-16,0.6747588247765413
2012-02-17,0.6799678490020551
2012-02-20,0.6642237926352224
2012-02-21,0.6742058141582111
2012-02-22,0.6823722235495847
2012-02-23,0.6793162888845979
2012-02-24,0.6758382201082214
2012-02-27,0.6752955635804917
2012-02-28,0.6680160092591297
2012-02-29,0.6641025793790959
2012-03-01,0.6656244013517398
2012-03-02,0.6660511989582815
2012-03-05,0.6604249728934304
2012-03-06,0.662398535949644
2012-03-07,0.6718416863935618
2012-03-08,0.6733534459046167
2012-03-09,0.674011992461347
2012-03-12,0.6730892985073774
2012-03-13,0.6692448011358474
2012-03-14,0.668594497900145
2012-03-15,0.6601149577376019
2012-03-16,0.6597480542673008
2012-03-19,0.6626910387272887
2012-03-20,0.6595139949022198
2012-03-21,0.6565576738763866
2012-03-22,0.6534734969606296
2012-03-23,0.6570647083765709
2012-03-26,0.6546827319398193
2012-03-27,0.6529859402654149
2012-03-28,0.6486173699732821
2012-03-29,0.6412374184631335
2012-03-30,0.6430635741629617
2012-04-05,0.6440622016613623
2012-04-06,0.6442114660525461
2012-04-09,0.6513542563600556
2012-04-10,0.6507742244938876
2012-04-11,0.6370313575114845
2012-04-12,0.6436694249654006
2012-04-13,0.6377671953224484
2012-04-16,0.6335888075242718
2012-04-17,0.6322464550986989
2012-04-18,0.638323417984564
2012-04-19,0.6433570213190052
2012-04-20,0.6444366114781463
2012-04-23,0.646510383498198
2012-04-24,0.6436380431607137
2012-04-25,0.6473147872109
2012-04-26,0.6480109711361534
2012-04-27,0.643653321746518
2012-05-02,0.645426659710895
2012-05-03,0.6509470133371292
2012-05-04,0.6572267641832389
2012-05-07,0.6606079139275175
2012-05-08,0.6635042461209447
2012-05-09,0.661284531251029
2012-05-10,0.6568220649910143
2012-05-11,0.6612212746787911
2012-05-14,0.6624160877573266
2012-05-15,0.6674992705882262
2012-05-16,0.6702921704777373
2012-05-17,0.6703231894291856
2012-05-18,0.6667258652094535
2012-05-21,0.6664532268379417
2012-05-22,0.6552877505396262
2012-05-23,0.6553384355229509
2012-05-24,0.6496929538943308
2012-05-25,0.642260626336058
2012-05-28,0.6302803036896031
2012-05-29,0.6334710569184846
2012-05-30,0.6323318606321204
2012-05-31,0.6322499436745637
2012-06-01,0.6271080246807877
2012-06-04,0.6111407407318148
2012-06-05,0.6064462634990285
2012-06-06,0.5766293181377584
2012-06-07,0.5715144456238982
2012-06-08,0.5734453302644226
2012-06-11,0.5678281157380326
2012-06-12,0.567147878169365
2012-06-13,0.5715602179890281
2012-06-14,0.5740783176033903
2012-06-15,0.5716848941158519
2012-06-18,0.5734720297344403
2012-06-19,0.5671841746173921
2012-06-20,0.5543696065060713
2012-06-21,0.5539313581763518
2012-06-25,0.5628303440591674
2012-06-26,0.5736775533048365
2012-06-27,0.5690070092029328
2012-06-28,0.573040531037661
2012-06-29,0.576323393620043
2012-07-02,0.5707946995063992
2012-07-03,0.5676092102432079
2012-07-04,0.558696782973799
2012-07-05,0.5629413283207522
2012-07-06,0.5708641126631464
2012-07-09,0.5702641721055202
2012-07-10,0.5660942800364576
2012-07-11,0.5686632546956452
2012-07-12,0.5611228869920053
2012-07-13,0.562098652166152
2012-07-16,0.5620863589027438
2012-07-17,0.568873195274126
2012-07-18,0.569117124892281
2012-07-19,0.5739813453852779
2012-07-20,0.5781947837259501
2012-07-23,0.5766036120126731
2012-07-24,0.5767769267846647
2012-07-25,0.5785003385621226
2012-07-26,0.5850424015315786
2012-07-27,0.5870784875929911
2012-07-30,0.5858251945770757
2012-07-31,0.5808486913041735
2012-08-01,0.5746086658915684
2012-08-02,0.5808572881023458
2012-08-03,0.5780559660224622
2012-08-06,0.5795255272952571
2012-08-07,0.5790476306230884
2012-08-08,0.5774858080331159
2012-08-09,0.5853038801338873
2012-08-10,0.5892137660312283
2012-08-13,0.5893360445903671
2012-08-14,0.5895559801939465
2012-08-15,0.5922935160054867
2012-08-16,0.5899409331796253
2012-08-17,0.5941481712310049
2012-08-20,0.5945080742554645
2012-08-21,0.5924611406838421
2012-08-22,0.5940107487340667
2012-08-23,0.5987649168839455
2012-08-24,0.603308253514667
2012-08-27,0.6022385738365799
2012-08-28,0.603356732244312
2012-08-29,0.6053237198993152
2012-08-30,0.6077645536139691
2012-08-31,0.6064027443859309
2012-09-03,0.6105985264644566
2012-09-04,0.6179634844407045
2012-09-05,0.613590577808661
2012-09-06,0.6090702375122624
2012-09-07,0.5990783940505771
2012-09-10,0.6003541178807709
2012-09-11,0.604932087763709
2012-09-12,0.6102830201108552
2012-09-13,0.6129510987892456
2012-09-14,0.6107160737259941
2012-09-17,0.6168860585701428
2012-09-18,0.6215196975291141
2012-09-19,0.6247265307359511
2012-09-20,0.6140410545411968
2012-09-21,0.6125004326038235
2012-09-24,0.6126309422360632
2012-09-25,0.6215590941384711
2012-09-26,0.6187999651424867
2012-09-27,0.6070584707904848
2012-09-28,0.6031496220969298
2012-10-08,0.5946686244586633
2012-10-09,0.5922633712306379
2012-10-10,0.5813532347099866
2012-10-11,0.5887689908414082
2012-10-12,0.5862863222897008
2012-10-15,0.584749065296001
2012-10-16,0.5854864232327279
2012-10-17,0.5886656274183603
2012-10-18,0.5857268157176405
2012-10-19,0.5808232346218672
2012-10-22,0.5742659752458168
2012-10-23,0.5756349763684104
2012-10-24,0.5783464984125971
2012-10-25,0.5692516547396137
2012-10-26,0.5709035859953556
2012-10-29,0.5777221425394045
2012-10-30,0.5843463639651664
2012-10-31,0.5850651539296773
2012-11-01,0.5882381287897719
2012-11-02,0.5860903342724405
2012-11-05,0.5833996456058793
2012-11-06,0.5833322844847857
2012-11-07,0.583046769118212
2012-11-08,0.5861771786194904
2012-11-09,0.5891022924705572
2012-11-12,0.5892060449068154
2012-11-13,0.5719593720953212
2012-11-14,0.5782409975736983
2012-11-15,0.5847517669418809
2012-11-16,0.5846912534799664
2012-11-19,0.5841184970622774
2012-11-20,0.5848382294213642
2012-11-21,0.5855990251919512
2012-11-22,0.5805222350742284
2012-11-23,0.5815603331668163
2012-11-26,0.5815626352620211
2012-11-27,0.5741232507544288
2012-11-28,0.5711420703844966
2012-11-29,0.5695453274097404
2012-11-30,0.5648675394231207
2012-12-03,0.5580022004522233
2012-12-04,0.5553624950162017
2012-12-05,0.5569757497641865
2012-12-06,0.5585771682461271
2012-12-07,0.5515376478481108
2012-12-10,0.5558165341175353
2012-12-11,0.5558515632869637
2012-12-12,0.559889373075628
2012-12-13,0.561619201141061
2012-12-14,0.5577876852783136
2012-12-17,0.5473358960434553
2012-12-18,0.5490097868552547
2012-12-19,0.5480119039393123
2012-12-20,0.5425378957677814
2012-12-21,0.5367625447840709
2012-12-24,0.5356326770589301
2012-12-25,0.5409366439381884
2012-12-26,0.5401334338418032
2012-12-27,0.5417556091901823
2012-12-28,0.5373414707101835
2012-12-31,0.5355305775428957
2013-01-04,0.5394585234462034
2013-01-07,0.5471683741760194
2013-01-08,0.5466265134465379
2013-01-09,0.5500378673077293
2013-01-10,0.5467636364253012
2013-01-11,0.5453360494091594
2013-01-14,0.5463092030790316
2013-01-15,0.5438530205677359
2013-01-16,0.5474435986503067
2013-01-17,0.5559516785930622
2013-01-18,0.5567252334312158
2013-01-21,0.5578492867094331
2013-01-22,0.5533988350906082
2013-01-23,0.5590196711927207
2013-01-24,0.5643171281295196
2013-01-25,0.5621619958364805
2013-01-28,0.564431531209196
2013-01-29,0.5612702356167697
2013-01-30,0.5569953907529521
2013-01-31,0.5514183166014184
2013-02-01,0.5382602745261762
2013-02-04,0.5405463247658623
2013-02-05,0.5376931765226829
2013-02-06,0.5410252112018712
2013-02-07,0.5479254145775404
2013-02-08,0.5483101370758462
2013-02-18,0.5468128635430968
2013-02-19,0.5465700215115571
2013-02-20,0.5461108176315177
2013-02-21,0.5353726941630842
2013-02-22,0.5367344271458085
2013-02-25,0.5372653134397859
2013-02-26,0.5419404890741056
2013-02-27,0.5402705255296901
2013-02-28,0.5452136602780512
2013-03-01,0.5472942698538228
2013-03-04,0.5487075017841414
2013-03-05,0.5421764517049754
2013-03-06,0.5501350731792326
2013-03-07,0.5546461554708232
2013-03-08,0.5541197683950029
2013-03-11,0.553644781300431
2013-03-12,0.5497068373585956
2013-03-13,0.5448818905584402
2013-03-14,0.5415046575012864
2013-03-15,0.5450206541119318
2013-03-18,0.5463169440672233
2013-03-19,0.5430572860870179
2013-03-20,0.5463317710233033
2013-03-21,0.5489175260095157
2013-03-22,0.5503747419311668
2013-03-25,0.552517269115911
2013-03-26,0.5525515755087694
2013-03-27,0.5533499268803213
2013-03-28,0.549053112749186
2013-03-29,0.5492299918976787
2013-04-01,0.547804250952667
2013-04-02,0.5485047884019817
2013-04-03,0.5420647827669589
2013-04-08,0.5416984878629896
2013-04-09,0.5407630246813252
2013-04-10,0.5378328376909527
2013-04-11,0.5305366921680632
2013-04-12,0.5187500813087633
2013-04-15,0.5224257352749264
2013-04-16,0.5259151562562597
2013-04-17,0.5278046278264761
2013-04-18,0.5280405443725857
2013-04-19,0.5233381741135392
2013-04-22,0.5245248393406792
2013-04-23,0.521691709182898
2013-04-24,0.5293224258791974
2013-04-25,0.5282742334619611
2013-04-26,0.5280984275544889
2013-05-02,0.5207720759104005
2013-05-03,0.5207162197415202
2013-05-06,0.5189335912674355
2013-05-07,0.520450340998806
2013-05-08,0.5227683067642398
2013-05-09,0.5214514167700474
2013-05-10,0.5236484097509212
2013-05-13,0.5259277651158715
2013-05-14,0.5246700908872975
2013-05-15,0.5267172782147579
2013-05-16,0.5225180077009287
2013-05-17,0.5223433662718925
2013-05-20,0.5212766565822818
2013-05-21,0.5177588944565449
2013-05-22,0.5210613285018109
2013-05-23,0.5196582275078465
2013-05-24,0.5190196007952574
2013-05-27,0.5212155525302542
2013-05-28,0.5215977887312468
2013-05-29,0.520668189934538
2013-05-30,0.5229913637243601
2013-05-31,0.5238145666545019
2013-06-03,0.5207217301628286
2013-06-04,0.5178713378174987
2013-06-05,0.5107023579977562
2013-06-06,0.5119820916246522
2013-06-07,0.5131137209539272
2013-06-13,0.5143956024730114
2013-06-14,0.5135706354071207
2013-06-17,0.5166143850798761
2013-06-18,0.5194508539881001
2013-06-19,0.5218541475272038
2013-06-20,0.5230507875758054
2013-06-21,0.5243959877544774
2013-06-24,0.5268745502638397
2013-06-25,0.5253500203740878
2013-06-26,0.5251995877563138
2013-06-27,0.5268628255603026
2013-06-28,0.5222587048639971
2013-07-01,0.5237602788047488
2013-07-02,0.5260022679887818
2013-07-03,0.53018793858456
2013-07-04,0.531541765151511
2013-07-05,0.5302659650042915
2013-07-08,0.527803218217048
2013-07-09,0.5290030782393949
2013-07-10,0.5270576911413738
2013-07-11,0.5300702248129386
2013-07-12,0.5288205064802018
2013-07-15,0.5296118714605252
2013-07-16,0.5327151473554331
2013-07-17,0.5390733815209132
2013-07-18,0.5423109231486586
2013-07-19,0.5436914899823893
2013-07-22,0.5464140362498396
2013-07-23,0.5438863563263071
2013-07-24,0.5501270477140368
2013-07-25,0.5511743225686372
2013-07-26,0.5640845051820138
2013-07-29,0.559808661609937
2013-07-30,0.562523261424007
2013-07-31,0.5679625395600608
2013-08-01,0.5690378290711604
2013-08-02,0.5701492951205273
2013-08-05,0.5664282360770112
2013-08-06,0.5707798727436834
2013-08-07,0.5759647143886097
2013-08-08,0.5780335428609797
2013-08-09,0.5779622519148018
2013-08-12,0.5778283940907855
2013-08-13,0.5814808055822992
2013-08-14,0.5786094210833075
2013-08-15,0.5714634537818813
2013-08-16,0.5725249054878888
2013-08-19,0.5689704111915185
2013-08-20,0.5717900224523309
2013-08-21,0.577713661058541
2013-08-22,0.583060089387487
2013-08-23,0.5850342359281105
2013-08-26,0.5879203560421109
2013-08-27,0.5907602851410031
2013-08-28,0.5941433018650008
2013-08-29,0.5978574403944206
2013-08-30,0.5978857904476934
2013-09-02,0.602730572707948
2013-09-03,0.6072209888133125
2013-09-04,0.5958824317244049
2013-09-05,0.6000665320651267
2013-09-06,0.6029987596831862
2013-09-09,0.6061228402547495
2013-09-10,0.6004083815237203
2013-09-11,0.6043491347877896
2013-09-12,0.6097393543062505
2013-09-13,0.6098010419069008
2013-09-16,0.6109941734225168
2013-09-17,0.6143143994966889
2013-09-18,0.6274437422565196
2013-09-23,0.635455790563112
2013-09-24,0.6391595135611006
2013-09-25,0.6370935267275821
2013-09-26,0.6362943387108667
2013-09-27,0.6347533319481274
2013-09-30,0.6378111907554447
2013-10-08,0.629965407945571
2013-10-09,0.6238330097903158
2013-10-10,0.629352442160518
2013-10-11,0.6251600929890612
2013-10-14,0.6192539374444525
2013-10-15,0.6110005377625866
2013-10-16,0.6109415670699139
2013-10-17,0.612179485047377
2013-10-18,0.6209805214231672
2013-10-21,0.6268113899019145
2013-10-22,0.6283504424891768
2013-10-23,0.6298053134224643
2013-10-24,0.634253592076122
2013-10-25,0.632488397225558
2013-10-28,0.6313225420657129
2013-10-29,0.6311770892561673
2013-10-30,0.6282088500451433
2013-10-31,0.6342438642527658
2013-11-01,0.62186926727667
2013-11-04,0.6288137932218121
2013-11-05,0.6263558587979734
2013-11-06,0.6253865471071841
2013-11-07,0.6263690636676024
2013-11-08,0.6259871756200732
2013-11-11,0.6277640279262611
2013-11-12,0.6271722634367453
2013-11-13,0.6314962381633611
2013-11-14,0.6371240940776427
2013-11-15,0.6442111696225761
2013-11-18,0.6468388723796256
2013-11-19,0.6486303641256703
2013-11-20,0.6498196162038272
2013-11-21,0.6493455245131897
2013-11-22,0.6547202811495227
2013-11-25,0.657917070138463
2013-11-26,0.6655287811385586
2013-11-27,0.6554950805905123
2013-11-28,0.6608803572643009
2013-11-29,0.642038586255638
2013-12-02,0.6569336339156823
2013-12-03,0.6629577410818305
2013-12-04,0.6658458965032188
2013-12-05,0.6707807457376865
2013-12-06,0.6731303420408493
2013-12-09,0.6690562620216336
2013-12-10,0.6682741695270934
2013-12-11,0.6657106219403063
2013-12-12,0.64992125431314
2013-12-13,0.64126736427434
2013-12-16,0.6465234315320153
2013-12-17,0.6543586911692443
2013-12-18,0.6586673477847588
2013-12-19,0.6543092126775681
2013-12-20,0.6463023423256256
2013-12-23,0.64931955647805
2013-12-24,0.6556328514051167
2013-12-25,0.658210177347007
2013-12-26,0.6578701996923769
2013-12-27,0.6541576273754949
2013-12-30,0.6496325178631372
2013-12-31,0.6395904665612931
2014-01-02,0.6433299985475427
2014-01-03,0.6427511219558361
2014-01-06,0.6469044882308841
2014-01-07,0.648562809680331
2014-01-08,0.6256265875956795
2014-01-09,0.6382339128955732
2014-01-10,0.6501676005520366
2014-01-13,0.6571551716706215
2014-01-14,0.654255501696491
2014-01-15,0.6603981535233715
2014-01-16,0.6634015027242129
2014-01-17,0.6602792212973683
2014-01-20,0.6594765051837165
2014-01-21,0.6566144665809145
2014-01-22,0.6536399904792686
2014-01-23,0.6587909497474452
2014-01-24,0.6570523075158907
2014-01-27,0.6534343129080805
2014-01-28,0.6451103751859538
2014-01-29,0.6429690736840915
2014-01-30,0.6453485780547574
2014-02-07,0.649477375965136
2014-02-10,0.6538195361518139
2014-02-11,0.660938021297628
2014-02-12,0.6670835084240817
2014-02-13,0.6711562659093746
2014-02-14,0.6725701589923527
2014-02-17,0.6765113043414476
2014-02-18,0.679988609294114
2014-02-19,0.6873592635057157
2014-02-20,0.6844130015115696
2014-02-21,0.6923037048516322
2014-02-24,0.6939346684805227
2014-02-25,0.69370234617294
2014-02-26,0.698592905989847
2014-02-27,0.7019729821404105
2014-02-28,0.7009044371438672
2014-03-03,0.7011358717027796
2014-03-04,0.7067442812280532
2014-03-05,0.7214685216909712
2014-03-06,0.7283461313772247
2014-03-07,0.7358062564887076
2014-03-10,0.7389244201364988
2014-03-11,0.7439740749453705
2014-03-12,0.7557363510124443
2014-03-13,0.755731336790897
2014-03-14,0.7582229043362424
2014-03-17,0.757828508157804
2014-03-18,0.7646223441142818
2014-03-19,0.7721602316264415
2014-03-20,0.7721855114651315
2014-03-21,0.7834796226678866
2014-03-24,0.7931378156819858
2014-03-25,0.8037702362868345
2014-03-26,0.8186611873292751
2014-03-27,0.8155944048249895
2014-03-28,0.8132195807345088
2014-03-31,0.8289332075948448
2014-04-01,0.8453353185000002
2014-04-02,0.8473465398829318
2014-04-03,0.8288747864304096
2014-04-04,0.8387098297709423
2014-04-08,0.8443733688330688
2014-04-09,0.8371672226787082
2014-04-10,0.8591530997476535
2014-04-11,0.8754572230438922
2014-04-14,0.8831590288365297
2014-04-15,0.88464161102865
2014-04-16,0.892616982587311
2014-04-17,0.8747224846464035
2014-04-18,0.8883933805884409
2014-04-21,0.8909102700369027
2014-04-22,0.8997017939652159
2014-04-23,0.8790386837253485
2014-04-24,0.8687942287907001
2014-04-25,0.8563153285087275
2014-04-28,0.8747794942891227
2014-04-29,0.8985422893487417
2014-04-30,0.910679281009991
2014-05-05,0.9195941642765506
2014-05-06,0.9218841903829068
2014-05-07,0.9184314960876144
2014-05-08,0.9274702301078913
2014-05-09,0.943308595057332
2014-05-12,0.9515414442619593
2014-05-13,0.9673581071855422
2014-05-14,0.9829656032826561
2014-05-15,1.001612345971869
2014-05-16,1.0224299815198088
2014-05-19,1.0340699096819177
2014-05-20,0.9982013991087362
2014-05-21,0.9996833768624216
2014-05-22,1.028960158950057
2014-05-23,1.0493581175928495
2014-05-26,1.0535385767989272
2014-05-27,1.054555003128173
2014-05-28,1.0667285857210578
2014-05-29,1.0694944241943065
2014-05-30,1.0689476178115929
2014-06-03,1.0784890216188627
2014-06-04,1.0900153392706804
2014-06-05,1.1029366057847974
2014-06-06,1.0984059736227565
2014-06-09,1.0780770959146058
2014-06-10,1.0883675845819512
2014-06-11,1.0699599289055968
2014-06-12,1.0235111650182689
2014-06-13,1.0270946104213283
2014-06-16,1.0452847723342484
2014-06-17,1.0235696799932166
2014-06-18,0.9801627763174545
2014-06-19,0.9535920915132288
2014-06-20,0.9839565735345299
2014-06-23,0.9581513715718956
2014-06-24,0.9205761951759006
2014-06-25,0.8850463339990934
2014-06-26,0.8637073044624921
2014-06-27,0.8296776528413538
2014-06-30,0.8049716396536063
2014-07-01,0.8273813209791867
2014-07-02,0.8484397820219233
2014-07-03,0.874249233480825
2014-07-04,0.8833031275610931
2014-07-07,0.8567810305736018
2014-07-08,0.8593802522680885
2014-07-09,0.8800425674838194
2014-07-10,0.8857526647136896
2014-07-11,0.8918019572409424
2014-07-14,0.8971883316899221
2014-07-15,0.9122096946692947
2014-07-16,0.9052109018635528
2014-07-17,0.8678342866099724
2014-07-18,0.8540305091916848
2014-07-21,0.8759878957087834
2014-07-22,0.8656953128298563
2014-07-23,0.8606937764181187
2014-07-24,0.8516975863383469
2014-07-25,0.8714802340698206
2014-07-28,0.8673122576937998
2014-07-29,0.8662552118775474
2014-07-30,0.8821283334640712
2014-07-31,0.9068803434759053
2014-08-01,0.9141747594708611
2014-08-04,0.9147008824246303
2014-08-05,0.9314649589332256
2014-08-06,0.9416508064817971
2014-08-07,0.9590061911768792
2014-08-08,0.921009286103744
2014-08-11,0.9332623884526259
2014-08-12,0.9151305817429629
2014-08-13,0.8912675384353258
2014-08-14,0.8575142375953945
2014-08-15,0.8276197868276222
2014-08-18,0.8128335272223369
2014-08-19,0.8237222844249751
2014-08-20,0.8471606680901435
2014-08-21,0.8344760853933527
2014-08-22,0.8136054160666916
2014-08-25,0.8007624594658876
2014-08-26,0.8008157152042095
2014-08-27,0.8133895317569036
2014-08-28,0.8239758911692707
2014-08-29,0.8181797785717588
2014-09-01,0.8201693621887032
2014-09-02,0.7971616279963252
2014-09-03,0.7780269502156194
2014-09-04,0.8043647184454326
2014-09-05,0.799950645070661
2014-09-09,0.8074327594732308
2014-09-10,0.8166470629715546
2014-09-11,0.8209362382265893
2014-09-12,0.8123638202047799
2014-09-15,0.8136132915094427
2014-09-16,0.7964298963778582
2014-09-17,0.7998346044605387
2014-09-18,0.7939110060393109
2014-09-19,0.7937862263041885
2014-09-22,0.8060472888442526
2014-09-23,0.8128435027932498
2014-09-24,0.8307303748005659
2014-09-25,0.8385087975517247
2014-09-26,0.8348067146739803
2014-09-29,0.8486910669467281
2014-09-30,0.8580665760834421
2014-10-08,0.8613659715627925
2014-10-09,0.870034426303371
2014-10-10,0.8448225953259305
2014-10-13,0.8571390483629912
2014-10-14,0.8705650330468504
2014-10-15,0.8762749488573051
2014-10-16,0.8804477767365235
2014-10-17,0.8697349298249714
2014-10-20,0.8737057984481255
2014-10-21,0.8743965469440461
2014-10-22,0.8634412918669638
2014-10-23,0.8618002496894737
2014-10-24,0.8815793464944108
2014-10-27,0.8814094914459626
2014-10-28,0.8910674723667563
2014-10-29,0.8973149464806955
2014-10-30,0.9003552443252019
2014-10-31,0.9074376440340326
2014-11-03,0.9105418564579092
2014-11-04,0.9041471765259229
2014-11-05,0.9135035570593039
2014-11-06,0.9141507381957616
2014-11-07,0.9113992900367107
2014-11-10,0.9219323649106007
2014-11-11,0.9312866908710111
2014-11-12,0.9299038372306323
2014-11-13,0.9321680881186958
2014-11-14,0.9390643484899392
2014-11-17,0.9406409231875087
2014-11-18,0.9144950696718741
2014-11-19,0.9170391357335448
2014-11-20,0.9218252272292103
2014-11-21,0.9220355765682202
2014-11-24,0.9326016307375611
2014-11-25,0.9341348138201252
2014-11-26,0.9425490275036199
2014-11-27,0.9319125248622174
2014-11-28,0.9289384577129476
2014-12-01,0.9260801822782386
2014-12-02,0.9225727392447346
2014-12-03,0.9288101231429989
2014-12-04,0.9332593938927993
2014-12-05,0.9336883846742703
2014-12-08,0.9463354834057747
2014-12-09,0.9681756788927591
2014-12-10,0.9711170340792826
2014-12-11,0.9751959358943951
2014-12-12,0.9699865350899282
2014-12-15,0.9685581204533055
2014-12-16,0.9759026415761216
2014-12-17,0.9643759389797949
2014-12-18,0.9710346181868367
2014-12-19,0.9741518200461715
2014-12-22,0.9699021741978257
2014-12-23,0.9313070623505942
2014-12-24,0.9209366627540303
2014-12-25,0.9321989873793729
2014-12-26,0.8878568423868439
2014-12-29,0.8864854992182777
2014-12-30,0.8453596548794609
2014-12-31,0.8446905408384289
2015-01-05,0.8316219380965932
2015-01-06,0.8448876403182561
2015-01-07,0.8368201306595374
2015-01-08,0.8404958604642143
2015-01-09,0.8536219084258032
2015-01-12,0.8502705950246131
2015-01-13,0.8270879441456402
2015-01-14,0.828469336594682
2015-01-15,0.8374555937146263
2015-01-16,0.8031817609605851
2015-01-19,0.7937143549195637
2015-01-20,0.7731501855791783
2015-01-21,0.7884856733093513
2015-01-22,0.7814033944242581
2015-01-23,0.7980815838717898
2015-01-26,0.7990850311442032
2015-01-27,0.8078978189721547
2015-01-28,0.8094909040326899
2015-01-29,0.8055676074918113
2015-01-30,0.8241693715503631
2015-02-02,0.8284886613117262
2015-02-03,0.8313429369919925
2015-02-04,0.8312806426586706
2015-02-05,0.8443052045549101
2015-02-06,0.8428586308176106
2015-02-09,0.8467442983140185
2015-02-10,0.8136434843344187
2015-02-11,0.8193617832563301
2015-02-12,0.7979850394136647
2015-02-13,0.8088136117127561
2015-02-16,0.8403374325170692
2015-02-17,0.8493731154163016
2015-02-25,0.8306745535569867
2015-02-26,0.8425835305980118
2015-02-27,0.8421548481406664
2015-03-02,0.8288845727715524
2015-03-03,0.8141539599214105
2015-03-04,0.8109455015815593
2015-03-05,0.8266657850318666
2015-03-06,0.8219622370542202
2015-03-09,0.8162503082479453
2015-03-10,0.8288724136995946
2015-03-11,0.8458489778564701
2015-03-12,0.8609454030660674
2015-03-13,0.8579365094710206
2015-03-16,0.8621667875747637
2015-03-17,0.8547591000009581
2015-03-18,0.8636932536617818
2015-03-19,0.8603051596707896
2015-03-20,0.8478836369256426
2015-03-23,0.8638988203692086
2015-03-24,0.8673837124423598
2015-03-25,0.8677483565647732
2015-03-26,0.8791556128808216
2015-03-27,0.8809031023433004
2015-03-30,0.8747527614805296
2015-03-31,0.8698793344617611
2015-04-01,0.8794356163061018
2015-04-02,0.8755895202609086
2015-04-03,0.8820605251790806
2015-04-07,0.8857528754894273
2015-04-08,0.8856946812021541
2015-04-09,0.8771109888722711
2015-04-10,0.879728601462219
2015-04-13,0.8598868975200186
2015-04-14,0.852559092987951
2015-04-15,0.8542520509539284
2015-04-16,0.85189822326435
2015-04-17,0.8584230550557592
2015-04-20,0.857970874985181
2015-04-21,0.8535349018376173
2015-04-22,0.8519902680552036
2015-04-23,0.8638991891874571
2015-04-24,0.8659317810681343
2015-04-27,0.8657996490893471
2015-04-28,0.8401581319170766
2015-04-29,0.8140015851466577
2015-04-30,0.8095649975576295
2015-05-04,0.8044178728737306
2015-05-05,0.7987949093288145
2015-05-06,0.7972101238369376
2015-05-07,0.8069535009307999
2015-05-08,0.8069406258484839
2015-05-11,0.7905870056512335
2015-05-12,0.7925326883602485
2015-05-13,0.7965907000785843
2015-05-14,0.8033792455504422
2015-05-15,0.797404707459184
2015-05-18,0.7942106895089202
2015-05-19,0.7947320905287384
2015-05-20,0.795263584024445
2015-05-21,0.7928497528235398
2015-05-22,0.8138957201036084
2015-05-25,0.8148672052363058
2015-05-26,0.8182924485611411
2015-05-27,0.8208762204895884
2015-05-28,0.8225840440020533
2015-05-29,0.8218142149012165
2015-06-01,0.8184774394592966
2015-06-02,0.792306259984356
2015-06-03,0.7909118940322606
2015-06-04,0.8023970411501237
2015-06-05,0.7967677814229507
2015-06-08,0.7986136982227348
2015-06-09,0.7948928007935666
2015-06-10,0.7913418098901707
2015-06-11,0.7969876891877156
2015-06-12,0.7929272527135519
2015-06-15,0.7865801210860057
2015-06-16,0.7965677914862467
2015-06-17,0.80167019773176
2015-06-18,0.8057014954653958
2015-06-19,0.8058690821601913
2015-06-23,0.8051796890352148
2015-06-24,0.8137686483842379
2015-06-25,0.8147839996204986
2015-06-26,0.817924018421712
2015-06-29,0.8171896179339553
2015-06-30,0.8152005280990549
2015-07-01,0.8153917542364618
2015-07-02,0.8219148378396297
2015-07-03,0.8250379197142713
2015-07-06,0.8237725805477427
2015-07-07,0.8206140338544357
2015-07-08,0.81701730414847
2015-07-09,0.8156154303079015
2015-07-10,0.8153227727596352
2015-07-13,0.8166304885906022
2015-07-14,0.8096410882773805
2015-07-15,0.811815468169878
2015-07-16,0.8199383460903106
2015-07-17,0.7995404689709001
2015-07-20,0.8014746305962192
2015-07-21,0.7982095079191596
2015-07-22,0.7892597442346075
2015-07-23,0.79294634077618
2015-07-24,0.7962784410593932
2015-07-27,0.7979550784079714
2015-07-28,0.7966502358059401
2015-07-29,0.8034923362537413
2015-07-30,0.809512901182639
2015-07-31,0.8073546487360133
2015-08-03,0.7998159644367034
2015-08-04,0.8067354077380977
2015-08-05,0.8186624078829677
2015-08-06,0.8216558661195816
2015-08-07,0.8217639423266129
2015-08-10,0.8219834116636346
2015-08-11,0.8204396038884776
2015-08-12,0.8142772280857559
2015-08-13,0.814847458728208
2015-08-14,0.8140807585758416
2015-08-17,0.8089915168300225
2015-08-18,0.8121741553697049
2015-08-19,0.8131403889375125
2015-08-20,0.8129226289868622
2015-08-21,0.8142433431839833
2015-08-24,0.8098690638418407
2015-08-25,0.8092088487908614
2015-08-26,0.812713043270341
2015-08-27,0.8209631712222565
2015-08-28,0.8247787819398837
2015-08-31,0.8274201974827758
2015-09-01,0.827661416503464
2015-09-02,0.8100871180076827
2015-09-07,0.8125926196285025
2015-09-08,0.8095828731276995
2015-09-09,0.8155710969863612
2015-09-10,0.8159935396863518
2015-09-11,0.8161886768998893
2015-09-14,0.8192884330336253
2015-09-15,0.8180664423694168
2015-09-16,0.80653370849188
2015-09-17,0.8079406047413475
2015-09-18,0.8066607039447722
2015-09-21,0.8092845838946918
2015-09-22,0.8120997702586038
2015-09-23,0.8219500055293236
2015-09-24,0.8269178351166686
2015-09-25,0.8280263467900949
2015-09-28,0.8285491782132686
2015-09-29,0.828225854642332
2015-09-30,0.824422701570222
2015-10-08,0.8363833272281055
2015-10-09,0.8396638944552259
2015-10-12,0.8404569772218176
2015-10-13,0.8379838546138336
2015-10-14,0.8432281637191111
2015-10-15,0.8456578801101823
2015-10-16,0.845502320350682
2015-10-19,0.8436649146845299
2015-10-20,0.8370527873684162
2015-10-21,0.8367936375580347
2015-10-22,0.8438412397331392
2015-10-23,0.8392045822776348
2015-10-26,0.8430815745148944
2015-10-27,0.8402871804903557
2015-10-28,0.8409323067887988
2015-10-29,0.844456209807331
2015-10-30,0.840164428661808
2015-11-02,0.8490553072226993
2015-11-03,0.8552891817688781
2015-11-04,0.8564262456831737
2015-11-05,0.8580061565295116
2015-11-06,0.8571215024408053
2015-11-09,0.8570478827571492
2015-11-10,0.8530125573879761
2015-11-11,0.8545539784143241
2015-11-12,0.8588698094244286
2015-11-13,0.8571879981930012
2015-11-16,0.8560081334859874
2015-11-17,0.8581990663687346
2015-11-18,0.8597858499704458
2015-11-19,0.8541219298941839
2015-11-20,0.8462877302691469
2015-11-23,0.8504239689917298
2015-11-24,0.8408635993625537
2015-11-25,0.8345546046904491
2015-11-26,0.8354971111857694
2015-11-27,0.8424436032515765
2015-11-30,0.8410418736671633
2015-12-01,0.8407775562580571
2015-12-02,0.814968872639229
2015-12-03,0.8177079481896964
2015-12-04,0.8181888243771454
2015-12-07,0.8199501714451993
2015-12-08,0.8230302961439315
2015-12-09,0.8236308117494536
2015-12-10,0.8195838893324242
2015-12-11,0.8248217333029979
2015-12-14,0.8248129040663051
2015-12-15,0.8156531932905093
2015-12-16,0.8167193635007168
2015-12-17,0.8182790858283144
2015-12-18,0.8157816616739163
2015-12-21,0.813198157068091
2015-12-22,0.8156606085596659
2015-12-23,0.8217394793586594
2015-12-24,0.8265606752577414
2015-12-25,0.8263195304621852
2015-12-28,0.8236566449560533
2015-12-29,0.8273342379567514
2015-12-30,0.8240492480793482
2015-12-31,0.8157145743666222
2016-01-04,0.809320880697133
2016-01-05,0.8024327275400837
2016-01-06,0.7865039605490847
2016-01-07,0.788674900014098
2016-01-08,0.788173901160514
2016-01-11,0.7848799585924033
2016-01-12,0.7920766950502662
2016-01-13,0.7970343873097767
2016-01-14,0.7970846082997751
2016-01-15,0.7973740139824805
2016-01-18,0.7997533416215663
2016-01-19,0.7967029980508841
2016-01-20,0.800761043800934
2016-01-21,0.8013076203998396
2016-01-22,0.803666705951029
2016-01-25,0.8068701906425534
2016-01-26,0.8071633695460582
2016-01-27,0.8087535303433389
2016-01-28,0.8072769232940868
2016-01-29,0.8039360974834399
2016-02-01,0.8075845677258279
2016-02-02,0.8014599425174425
2016-02-03,0.8075901234416961
2016-02-04,0.8098688198920468
2016-02-05,0.8114378079339631
2016-02-15,0.8089655030129093
2016-02-16,0.8091273802523656
2016-02-17,0.8037312131500931
2016-02-18,0.805134599900261
2016-02-19,0.8072292005613733
2016-02-22,0.8035482642992716
2016-02-23,0.8026125040090507
2016-02-24,0.8065609076200171
2016-02-25,0.8075711083812159
2016-02-26,0.8053976634120501
2016-02-29,0.7995598029632714
2016-03-01,0.7989413815784331
2016-03-02,0.8015852698971133
2016-03-03,0.7994889730802428
2016-03-04,0.7989367350869517
2016-03-07,0.8032223726665219
2016-03-08,0.798128734498726
2016-03-09,0.7985546359883804
2016-03-10,0.7987132660512541
2016-03-11,0.7958320602960907
2016-03-14,0.7941353826990282
2016-03-15,0.7956423350157957
2016-03-16,0.7932815024044668
2016-03-17,0.7916285550759422
2016-03-18,0.7885353328456989
2016-03-21,0.7778232605064617
2016-03-22,0.7786258424777885
2016-03-23,0.7885921162896177
2016-03-24,0.7904106870510953
2016-03-25,0.7922271255942686
2016-03-28,0.7897999571765459
2016-03-29,0.7916208330157304
2016-03-30,0.7893978019170506
2016-03-31,0.7925847540926472
2016-04-01,0.783215983441651
2016-04-05,0.7740902537092211
2016-04-06,0.769231659019183
2016-04-07,0.7600744044149299
2016-04-08,0.7585496347936965
2016-04-11,0.7572821339274555
2016-04-12,0.7417273090553266
2016-04-13,0.7430601361364222
2016-04-14,0.744510169470274
2016-04-15,0.7447169742747852
2016-04-18,0.7456984811111724
2016-04-19,0.7438809230482871
2016-04-20,0.7417084625548649
2016-04-21,0.7386299448475351
2016-04-22,0.7318606076808905
2016-04-25,0.7238949475118415
2016-04-26,0.723608660124605
2016-04-27,0.7140364016993104
2016-04-28,0.7092566670488321
2016-04-29,0.7088891482451226
2016-05-03,0.7103835747482967
2016-05-04,0.7174632309059448
2016-05-05,0.7175930016514649
2016-05-06,0.7126180674886666
2016-05-09,0.7131938556313765
2016-05-10,0.7045651462646912
2016-05-11,0.6928794706989734
2016-05-12,0.6927441849129744
2016-05-13,0.6962942726033596
2016-05-16,0.6955157523224901
2016-05-17,0.6939975543499327
2016-05-18,0.685794932349346
2016-05-19,0.6877896314222598
2016-05-20,0.6894176323596726
2016-05-23,0.6909021327587438
2016-05-24,0.69689612593296
2016-05-25,0.6981770504888891
2016-05-26,0.698119982892581
2016-05-27,0.6921524800231033
2016-05-30,0.6959612462500477
2016-05-31,0.6938596234769364
2016-06-01,0.6959781692484672
2016-06-02,0.6943034400548582
2016-06-03,0.6964287413341378
2016-06-06,0.6965876964243698
2016-06-07,0.6984459709734532
2016-06-08,0.692523213046323
2016-06-13,0.6925332162149831
2016-06-14,0.6978902053580434
2016-06-15,0.6984769431442068
2016-06-16,0.695403368345829
2016-06-17,0.6964058778669302
2016-06-20,0.6956802982991548
2016-06-21,0.6972919665572336
2016-06-22,0.6942634790380028
2016-06-23,0.6960504576187878
2016-06-24,0.6954867895571171
2016-06-27,0.6965220067693682
2016-06-28,0.6949821051425855
2016-06-29,0.6904633089336907
2016-06-30,0.6880912809703639
2016-07-01,0.6897089396595464
2016-07-04,0.6877763115770015
2016-07-05,0.6688262586882815
2016-07-06,0.6715196299484296
2016-07-07,0.6779671276429051
2016-07-08,0.680736491440339
2016-07-11,0.6801055651435449
2016-07-12,0.6824668501683367
2016-07-13,0.6791767156497602
2016-07-14,0.678352854107372
2016-07-15,0.6797263288087254
2016-07-18,0.6796794203423099
2016-07-19,0.6779226071965361
2016-07-20,0.6768625972432372
2016-07-21,0.6715939265366478
2016-07-22,0.6717873839102368
2016-07-25,0.67131707916895
2016-07-26,0.6734295020552781
2016-07-27,0.67380110449638
2016-07-28,0.6751781065935221
2016-07-29,0.6717085857962906
2016-08-01,0.6633329454047777
2016-08-02,0.6679275658598974
2016-08-03,0.6683792689562098
2016-08-04,0.6673567175980709
2016-08-05,0.6697379453344293
2016-08-08,0.6689771987585605
2016-08-09,0.6711246382675805
2016-08-10,0.6679959426959361
2016-08-11,0.6650608614812671
2016-08-12,0.6618508881416715
2016-08-15,0.6655029363866485
2016-08-16,0.6686850740194091
2016-08-17,0.6678629771711242
2016-08-18,0.6687287688320149
2016-08-19,0.668288266287658
2016-08-22,0.668879721941556
2016-08-23,0.6699430021090065
2016-08-24,0.6692804976388796
2016-08-25,0.6700551862948791
2016-08-26,0.6670132463255213
2016-08-29,0.667911321945508
2016-08-30,0.6697611289460624
2016-08-31,0.6685099892693165
2016-09-01,0.6689787426410595
2016-09-02,0.667985108272176
2016-09-05,0.6670420560664412
2016-09-06,0.667776195740485
2016-09-07,0.6658910031942944
2016-09-08,0.6669928633444449
2016-09-09,0.6625580384504213
2016-09-12,0.6600201799183608
2016-09-13,0.6550070113466856
2016-09-14,0.6551844514665848
2016-09-19,0.6562165679184978
2016-09-20,0.6547300844400821
2016-09-21,0.6574147743877244
2016-09-22,0.6619677783130269
2016-09-23,0.6652468972959835
2016-09-26,0.6657784444585383
2016-09-27,0.6643707525597059
2016-09-28,0.6656583556748237
2016-09-29,0.6590325582592097
2016-09-30,0.6592520829325178
2016-10-10,0.6583173245343293
2016-10-11,0.6535434614802709
2016-10-12,0.657774714855337
2016-10-13,0.6592522286959365
2016-10-14,0.6575155755076375
2016-10-17,0.6592100869971903
2016-10-18,0.6585452551191306
2016-10-19,0.6564657958409742
2016-10-20,0.6479975548759411
2016-10-21,0.6495828495470446
2016-10-24,0.6477304126877219
2016-10-25,0.643658765727658
2016-10-26,0.6400707757979015
2016-10-27,0.6425791285933471
2016-10-28,0.6445791877574302
2016-10-31,0.6445510887936101
2016-11-01,0.6463928384604984
